Index_novo,product_id,title_orig,price,retail_price,units_sold,uses_ad_boosts,rating,rating_count,rating_five_count,rating_four_count,rating_three_count,rating_two_count,rating_one_count,tags,product_color,product_variation_inventory,countries_shipped_to,inventory_total,merchant_rating_count,merchant_rating,units_sold_EscalaFix,rating_Base1000Fix,product_color_GroupedColourFix,product_color_GroupedByImpactFix,urgency_textTierFix,badges_countFix,badge_local_productFix,badge_product_qualityFix,badge_fast_shippingFix,uses_ad_boostsFix,shipping_option_nameFix,shipping_option_priceFix,shipping_is_expressFix,product_variation_size_idFix,tagsTypesFix,tagsMaterialFix,has_urgency_bannerFix,origin_countryFix,retail_price_DifFix,retail_price_DIFP_Fix,uses_ad_boosts_Fix
1,5e9ae51d43d6a96e303acdb0,2020 Summer Vintage Flamingo Print  Pajamas Set Casual Loose T Shirt Top And Elastic Shorts Women Sleepwear Night Wear Loungewear Sets,16,14,100,0,3.76,54,26,8,10,1,9,"Summer,Fashion,womenunderwearsuit,printedpajamasset,womencasualshort,Women's Fashion,flamingo,loungewearset,Casual,Shirt,casualsleepwear,Shorts,flamingotshirt,Elastic,Vintage,Tops,tshirtandshortsset,Women,Sleepwear,Print,womenpajamasset,womennightwear,Pajamas,womensleepwearset",white,50,34,50,568,4.128521127,2. Baixo(100),752,Branco,1. Baixo Impacto,Scarcity,0,FALSE,FALSE,FALSE,0,Standard Delivery,2. Barato,2. Normal,07. M,"Roupa de Dormir, Camiseta, Roupa de Ficar em Casa, Pijama, Camisa, Shorts, Top, Conjunto, Lingerie","Algodão/Poliéster, Algodão/Viscose, Elastano, Poliéster, Algodão, Algodão/Denim, Nilon/Elastano",TRUE,CN,price_maior,-12,FALSE
2,58940d436a0d3d5da4e95a38,Women's Casual Summer Sleeveless Sexy Mini Dress,8,22,20000,1,3.45,6135,2269,1027,1118,644,1077,"Mini,womens dresses,Summer,Patchwork,fashion dress,Dress,Mini dress,Women's Fashion,Women S Clothing,backless,party,summer dresses,sleeveless,sexy,Casual",green,50,41,50,17752,3.899673276,5. Muito Alto(20000),690,Verde,3. Médio Impacto,Scarcity,0,FALSE,FALSE,FALSE,1,Standard Delivery,2. Barato,2. Normal,05. P (XS),Vestido,"Poliéster/Elastano, Algodão/Poliéster, Poliéster/Viscose, Poliéster, Algodão/Viscose, Algodão",TRUE,CN,retail_maior,175,TRUE
3,5ea10e2c617580260d55310a,2020 New Arrival Women Spring and Summer Beach Wear Long Thin Cardigan Open Front Kimono Green Leaf Printed Chiffon Cardigan S-5XL,8,43,100,0,3.57,14,5,4,2,0,3,"Summer,cardigan,women beachwear,chiffon,Sexy women,Coat,summercardigan,openfront,short sleeves,Swimsuit,Women's Fashion,leaf,Green,printed,Spring,longcardigan,Women,Beach,kimono",leopardprint,1,36,50,295,3.989830508,2. Baixo(100),714,Multicor/Estampado,4. Alto Impacto,Scarcity,0,FALSE,FALSE,FALSE,0,Standard Delivery,2. Barato,2. Normal,05. P (XS),"Cardigan, Casaco, Quimono, Camiseta, Maiô/Biquíni, Moda Praia","Algodão/Poliéster, Poliéster, Poliéster/Algodão, Viscose/Poliéster, Poliéster/Elastano, Nilon/Elastano, Algodão",TRUE,CN,retail_maior,438,FALSE
4,5cedf17ad1d44c52c59e4aca,Hot Summer Cool T Shirt for Women Fashion Tops Bee Printed Letters Short Sleeve O Neck Cotton T-shirts Tops Tee Clothing,8,8,5000,1,4.03,579,295,119,87,42,36,"Summer,Shorts,Cotton,Cotton T Shirt,Sleeve,printedletterstop,Clothing,Tops,Necks,short sleeves,Women's Fashion,Women Clothing,printed,Women,tshirtforwomen,Fashion,T Shirts,Shirt",black,50,41,50,23832,4.02043471,4. Alto(10000),806,Preto,4. Alto Impacto,None,0,FALSE,FALSE,FALSE,1,Standard Delivery,2. Barato,2. Normal,07. M,"Camiseta, Camisa, Shorts, Top","Algodão/Poliéster, Algodão, Poliéster",FALSE,CN,iguais,0,TRUE
5,5ebf5819ebac372b070b0e70,Women Summer Shorts Lace Up Elastic Waistband Loose Thin Casual Pants Plus Size S-8XL,2.72,3,100,1,3.1,20,6,4,2,2,6,"Summer,Plus Size,Lace,Casual pants,Bottom,pants,Loose,Women's Fashion,Shorts,Lace Up,Elastic,Casual,Women",yellow,1,35,50,14482,4.001588178,2. Baixo(100),620,Laranja/Amarelo,3. Médio Impacto,Scarcity,0,FALSE,FALSE,FALSE,1,Standard Delivery,2. Barato,2. Normal,06. P (S),"Parte de Baixo, Calça, Shorts","Algodão/Poliéster, Elastano, Renda, Algodão",TRUE,CN,retail_maior,10,TRUE
6,5ec645bafd107a02279c8c54,Plus Size Summer Women Casual Sleeveless Rompers Jumpsuits Solid Color Suspender Ttrousers Loose Overalls,3.92,9,10,0,5,1,1,0,0,0,0,"Deep V-Neck,Summer,Plus Size,Spaghetti Strap,Overalls,Women's Fashion,sleeveless,Women,Casual,jumpsuit",navyblue,1,40,50,65,3.507692308,1. Micro(10),1000,Azul,3. Médio Impacto,None,0,FALSE,FALSE,FALSE,0,Standard Delivery,2. Barato,2. Normal,05. P (XS),"Macacão, Jardineira/Macacão","Algodão/Poliéster, Poliéster/Elastano, Denim, Algodão",FALSE,CN,retail_maior,130,FALSE
7,5c63a337d5e2ce4bbb3152cf,Women Fashion Loose Lace Blouse V Neck Bat Sleeves T Shirt Hollow Out Tops Plus Size XS-8XL,7,6,50000,0,3.84,6742,3172,1352,971,490,757,"blouse,Women,lace t shirt,summer t-shirts,Lace,Sleeve,Women Blouse,loose shirt,Short Sleeve Blouses,Pure Color,Womens Blouse,Bat,lace shirts,Necks,Women's Fashion,Plus Size,loose t-shirt,Short Sleeve T-Shirt,Fashion,Tops,Shirt",white,50,31,50,10194,4.076515597,6. Crítico(>20000),768,Branco,1. Baixo Impacto,None,0,FALSE,FALSE,FALSE,0,Standard Delivery,2. Barato,2. Normal,05. P (XS),"Blusa, Camisa, Camiseta, Top","Algodão/Poliéster, Poliéster/Viscose, Renda, Renda/Poliéster, Renda/Algodão, Algodão/Viscose, Algodão",FALSE,CN,price_maior,-14,FALSE
8,5e0ae5ebc2efb76ccf0a3391,Women's Baggy Tunic Dress Summer Dress Denim Dress Denim Shirt Dress Shift Dress,12,11,1000,0,3.76,286,120,56,61,18,31,"Jeans,Fashion,tunic,Shirt,Summer,Dress,Denim,summer dress,denimjeansdres,short sleeves,casual dresses,Women's Fashion,Tunic dress,minishirtdres,Lines,mididre",blue,50,139,50,342,3.68128655,3. Médio(1000),752,Azul,3. Médio Impacto,None,0,FALSE,FALSE,FALSE,0,Standard Delivery,2. Barato,2. Normal,07. M,"Vestido, Jeans, Camisa, Camiseta, Túnica","Algodão/Poliéster, Algodão/Viscose, Denim, Algodão",FALSE,CN,price_maior,-8,FALSE
9,5e6f1fb7fe4a5bb4b8bf36e5,Women's Summer Casual Dress Fashion Short Sleeve Slim Dress,11,84,100,1,3.47,15,6,2,3,1,3,"slim dress,summer dress,womenshortsleevedre,Sleeve,Summer,Dress,slim,short sleeves,Women's Fashion,Shorts,boho dress,slimfitdre,Fashion,Casual",black,50,36,50,330,3.803030303,2. Baixo(100),694,Preto,4. Alto Impacto,Scarcity,0,FALSE,FALSE,FALSE,1,Standard Delivery,2. Barato,2. Normal,07. M,"Vestido, Camiseta, Shorts","Viscose/Poliéster, Algodão/Poliéster, Algodão/Elastano, Poliéster/Elastano, Algodão/Viscose, Algodão",TRUE,CN,retail_maior,664,TRUE
10,5ccfaf238a8d535cec2dfb47,Summer Women Plus Size Casual Loose V Neck Short Sleeve Floral Printed Blouse Tops,5.78,22,5000,0,3.6,687,287,128,92,68,112,"blouse,Summer,Plus Size,Floral print,Necks,Sleeve,summer shirt,Loose,short sleeves,Casual,T Shirts,Shorts,Fashion,Floral,Women,Women's Fashion,Tops,printed",beige,50,33,50,5534,3.999819299,4. Alto(10000),720,Tons Neutros,2. Baixo a Médio Impacto,None,0,FALSE,FALSE,FALSE,0,Standard Delivery,2. Barato,2. Normal,06. P (S),"Blusa, Camisa, Camiseta, Shorts, Top","Poliéster/Viscose, Algodão/Poliéster, Poliéster, Algodão",FALSE,CN,retail_maior,281,FALSE
11,5cac5af68de7960d89e54fe0,Women's Fashion Summer Loose Sleeveless Pockets Solid Color Maxi Dress Casual Dress Plus Size,5.79,5,1000,0,3.46,613,245,101,81,61,125,"Summer,Plus Size,long dress,plus size dress,Dress,Women's Fashion,maxi dress,Casual,beach dress,Sleeveless dress,summer dresses,women dress,Fashion,loose dress,sleeveless",grey,2,25,50,9470,3.956810982,3. Médio(1000),692,Cinzento,2. Baixo a Médio Impacto,Scarcity,0,FALSE,FALSE,FALSE,0,Standard Delivery,2. Barato,2. Normal,04. PP (XXS),Vestido,"Algodão/Poliéster, Algodão/Viscose, Viscose/Poliéster, Viscose/Algodão",TRUE,CN,price_maior,-14,FALSE
12,5ec49d527d7044ccfa3f1c04,Summer Sexy Women Fashion Casual Loose Tops Casual T-Shirt Summer V-Neck Solid Color Plus Size Short Sleeve Blouse,6,8,100,1,3.31,13,3,4,3,0,3,"Summer,Plus Size,Cotton T Shirt,womens shirt,summer t-shirts,short sleeves,V-neck,T Shirts,Fashion,sexy,Casual,Women,blouse,Shorts,Sleeve,Pure Color,Women's Fashion,Pullovers,Tops",lightblue,2,40,50,3515,3.983783784,2. Baixo(100),662,Azul,3. Médio Impacto,Scarcity,0,FALSE,FALSE,FALSE,1,Standard Delivery,2. Barato,2. Normal,05. P (XS),"Blusa, Camiseta, Pulôver, Camisa, Shorts, Top","Poliéster/Viscose, Algodão/Poliéster, Algodão, Poliéster/Elastano",TRUE,CN,retail_maior,33,TRUE
13,5e9da39dc737cf255eddd4bf,New Women's Summer Causal Shorts Drawstring Short Pants Loose Short Pants,1.91,6,1000,1,3.45,141,49,29,24,14,25,"Summer,Women,Shorts,pants,Loose,Short pants,drawstring,Causal",orange,1,38,50,557,4.123877917,3. Médio(1000),690,Laranja/Amarelo,3. Médio Impacto,None,0,FALSE,FALSE,FALSE,1,Standard Shipping,2. Barato,2. Normal,05. P (XS),"Calça, Shorts","Algodão/Poliéster, Algodão",FALSE,CN,retail_maior,214,TRUE
14,5d1db3c0e2b5cc0f74e091af,Women Fashion Sleeveless Deep Neck Cross Spaghetti Strap Solid Color Tank Top Loose Blouse Beach Vest Top and Blouse Summer Casual T-shirts Plus Size,5.79,42,1000,0,3.32,121,36,24,23,19,19,"Summer,Vest,summer t-shirts,looseblouse,Cross,tank top,Spaghetti Strap,Sleeveless Shirt,Plus Size,topandblouse,deepneck,Spaghetti,Casual,Women Fashion,Women,blouse,Tank,Necks,Beach,Tops,beachvest,Women's Fashion,T Shirts,Fashion,sleeveless",red,50,43,50,5083,3.947471965,3. Médio(1000),664,Vermelho,4. Alto Impacto,None,0,FALSE,FALSE,FALSE,0,Standard Delivery,2. Barato,2. Normal,06. P (S),"Colete, Blusa, Camisa, Camiseta, Regata, Top","Algodão/Poliéster, Poliéster/Viscose, Poliéster/Elastano, Viscose/Poliéster, Algodão",FALSE,CN,retail_maior,625,FALSE
15,5cc2ce18bc97595b6549fa14,2019 Summer Women's Fashion New Sleeveless Polka Dot V-neck Strap Mini Backless Casual Top Dresses,2,2,20000,1,3.65,2457,984,481,459,206,327,"Summer,Fashion,Mini,Dress,Loose,Polkas,V-neck,Tops,Women's Fashion,black,polka dot,sleeveless,backless,Casual,Women Fashion",yellow,1,36,50,55499,4.138885385,5. Muito Alto(20000),730,Laranja/Amarelo,3. Médio Impacto,None,0,FALSE,FALSE,FALSE,1,Standard Delivery,2. Barato,2. Normal,06. P (S),"Vestido, Top","Poliéster/Elastano, Algodão/Poliéster, Poliéster, Algodão",FALSE,CN,iguais,0,TRUE
16,5c85d47641ec3b55d4d14f79,Summer Fashion Flare Sleeve Plus Size T-shirt Off The Shoulder Cute Solid Color Top Long Sleeve Shirt,11,81,1000,0,3.92,426,204,94,62,21,45,"Summer,Plus Size,Shirt,Sleeve,cute,Long Sleeve,flare,Tops,topsamptshirt,Women's Fashion,Clothes for women,cuteshirt,Fashion,long sleeve t shirt,solidcolorshirt,Summer Fashion,loose t-shirt,T Shirts",Black,50,41,50,39381,4.066326401,3. Médio(1000),784,Preto,4. Alto Impacto,None,0,FALSE,FALSE,FALSE,0,Standard Delivery,2. Barato,2. Normal,06. P (S),"Camisa, Camiseta, Top","Algodão/Poliéster, Algodão",FALSE,CN,retail_maior,636,FALSE
17,5cd3e795ebe403118bbc0f89,New Summer Women's Fashion Sleeveless Polka Dot V-neck Dress Strap Mini Backless Party Dress Casual Top Dresses,11,10,10000,0,3.72,2058,840,435,386,158,239,"Summer,fashion women,Fashion,Mini,Dresses,Tops,Polkas,V-neck,Mini dress,Women's Fashion,Party Dress,backless,party,Sexy Dress,Dress,sleeveless,polka dot,Casual,casual dress",red,50,34,50,6302,3.958425897,4. Alto(10000),744,Vermelho,4. Alto Impacto,None,0,FALSE,FALSE,FALSE,0,Standard Delivery,2. Barato,2. Normal,08. G (L),"Vestido, Top","Poliéster/Elastano, Algodão/Poliéster, Algodão/Viscose, Poliéster, Algodão",FALSE,CN,price_maior,-9,FALSE
18,5b07a7c6e997b33c6f9947da,2018 New Fashion Women's Tops Sexy Strappy Sleeveless Lace Crop Tops,5,25,100000,1,3.83,17980,8290,3483,2951,1410,1846,"blouse,Plus Size,Lace,lace top,Tops,Fashion,strappy,sexy,sleeveless,summer tops,Women Fashion",white,50,41,50,139223,3.933581377,6. Crítico(>20000),766,Branco,1. Baixo Impacto,Scarcity,0,FALSE,FALSE,FALSE,1,Standard Delivery,2. Barato,2. Normal,06. P (S),"Blusa, Top","Poliéster/Viscose, Algodão/Poliéster, Renda, Renda/Poliéster, Poliéster/Elastano, Algodão",TRUE,CN,retail_maior,400,TRUE
19,5a8f82375e2ae101c8913122,5 Color Plus Size Summer New Women Fashion Ladies Casual Sleeveless Tops Summer Sexy Cutout Back Open Double Layer Tank Top(S-5XL),9,9,20000,0,3.82,5479,2456,1162,853,431,577,"Summer,Fashion,tunic,Women Vest,Tank,Tops,topsamptshirt,tank top,doublelayer,Women's Fashion,backless,sexy,Ladies,sleeveless,Casual,Women",blue,50,43,50,22089,4.081624338,5. Muito Alto(20000),764,Azul,3. Médio Impacto,None,0,FALSE,FALSE,FALSE,0,Standard Delivery,2. Barato,2. Normal,06. P (S),"Camisa, Regata, Top, Túnica, Colete","Poliéster/Elastano, Algodão/Poliéster, Poliéster, Algodão, Algodão/Viscose",FALSE,CN,iguais,0,FALSE
20,5cf648ce373ac2069fd6317d,S~5XL Zipper Vest Tee New V-neck Sleeveless Plus Size Slim Fit Tank Tops Summer Solid Color Casual Tops Blouses,7,7,1000,0,3.67,214,87,36,49,17,25,"blouse,Summer,Vest,Plus Size,Tank,zippers,Tops,Slim Fit,tank top,Women's Fashion,V-neck,topsampblouse,sleeveless,women top,slim,Casual",red,7,41,50,3592,4.062360802,3. Médio(1000),734,Vermelho,4. Alto Impacto,Scarcity,0,FALSE,FALSE,FALSE,0,Standard Delivery,2. Barato,2. Normal,06. P (S),"Blusa, Regata, Top","Poliéster/Viscose, Algodão/Poliéster, Algodão/Elastano, Algodão, Metal/Plástico",TRUE,CN,iguais,0,FALSE
21,57416238fc6f7d5d698f3c9f,Top Swimsuit Sets Fashion Swimwear Women Bikini 2016 Sexy Padded,11,10,5000,0,3.84,1183,506,274,216,81,106,"Fashion,Floral print,Tops,sexy bikini,Swimwear,Swimsuit,padded,Bikini,sexy,Women,Women's Fashion,Swimming",green,50,69,50,23609,4.25659706,4. Alto(10000),768,Verde,3. Médio Impacto,None,0,FALSE,FALSE,FALSE,0,Standard Delivery,2. Barato,2. Normal,06. P (S),"Biquíni, Maiô/Biquíni, Moda Praia, Top","Nilon/Elastano, Algodão/Poliéster, Poliéster/Viscose, Poliéster/Borracha, Poliéster, Poliéster/Elastano, Algodão",FALSE,CN,price_maior,-9,FALSE
22,5c244b73e6a1c618296f73db,Summer Women Fashion Vest Solid Color Women Sleeveless Cotton T-shirt Lace Up Hollow Sexy Slim Tank Tops Tee,5,6,20000,0,3.6,3552,1437,632,610,358,515,"Summer,Vest,Fashion,Tank,Lace,Tops,slim,Women's Fashion,tank top,T Shirts,Lace Up,topsamptee,sexy,sleeveless,Women,Women Fashion,Cotton",black,11,41,50,12913,3.981336637,5. Muito Alto(20000),720,Preto,4. Alto Impacto,None,0,FALSE,FALSE,FALSE,0,Standard Delivery,2. Barato,2. Normal,06. P (S),"Camisa, Camiseta, Regata, Top","Algodão, Algodão/Poliéster, Renda, Poliéster/Elastano, Algodão/Elastano",FALSE,CN,retail_maior,20,FALSE
23,5e1056784fff5f26e6f1745d,Dew Design Women Summer Fashion Sexy V-Neck Vest Button Spaghetti Strap Tank Top Cotton Sleeveless Tank Top Solid Color Camisole Casual Loose Tops Holiday Beach Wear Plus Size S-5XL 5 Colors,11,26,1000,0,3.38,72,27,11,11,8,15,"Women Vest,Vest,Fashion,buttontop,camisole,Summer,Spaghetti Strap,tank top,Women's Fashion,Plus Size,Design,V-neck,sleeveless,sexy,Spaghetti,summer tops,Cotton,Tank,Tops,Casual,Cotton Vest,Women,sleevelesstshirt,Casual Tops,Holiday,Beach,button",armygreen,2,51,50,4516,4.231842338,3. Médio(1000),676,Verde,3. Médio Impacto,None,0,FALSE,FALSE,FALSE,0,Standard Delivery,2. Barato,2. Normal,06. P (S),"Top, Camisete, Colete, Camisa, Camiseta, Regata","Algodão/Poliéster, Plástico/Metal, Poliéster/Viscose, Algodão, Algodão/Viscose, Poliéster/Elastano",FALSE,CN,retail_maior,136,FALSE
24,5d15731024c17f6b8b9bd97a,Summer Fashion Women Short Sleeve U-neck Slim T-shirt Casual Style Cotton Pullover Women Fashion Tee Plus Size Blouse Tops Tee,7,6,5000,1,3.67,510,213,98,85,45,69,"blouse,Summer,Shorts,Sleeve,fashiontee,Tops,slim,short sleeves,Pullovers,Women's Fashion,Plus Size,Summer Fashion,Cotton,Fashion,Casual,T Shirts,Women",armygreen,50,138,50,96838,4.264658502,4. Alto(10000),734,Verde,3. Médio Impacto,Scarcity,0,FALSE,FALSE,FALSE,1,Standard Delivery,2. Barato,2. Normal,07. M,"Blusa, Camiseta, Pulôver, Camisa, Shorts, Top","Poliéster/Viscose, Algodão/Poliéster, Algodão, Algodão/Elastano",TRUE,CN,price_maior,-14,TRUE
25,5c63adf7edc5d6528e8b1ca3,New Ladies Fashion Summer Tank Tops Sexy Backless Shirts Summer Vest Tops,5.71,5,1000,0,3.75,678,290,145,104,61,78,"Summer,Vest,Fashion,Tank,Shirt,backless top,summer shirt,topsamptshirt,tank top,Ladies,Sleeveless Shirt,backless,V-neck,solid color,sexy,summervest,Tops,Women Fashion,Ladies Fashion",black,19,43,50,80093,4.00669222,3. Médio(1000),750,Preto,4. Alto Impacto,None,0,FALSE,FALSE,FALSE,0,Standard Delivery,2. Barato,2. Normal,04. PP (XXS),"Top, Camisa, Colete, Regata","Poliéster/Elastano, Algodão/Poliéster, Algodão",FALSE,CN,price_maior,-12,FALSE
26,5bed2a42bdf0421a30e62c6c,2018 Summer Fashion Women Casual Camouflage Tank Top Sleeveless O-neck Vest,9,32,1000,0,4.15,567,323,116,58,28,42,"Summer,Vest,Fashion,Tank,Slim T-shirt,camouflage,Tops,camouflagevest,tank top,Cool T-Shirts,Women's Fashion,sleeveless tops,Women,Casual T-Shirt,Casual Tops,Military,Casual,sleeveless,t",armygreen,50,41,50,9395,4.110058542,3. Médio(1000),830,Verde,3. Médio Impacto,None,0,FALSE,FALSE,FALSE,0,Standard Delivery,2. Barato,2. Normal,07. M,"Colete, Camiseta, Top, Camisa, Regata","Algodão/Poliéster, Algodão, Algodão/Elastano",FALSE,CN,retail_maior,256,FALSE
27,5b5edbae1e222732845e655f,New Women Lace Crochet Bikini Cover Up Swimwear Bathing Suit Summer Swimwear,9,9,1000,0,4.03,216,105,48,39,12,12,"Summer,midsleevebeachblouse,summerswimsuit,womensummerswimwear,crochet,Cover,womenbeachblouse,Swimsuit,Bikini,beachblouse,Swimwear,bikinibeachcoverup,Women,women fashion dress,women bathing suit,budsilkblouse,Suits,Women's Fashion,Lace",no_color_specified,5,60,50,4298,4.229409027,3. Médio(1000),806,Não Informado,0. Não Informado,None,0,FALSE,FALSE,FALSE,0,Standard Delivery,2. Barato,2. Normal,07. M,"Blusa, Biquíni, Saída de Praia, Vestido, Conjunto/Terno, Moda Praia, Maiô/Biquíni","Algodão/Poliéster, Poliéster/Viscose, Nilon/Elastano, Renda/Poliéster, Poliéster, 5.Misto/Crochê, Renda, Poliéster/Algodão, Algodão",FALSE,US,iguais,0,FALSE
28,5a4f2d8f5dcd0221008b2c36," Spring/Summer Fashion Women ""honey""Letter Print Sleeveless Shirt Sexy Embroidered Bodycon Vest Knitted Cotton Vest Casual Tank Top ",5.65,5,20000,0,4.29,2996,1781,628,374,104,109,"Women Vest,Vest,Fashion,yoga top,low cut,Women's Fashion,off shoulder,sportwear,sleeveless,sexy,Casual,sexyvest,knitted,Tank,Shirt,Tops,Slim Fit,beach wear,soildcolor,Women,Print,Lace Up,Cotton,tank top",white,50,43,50,40943,4.017487727,5. Muito Alto(20000),858,Branco,1. Baixo Impacto,Scarcity,1,FALSE,TRUE,FALSE,0,Standard Delivery,2. Barato,2. Normal,06. P (S),"Moda Praia, Colete, Camisa, Regata, Top","Algodão/Poliéster, Nilon/Elastano, Algodão, Renda, Poliéster/Elastano, Poliéster, Algodão/Elastano",TRUE,CN,price_maior,-12,FALSE
29,5e5e09065b03ef0b420f333f,2020 New Fashion Summer Women Sleeveless Black White Pink Scalloped Trim Deep V Neck Lace Vest Solid Slim Tank Tops Tee,1.74,2,100,1,4.25,12,7,3,1,0,1,"pink,Vest,Fashion,Lace,Summer,outweartop,slim,tank top,Women's Fashion,sleeveless tops,summerwomentop,Women,Deep V-Neck,Tank,Necks,Women Fashion,lace top,Tops,lace vest,black,blackwhitepink,scallopedtrimtop,sleeveless,white",pink,50,41,50,18138,3.831513949,2. Baixo(100),850,Rosa,3. Médio Impacto,None,0,FALSE,FALSE,FALSE,1,Standard Delivery,2. Barato,2. Normal,05. P (XS),"Top, Colete, Regata","Algodão/Poliéster, Poliéster/Elastano, Renda, Renda/Poliéster, Poliéster/Renda, Algodão/Elastano, Algodão",FALSE,CN,retail_maior,15,TRUE
30,5cc0049aca0c3b3d01a87964,4 Color Women's Fashion Casual Solid Color tops Sleeveless Sheath Summer Fashion Plus Size Brief Pullover Strapless Short Cotton Tunic Top Crop Top,5.65,6,1000,0,4.06,301,156,70,34,18,23,"Summer,strapless,Plus Size,tunic,tunic top,Tops,Shorts,slim fit shirt,Women's Fashion,Fashion,topsamptee,women tank top,solid color,sleeveless,Pullovers,Casual,Cotton",white,50,54,50,7034,4.060278647,3. Médio(1000),812,Branco,1. Baixo Impacto,None,0,FALSE,FALSE,FALSE,0,Standard Delivery,2. Barato,2. Normal,10. XG (2XL),"Pulôver, Camisa, Shorts, Regata, Top, Túnica","Algodão/Poliéster, Algodão, Algodão/Elastano, Poliéster/Elastano, Algodão/Viscose",FALSE,CN,retail_maior,6,FALSE
31,5c9d920da94960780239d468,HODMEXI Fashion Love Graffiti Print Summer Dress Short Sleeve Party Dresses Plus Size Women Clothing Vestidos,14,76,100,0,4.06,31,17,4,6,3,1,"Summer,Plus Size,Love,plus size dress,Dress,short sleeves,Women's Fashion,Party Dress,Graffiti,uniquedres,Clothing,Bodycon Dress,casual dress,Shorts,Sleeve,summer dress,Cotton Dress,Women Clothing,print dress,Print,party,Short Sleeved,Women,Fashion",no_color_specified,50,36,50,51369,3.9682688,2. Baixo(100),812,Não Informado,0. Não Informado,Scarcity,0,FALSE,FALSE,FALSE,0,Standard Delivery,2. Barato,2. Normal,06. P (S),"Vestido, Camiseta, Shorts","Poliéster/Elastano, Algodão/Poliéster, Algodão/Viscose, Algodão, Poliéster, Poliéster/Viscose",TRUE,CN,retail_maior,443,FALSE
32,5c9ee457c233fd74ef4c8a84,Sweet Beading Cami Tank Tops for Women Spaghetti Strap Summer Vest Tops,5.65,6,1000,1,4.37,217,137,42,24,9,5,"tank top women,Vest,Beading,Cotton Shirt,camisole,Women Vest,Sweets,Tops,Spaghetti Strap,Women's Fashion,Spaghetti,Cami,Summer,Bandages,Tank,Women,Cool Tees,Shirt",black,10,38,50,44837,4.065905391,3. Médio(1000),874,Preto,4. Alto Impacto,None,1,FALSE,TRUE,FALSE,1,Standard Delivery,2. Barato,2. Normal,04. PP (XXS),"Camisete, Camiseta, Camisa, Regata, Top, Colete","Poliéster/Elastano, Metal/Plástico, Algodão/Poliéster, Poliéster/Viscose, Algodão",FALSE,CN,retail_maior,6,TRUE
33,5dc4488112f5e91a9d4bb52e,Summer Women Sling Dresses Casual Backless Dress Ladies Floral Printed Dress Swallowtail Dresses Slim Beach Dress,8,7,1000,0,3.81,443,215,76,65,29,58,"Summer,camisole,chiffon,Dress,slim,beach dress,Ladies,Women's Fashion,backless,printed,Floral,Robes,Beach,Casual,Women",khaki,4,46,50,3460,3.870809249,3. Médio(1000),762,Tons Neutros,2. Baixo a Médio Impacto,None,0,FALSE,FALSE,FALSE,0,Standard Delivery,2. Barato,2. Normal,06. P (S),"Vestido, Camisete, Robe","Poliéster/Elastano, Algodão/Poliéster, Algodão/Viscose, Poliéster/Viscose, Poliéster, Poliéster/Algodão, Algodão/Elastano, Algodão",FALSE,CN,price_maior,-12,FALSE
34,5b582d5ec4561c4f6b53feeb,Solid Color T-shirts Bandeau Yoga Vest Off Shoulder Women Strapless Bra Tube Crop Top,2.66,3,5000,0,3.44,1136,418,187,201,133,197,"Vest,Fashion,Yoga,SEXY CROP TOP,girl bra,Tops,strapless,topbra,Tee,Women's Fashion,straplesstanktop,T Shirts,Casual,Bras,Women",black,50,22,50,223392,4.306362806,4. Alto(10000),688,Preto,4. Alto Impacto,None,0,FALSE,FALSE,FALSE,0,Standard Delivery,2. Barato,2. Normal,07. M,"Sutiã, Cropped, Camisa, Top, Camiseta","Nilon/Elastano, Algodão/Poliéster, Poliéster/Elastano, Algodão",FALSE,CN,retail_maior,13,FALSE
35,5cae1d6c836ecb39e57e9e80,Women Fashion Vest Plus Size Loose Casual Pure Color Lace Sleeveless Camisole Summer Tank Tops,9,8,10000,0,3.8,1231,555,240,211,87,138,"Summer,Vest,Plus Size,Tank,Lace,Tops,Loose,beach wear,Women's Fashion,Pure Color,sleeveless,Fashion,Casual,Women Fashion,Women",yellow,50,45,50,10600,3.86754717,4. Alto(10000),760,Laranja/Amarelo,3. Médio Impacto,None,0,FALSE,FALSE,FALSE,0,Standard Shipping,2. Barato,2. Normal,06. P (S),"Moda Praia, Top","Algodão/Poliéster, Nilon/Elastano, Renda, Algodão",FALSE,CN,price_maior,-11,FALSE
36,5b10cf0b7cc4492c87411045,Floral Print Cold Shoulder Ruffled Summer Short Sleeve Flowy Blouse Plus Size Sexy Tops,11,10,1000,0,4.16,274,162,47,34,10,21,"blouse,Summer,Plus Size,Floral print,ruffled,Sleeve,Tops,sexyblouse,short sleeves,Floral,Women's Fashion,Shorts,Print,sexy,Fashion",white,50,31,50,13946,4.00014341,3. Médio(1000),832,Branco,1. Baixo Impacto,None,1,FALSE,TRUE,FALSE,0,Standard Delivery,2. Barato,2. Normal,06. P (S),"Blusa, Camiseta, Shorts, Top","Poliéster/Viscose, Algodão/Poliéster, Poliéster, Poliéster/Elastano, Algodão",FALSE,CN,price_maior,-9,FALSE
37,5eb4dcebdaa4b90940076979,Summer fashion female butterfly tank vest sleeveless round neck casual top,8,17,100,1,2.75,8,2,0,3,0,3,"butterflyprint,Vest,Plus Size,Necks,Tops,Spaghetti Strap,tank top,Casual,Round neck,Fashion,sleeveless tops,Casual Tops,summervest,womens vest",blue,50,40,50,47981,4.025364207,2. Baixo(100),550,Azul,3. Médio Impacto,None,0,FALSE,FALSE,FALSE,1,Standard Delivery,2. Barato,2. Normal,06. P (S),"Top, Colete, Regata","Poliéster, Algodão/Poliéster, Poliéster/Elastano, Algodão",FALSE,CN,retail_maior,112,TRUE
38,5c80e8a150c63d28c67b8f14,New Women Ladies Fashion Summer Skinny High Wasist Washed Short Jeans Pants,14,12,5000,1,4.06,643,365,109,73,33,63,"Women Pants,womens jeans,Shorts,Ladies Fashion,Hot pants,pants,Short pants,Women's Fashion,skinnyshort,summerpant,Fashion,Summer,Denim Shorts,solid color,sexy,Jeans,Ladies,Women Fashion,Women",navyblue,2,43,50,80093,4.00669222,4. Alto(10000),812,Azul,3. Médio Impacto,None,0,FALSE,FALSE,FALSE,1,Standard Delivery,2. Barato,2. Normal,04. PP (XXS),"Jeans, Calça, Shorts","Denim, Algodão/Poliéster, Poliéster/Elastano, Algodão",FALSE,CN,price_maior,-14,TRUE
39,5e7adc5458a95b3323a3c6eb,Women's Cotton Sleeveless Round Neck Shirt T-Shirt Loose Fit Pattern Print Sweatshirt,5.8,8,100,1,3.83,6,3,1,1,0,1,"Summer,Fashion,Shirt,Necks,Loose,Round neck,Womens T Shirts,T Shirts,Print,sleeveless,Sweatshirts,Cotton,graphicprint",armygreen,1,43,50,16741,3.920852996,2. Baixo(100),766,Verde,3. Médio Impacto,None,0,FALSE,FALSE,FALSE,1,Standard Delivery,2. Barato,2. Normal,05. P (XS),"Camisa, Camiseta","Algodão, Algodão/Poliéster, Poliéster",FALSE,CN,retail_maior,38,TRUE
40,5d2fd5a9af7a0c5b21369a05,5 Color Women's Fashion Summer Slim Sleeveless Camouflage Print Dress High Waist Lace Up Casual Pocket Mini Dresses Plus Size S-5XL,13,13,1000,0,4.16,138,82,27,10,7,12,"Summer,Plus Size,Lace,Mini,Dress,slim,camouflage,Mini dress,Pocket,high waist,Women's Fashion,Fashion,Lace Up,t,print dress,Print,sleeveless,bodycon,Casual,Women Fashion,Waist",pink,50,41,50,12913,3.981336637,3. Médio(1000),832,Rosa,3. Médio Impacto,Scarcity,1,FALSE,TRUE,FALSE,0,Standard Delivery,2. Barato,2. Normal,06. P (S),Vestido,"Algodão/Poliéster, Renda, Poliéster/Elastano, Poliéster, Poliéster/Viscose, Algodão/Elastano, Algodão",TRUE,CN,iguais,0,FALSE
41,556fbe8595528719e004fa27,Sexy Women Casual Striped T-shirt Long Tops Blouse Kaftan Beach Shirt Mini Dress,9,81,50000,0,4.26,5359,3111,1172,650,204,222,"blouse,Mini,Fashion,longtop,Shirt,kaftandresse,stripetee,Tops,short sleeves,Mini dress,T Shirts,Sexy Dress,Dress,Tops & Blouses,Beach,Women's Fashion,Casual,Women",black,50,40,50,59198,4.105054225,6. Crítico(>20000),852,Preto,4. Alto Impacto,None,1,FALSE,TRUE,FALSE,0,Standard Delivery,2. Barato,2. Normal,08. G (L),"Blusa, Vestido, Camisa, Camiseta, Top","Algodão/Poliéster, Poliéster/Viscose, Poliéster/Elastano, Algodão",FALSE,CN,retail_maior,800,FALSE
42,5ea69521f5e1e65a3c70faa8,Women's Summer Fashion Spaghetti Strap Floral Print Tie Front Mini Dress Sexy Dress,7,68,10,0,1.5,2,0,0,0,1,1,"Mini,spaghettistrapdresse,Floral print,Summer,womensfahsion,Spaghetti,Dress,summer dress,Print,minidressforwomen,Mini dress,spaghettishoulderstrapdre,Women's Fashion,floralprinteddre,Sexy Dress,Floral,sexy,Fashion",white,50,43,50,397,3.858942065,1. Micro(10),300,Branco,1. Baixo Impacto,None,0,FALSE,FALSE,FALSE,0,Standard Delivery,2. Barato,2. Normal,06. P (S),Vestido,"Algodão/Poliéster, Poliéster/Viscose, Poliéster/Elastano, Poliéster, Algodão/Viscose, Algodão",FALSE,CN,retail_maior,871,FALSE
43,5ea7e2d999ecf941204c42ee,NEW Red Bull Summer Mens Casual Shorts Pants Loose Cotton Movement Dry Quickly Fitness Shorts,12,14,100,1,3.79,24,11,6,2,1,4,"Summer,Shorts,pants,Fitness,Short pants,runningpant,Men's Fashion,Casual,Red,Cotton",black,50,22,50,196,4.020408163,2. Baixo(100),758,Preto,4. Alto Impacto,None,0,FALSE,FALSE,FALSE,1,Standard Shipping,2. Barato,2. Normal,06. P (S),"Calça, Shorts","Algodão/Poliéster, Algodão",FALSE,CN,retail_maior,17,TRUE
44,5e702eb03aa1f42076ffabc9,Summer New Women Fashion Let It ~ Bee Printed Casual Round Neck Graphic Tee Cute Short Sleeve Cotton T-shirts,3.69,40,100,0,3.53,59,22,11,12,4,10,"Summer,Shorts,Cotton,Cotton T Shirt,letter print,cute,teeshirthomme,short sleeves,Casual,Round neck,Women's Fashion,Fashion,printed,beetshirt,Women,Sleeve,T Shirts,Necks",grey,2,24,50,10917,4.364843822,2. Baixo(100),706,Cinzento,2. Baixo a Médio Impacto,Scarcity,0,FALSE,FALSE,FALSE,0,Standard Delivery,2. Barato,2. Normal,05. P (XS),"Camiseta, Camisa, Shorts","Algodão/Poliéster, Algodão, Poliéster",TRUE,CN,retail_maior,984,FALSE
45,57d3bc906cfeb9135f44ded5,New Fashion Women Ladies Crochet Kimono Tops Hollow Coat,5,5,10000,1,3.82,3208,1467,607,558,241,335,"Fashion,Tops & Blouses,Coat,Tops,tank top,Hollow,Jacket,Women's Fashion,kimono,crochet,Ladies,Women,Women Clothing",white,50,63,50,27055,4.151395306,4. Alto(10000),764,Branco,1. Baixo Impacto,Scarcity,1,TRUE,FALSE,FALSE,1,Standard Delivery,2. Barato,2. Normal,00. Não Informado,"Blusa, Casaco, Quimono, Regata, Top","Poliéster/Viscose, Algodão/Poliéster, Poliéster/Algodão, 5.Misto/Crochê, Viscose/Poliéster, Algodão",TRUE,CN,iguais,0,TRUE
46,5c136c3cb870cf4e458afee4,Women Spring and Summer Fashion Soild Color Vest Off Shoulder Bandage Vest Casual Low Cut Sport Wear Ladies Bodycon Sleeveless Tank Top,5.84,56,100,0,3.28,36,11,4,11,4,6,"Summer,off shoulder top,Fashion,crop top,Spring,Vest,yoga top,Women's Fashion,tank top,sexy,Sport,summer tops,Women,fashion women,Fashion tank top,Tank,summer tank top,Tops,sexy tank top,Casual,Ladies,sleeveless,women top",armygreen,50,43,50,40943,4.017487727,2. Baixo(100),656,Verde,3. Médio Impacto,None,0,FALSE,FALSE,FALSE,0,Standard Delivery,2. Barato,2. Normal,06. P (S),"Top, Regata","Algodão/Poliéster, Poliéster/Elastano, Algodão, Nilon/Elastano",FALSE,CN,retail_maior,859,FALSE
47,5e9a74e447f7d92c8db8d14b,Summer mens cool sport suit Sports Wear Casual Jogging Suits Short Sleeve Outfit Sets,16,14,10,0,3,3,0,2,0,0,1,"Summer,Shorts,women's jogging suits,Sleeve,shortsleeveset,Short pants,summersuitset,short sleeves,Sport,summerpant,mensjoggingsuit,Suits,Sport Suits,short sleeve shirt,Outfits,men's suits,Casual",green,2,34,50,31,3.548387097,1. Micro(10),600,Verde,3. Médio Impacto,None,0,FALSE,FALSE,FALSE,0,Standard Delivery,2. Barato,2. Normal,06. P (S),"Calça, Camisa, Shorts, Camiseta, Conjunto/Terno","Algodão/Poliéster, Poliéster/Algodão, Algodão",FALSE,CN,price_maior,-12,FALSE
48,5af6bc9c13927d50370db58a,Fashion Women Jumpsuits Slit Bohemia Maxi Long Dress Womens Printed Dress Rose Boho Beach Shorts,13,50,1000,0,4.03,855,451,165,120,51,68,"bohemia,sleeveless,printeddre,Rose,long dress,Vintage,Dress,Women's Fashion,Beach,boho,Shorts,midcalfdre,vestido,jumpsuit,maxi dress,printed,Vintage dress,Fashion,Women",red & blue,50,32,50,9136,4.085704904,3. Médio(1000),806,Multicor/Estampado,3. Médio Impacto,None,0,FALSE,FALSE,FALSE,0,Standard Delivery,2. Barato,2. Normal,06. P (S),"Vestido, Macacão, Shorts","Algodão/Poliéster, Viscose/Poliéster, Poliéster, Algodão, Algodão/Denim",FALSE,CN,retail_maior,285,FALSE
49,5d1573a55a16864c5de706ab,Plus Size Women's Fashion Loose Casual V neck long sleeve Floral print summer dress,9,8,10000,0,3.18,1783,535,289,344,189,426,"Summer,Plus Size,Floral print,Lace,Sleeve,Long Sleeve,Dress,Loose,V-neck,Floral,Women's Fashion,Fashion,Floral dress,summer dress,Print,Casual,Necks",white,50,24,50,10474,3.908535421,4. Alto(10000),636,Branco,1. Baixo Impacto,Scarcity,0,FALSE,FALSE,FALSE,0,Standard Delivery,2. Barato,2. Normal,06. P (S),Vestido,"Algodão/Poliéster, Poliéster/Viscose, Renda, Poliéster, Algodão/Viscose, Algodão",TRUE,CN,price_maior,-11,FALSE
50,5c9212fc8de79667e3c7ca59,"Summer Fashion New Women Letter Funny O-neck T-shirt "" I Only Look Up To You "" Love T-shirt / "" Don't Flatter Yourself "" Graphic Tee / March T-shirt",7,6,100,0,3.8,61,28,11,12,2,8,"Summer,Plus Size,Love,Graphic T-Shirt,Funny,summer t-shirts,short sleeves,T Shirts,Funny T Shirt,Women's Fashion,Fashion,Women",black,50,45,50,139607,4.216385998,2. Baixo(100),760,Preto,4. Alto Impacto,Scarcity,0,FALSE,FALSE,FALSE,0,Standard Delivery,2. Barato,2. Normal,06. P (S),"Camisa, Camiseta","Algodão/Poliéster, Algodão",TRUE,CN,price_maior,-14,FALSE
51,5ea2877224b9643185e52b58,Women Fashion Summer V Neck Camisole Vest Solid Color Tops Sleeveless T-shirt Loose Casual Plus Size Tank Tops,11,20,100,0,3.43,14,5,3,2,1,3,"Summer,Vest,Plus Size,Tank,Necks,Tops,Loose,Women's Fashion,tank top,T Shirts,Fashion,V-neck,solid color,sleeveless,women top,Casual,Women",white,50,34,50,3120,4.174679487,2. Baixo(100),686,Branco,1. Baixo Impacto,Scarcity,0,FALSE,FALSE,FALSE,0,Standard Delivery,2. Barato,2. Normal,06. P (S),"Camisa, Camiseta, Regata, Top","Algodão/Poliéster, Algodão",TRUE,CN,retail_maior,82,FALSE
52,5d806ae97c339c307264cf76,Women Fashion Swimwear Two Pieces Split Bikini Set Summer Printed Beach Bathing Swimsuits,5.84,11,1000,0,4.19,307,171,71,35,12,18,"Summer,sexy bathing suit,Bikinis Set,splitbikiniset,Swimwear,Swimsuit,Bikini,Fashion,Two Pieces,printed,Women's Fashion,Women,Beach,splits",blue,1,40,50,10377,4.172785969,3. Médio(1000),838,Azul,3. Médio Impacto,None,0,FALSE,FALSE,FALSE,0,Standard Delivery,2. Barato,2. Normal,04. PP (XXS),"Biquíni, Maiô/Biquíni, Moda Praia","Algodão/Poliéster, Nilon/Elastano, Poliéster, Poliéster/Elastano, Algodão",FALSE,CN,retail_maior,88,FALSE
53,5ee717cbcb636e7b8b597fc3,Womens Fashion 3D Skull Print Cut Out Back Tank Top Summer Sleeveless Graphic Shirt Slim Fit Cotton Gothic Tee Tops Plus Size Vest,1,11,1000,1,3.8,5,3,0,1,0,1,"Summer,Vest,Fashion,slim,gothicshirt,tank top,punkshirt,T Shirts,Plus Size,gothic,skullshirt,Goth,summer tops,Cotton,Tank,Shirt,skull,graphic tee,Tops,Slim Fit,Women's Fashion,Tops & T-Shirts,Print,sleeveless",blue,37,41,50,8197,3.858118824,3. Médio(1000),760,Azul,3. Médio Impacto,None,0,FALSE,FALSE,FALSE,1,Standard Delivery,2. Barato,2. Normal,04. PP (XXS),"Camisa, Top, Camiseta, Regata","Algodão, Algodão/Poliéster, Poliéster, Algodão/Elastano",FALSE,CN,retail_maior,1000,TRUE
54,5ebb9faea86f7a4d86e2f6fb,Women Loose Casual Printed V Neck Long Dress Plus Size Wave Point Dress Summer Dress,11,60,1000,1,3.38,37,15,3,9,1,9,"Summer,Plus Size,Necks,long dress,Dress,summer dress,V-neck,Women's Fashion,printed,wavepoint,Women,Loose,Casual,casual dress",white,49,25,50,703,3.960170697,3. Médio(1000),676,Branco,1. Baixo Impacto,Scarcity,0,FALSE,FALSE,FALSE,1,Standard Delivery,2. Barato,2. Normal,06. P (S),Vestido,"Algodão/Poliéster, Algodão/Viscose, Viscose/Poliéster, Poliéster, Algodão",TRUE,CN,retail_maior,445,TRUE
55,5ceb62be9795ee4693f2cd00,NEW Women's Summer Floral Sleeveless Spaghetti Strap Backless Casual Dress Short Dress MINI Dress Party Dress Plus Size S-5XL,9,8,5000,1,4.03,889,464,178,126,52,69,"Summer,Spaghetti Strap,short dress,Mini,Shorts,Dress,summer dress,Party Dress,Floral dress,Mini dress,Women's Fashion,Sleeveless dress,backless,Plus Size,sleeveless,Floral,party,Spaghetti,Casual,casual dress",blue & pink,50,33,50,16013,4.10884906,4. Alto(10000),806,Multicor/Estampado,3. Médio Impacto,None,0,FALSE,FALSE,FALSE,1,Standard Shipping,2. Barato,2. Normal,08. G (L),"Vestido, Shorts","Poliéster/Elastano, Algodão/Poliéster, Algodão/Viscose, Poliéster/Viscose, Poliéster, Algodão",FALSE,CN,price_maior,-11,TRUE
56,5af519e189a29b15fca1b13b,Women Sexy Lace Patchwork V-Neck Backless Summer Beach Mini Dress,6,56,1000,1,3.5,938,349,171,173,88,157,"Mini,Summer,pleated dress,Lace,women dresses,Dress,V-neck,Mini dress,backless,Sexy Dress,sexy lace,sleeveless,sexy,Beach,Women",RED,1,28,50,13309,3.876699977,3. Médio(1000),700,Vermelho,4. Alto Impacto,None,0,FALSE,FALSE,FALSE,1,Standard Delivery,2. Barato,2. Normal,00. Não Informado,Vestido,"Poliéster/Elastano, Algodão/Poliéster, Renda, Algodão",FALSE,CN,retail_maior,833,TRUE
57,5e81acbde187530740f207c6,New Fashion Summer Women Casual Dress Round Neck Loose Big Swing Skirt Sleeveless Soild Color Beach dress,1,10,100,0,3.56,52,22,8,9,3,10,"Summer,Fashion,Necks,Beach,Dress,Loose,beach dress,Round neck,Women's Fashion,sleeveless,Skirts,Casual,Women",white,2,40,50,91631,3.837936943,2. Baixo(100),712,Branco,1. Baixo Impacto,Scarcity,0,FALSE,FALSE,FALSE,0,Standard Delivery,2. Barato,2. Normal,04. PP (XXS),Vestido,"Algodão/Poliéster, Algodão/Viscose, Algodão",TRUE,nao_informado,retail_maior,900,FALSE
58,5c879aba202e6b38cd317164,Sexy Solid Ruffled Chiffon Sling Top Pure Color Women Summer Tank Top Plus Size,9,8,5000,0,4.06,743,400,142,103,45,53,"Summer,Plus Size,ruffle,ruffled,chiffon,Tank,Pure Color,Cami,tank top,Women's Fashion,Fashion,V-neck,blousesampshirt,sexy,Tops,Women",orange,50,41,50,20681,3.999371404,4. Alto(10000),812,Laranja/Amarelo,3. Médio Impacto,Scarcity,0,FALSE,FALSE,FALSE,0,Standard Delivery,2. Barato,2. Normal,06. P (S),"Blusa, Camisete, Camisa, Regata, Top","Poliéster/Viscose, Algodão/Poliéster, Poliéster, Poliéster/Elastano, Algodão",TRUE,CN,price_maior,-11,FALSE
59,5ed1b644b1e34008ce012d4b,Summer Women Sling Dress V-neck Floral Pleated Strap Casual Pocket Large Dress,6,6,100,0,4,8,5,0,1,2,0,"Summer,Sling,Dresses,Dress,V-neck,Casual,Pocket,Women's Fashion,Sleeveless dress,women dress,Floral,sleeveless,Women,loose dress,Pleated,casual dress",white & green,5,23,50,127,3.874015748,2. Baixo(100),800,Multicor/Estampado,1. Baixo Impacto,None,0,FALSE,FALSE,FALSE,0,Standard Delivery,2. Barato,2. Normal,05. P (XS),Vestido,"Algodão/Poliéster, Algodão/Viscose, Poliéster/Viscose, Viscose/Algodão, Algodão",FALSE,CN,iguais,0,FALSE
60,5d52b1d7314eb61030644375,Zanzea S-5XL Summer Women Crew Neck Sleeveless Graffiti Printed Casual Loose Maxi Dress Robes ,11,68,1000,0,4.13,211,120,37,31,8,15,"Summer,Plus Size,women39sfashion,Necks,Tunic dress,summer dress,Women's Fashion,Floral print,Casual,Crewneck,dressesforwomen,Graffiti,printeddre,sleeveless,Robes,Women,Dress,printed",red,50,40,50,11597,4.215228076,3. Médio(1000),826,Vermelho,4. Alto Impacto,None,0,FALSE,FALSE,FALSE,0,Standard Delivery,2. Barato,2. Normal,07. M,"Vestido, Robe, Túnica","Algodão/Poliéster, Poliéster/Viscose, Poliéster, Poliéster/Algodão, Algodão/Viscose, Algodão",FALSE,CN,retail_maior,518,FALSE
61,5ebff6d34a4cf4438dba5d80,Women's Summer New Fashion Sports Shorts Solid Color Elastic Shorts Female Slim Fit Running Short Pants Gym Workout Elastic Casual Sports Short Pants,7,6,50,0,4,4,3,0,0,0,1,"Summer,Fashion,Elastic,pants,slim,Short pants,Women's Fashion,Running,Shorts,Sport,Casual,Slim Fit",blue,50,139,50,34,4.352941176,2. Baixo(100),800,Azul,3. Médio Impacto,Scarcity,0,FALSE,FALSE,FALSE,0,Standard Delivery,2. Barato,2. Normal,05. P (XS),"Calça, Shorts","Algodão/Poliéster, Elastano, Algodão/Elastano, Algodão",TRUE,CN,price_maior,-14,FALSE
62,5eba6ecb9a9e129fb97b5dfd,Women s New Fashion Solid Color Pants Loose Casual Trousers Wide Leg Pants,5,38,50,1,5,2,2,0,0,0,0,"Summer,Fashion,pants,widelegpant,Women's Fashion,trousers,solid color,Wool,Casual,Women",khaki,17,33,50,9,3.666666667,2. Baixo(100),1000,Tons Neutros,2. Baixo a Médio Impacto,None,0,FALSE,FALSE,FALSE,1,Standard Delivery,2. Barato,2. Normal,05. P (XS),Calça,"Algodão/Poliéster, Algodão",FALSE,CN,retail_maior,660,TRUE
64,5d04e3db2ec1245228829a64,European and American Classic Fashion Summer Ladies Short-sleeved Cotton Dress,5.87,11,1000,1,3.91,209,100,41,34,17,17,"Summer,Fashion,night dress,Dress,Classics,short sleeves,Cotton Dress,Women's Fashion,european,Ladies,American,Large Size,Clothing,Pajamas,Cotton",white,6,29,50,6187,4.391304348,3. Médio(1000),782,Branco,1. Baixo Impacto,Scarcity,0,FALSE,FALSE,FALSE,1,Standard Delivery,2. Barato,2. Normal,06. P (S),"Vestido, Pijama, Camiseta","Algodão/Poliéster, Algodão, Algodão/Viscose",TRUE,CN,retail_maior,87,TRUE
65,5aec22cec25735338c544690,2018 New Fashion Women Casual Playsuit Ladies Jumpsuit Romper Summer Floral Playsuit Brand New (3 Colors),11,10,5000,0,3.72,1008,447,201,135,81,144,"Summer,Shorts,Rompers,Casual,Ladies,Women's Fashion,Fashion,off shoulder,sexy,Floral,sleeveless,Women,Beach,playsuit,jumpsuit",white,50,25,50,61895,4.268002262,4. Alto(10000),744,Branco,1. Baixo Impacto,None,0,FALSE,FALSE,FALSE,0,Standard Delivery,2. Barato,2. Normal,07. M,"Macacão, Shorts","Algodão/Poliéster, Poliéster/Viscose, Poliéster/Elastano, Algodão",FALSE,CN,price_maior,-9,FALSE
66,5ec5cf37cd3da70de19c3f18,Women Summer Three-color Stitching Short Sleeve Long Dress Ladies Casual V Collar Cotton Plus Size Long Dresses XS-5XL,8,10,100,0,2.71,7,1,1,2,1,2,"Summer,V Collar,Plus Size,Stitching,Sleeve,Dresses,Dress,summer dress,long dress,short sleeves,Casual,ladies dress,Women's Fashion,Shorts,Women,Ladies,women dress,Short Sleeved,Cotton,Collar,casual dress",red,4,20,50,224,3.892857143,2. Baixo(100),542,Vermelho,4. Alto Impacto,None,0,FALSE,FALSE,FALSE,0,Standard Delivery,2. Barato,2. Normal,05. P (XS),"Vestido, Camiseta, Shorts","Algodão/Poliéster, Algodão/Viscose, Algodão, Viscose/Poliéster",FALSE,CN,retail_maior,25,FALSE
67,5d034039c822d263d90f58d4,Plus Size 4XL 5XL Chinese Clothing Shirts for Men Cotton Linen Shirt Tops Summer ,14,67,1000,0,3.81,187,84,40,28,14,21,"Summer,Plus Size,Cotton,summershirtsformen,Chinese,loose shirt,cottonlinenshirt,Tops,buttonup,short sleeves,men shirt,Men's Fashion,Fashion,Men,solid color,Shirt,camisamen,Clothing,basictshirt,beachshirt",blue,50,40,50,11900,4.150756303,3. Médio(1000),762,Azul,3. Médio Impacto,None,0,FALSE,FALSE,FALSE,0,Standard Delivery,2. Barato,2. Normal,07. M,"Camisete, Camisa, Camiseta, Top","Algodão/Poliéster, Plástico/Metal, Algodão, Algodão/Viscose",FALSE,CN,retail_maior,379,FALSE
68,5e940265ea3640c9ca0353aa,New Fashion Summer Women Casual Dress Round Neck Loose Big Swing Skirt Sleeveless Soild Color Beach dress,2,9,100,0,3.47,32,11,6,5,7,3,"Summer,Fashion,Necks,Skirts,Dress,Loose,Women's Fashion,Round neck,beach dress,sleeveless,Beach,Casual,Women",white,1,40,50,4856,4.167627677,2. Baixo(100),694,Branco,1. Baixo Impacto,None,0,FALSE,FALSE,FALSE,0,Standard Delivery,2. Barato,2. Normal,04. PP (XXS),Vestido,"Algodão/Poliéster, Algodão/Viscose, Algodão",FALSE,CN,retail_maior,350,FALSE
69,5c9ca27e5aee12258c2f341c,Women Fashion Loose Casual Soild Color Camisole Sleeveless Lace Summer Tank Tops,8,7,10000,1,3.93,1670,823,340,250,89,168,"Summer,soildcolor,Plus Size,Tank,camisole,Tops,Loose,tank top,Women's Fashion,Fashion,sleeveless tops,sleeveless,Women,Lace,Casual,summerampspring",yellow,50,30,50,66644,4.137581778,4. Alto(10000),786,Laranja/Amarelo,3. Médio Impacto,None,0,FALSE,FALSE,FALSE,1,Standard Delivery,2. Barato,2. Normal,07. M,"Camisete, Top, Regata","Algodão/Poliéster, Poliéster/Viscose, Renda, Algodão",FALSE,CN,price_maior,-12,TRUE
70,5d29bc2ed35393550e31d6f3,Summer Beach Fashion Plus Size Women's Loose Short Sleeve Long Blouses Plus Size Deep V-neck Party Dress Ladies Casual Solid Color Beach Wear Swimsuit Cover-up Short Linen Dress,5.79,30,1000,1,3.41,212,73,49,23,25,42,"blouse,Plus Size,Summer,Dress,short sleeves,V-neck,beach dress,Fashion,Casual,Deep V-Neck,Shorts,Tops & Blouses,Sleeve,summer dress,Women's Fashion,Swimsuit,Party Dress,Ladies,party,linen dress,Beach,loose dress,Swimming",white,50,118,50,21012,4.189843899,3. Médio(1000),682,Branco,1. Baixo Impacto,None,0,FALSE,FALSE,FALSE,1,Standard Delivery,2. Barato,2. Normal,05. P (XS),"Vestido, Blusa, Camiseta, Shorts, Maiô/Biquíni, Top","Algodão/Poliéster, Algodão/Viscose, Poliéster/Viscose, Poliéster/Elastano, Viscose/Algodão, Poliéster, Nilon/Elastano, Algodão",FALSE,CN,retail_maior,418,TRUE
71,5e86c211d22ae539102d25c7,Trend Summer New Design Letter Printed Women T-shirts Deep V-neck Sleeveless Shirts Casual Tank Tops,8,22,100,1,3.74,47,24,5,6,6,6,"Deep V-Neck,Summer,Plus Size,Tank,Shirt,rodeotank,Tops,Sleeveless Shirt,tank top,Women's Fashion,women shirt,V-neck,sleeveless,Design,T Shirts,Women,countrymusicshirt,Casual,countrythunder,printed",winered,50,41,50,50593,3.876761607,2. Baixo(100),748,Vermelho,4. Alto Impacto,None,0,FALSE,FALSE,FALSE,1,Standard Delivery,2. Barato,2. Normal,06. P (S),"Camisa, Camiseta, Regata, Top","Algodão/Poliéster, Poliéster/Elastano, Poliéster, Algodão",FALSE,CN,retail_maior,175,TRUE
72,5d2407e66e8e037b4dd9fad3,Summer Women Round Neck Dress Casual Sleeveless Dress Floral Printed Dress Slim Flower Dress,4.94,5,10000,1,3.93,1331,659,255,199,101,117,"Summer,dress slim,Fashion,neck dress,Necks,Dress,slim,Round neck,Women's Fashion,Sleeveless dress,Flowers,Floral,sleeveless,printed,Casual,Women",black & green,6,49,50,55670,4.121483743,4. Alto(10000),786,Multicor/Estampado,3. Médio Impacto,None,0,FALSE,FALSE,FALSE,1,Standard Delivery,2. Barato,2. Normal,07. M,Vestido,"Algodão/Poliéster, Poliéster/Viscose, Poliéster, Algodão/Viscose, Algodão/Elastano, Algodão",FALSE,CN,retail_maior,1,TRUE
73,5b0386696040cc41f2331c83,2018 Women Ladies Fashion Musical Note Asymmetric Tank Top,8,7,10000,0,3.82,2520,1220,433,365,203,299,"Summer,Fashion,tunic,Ladies Fashion,asymmetric,Tops,tank top,Women's Fashion,Music,Ladies,Tank,Printed T Shirts,Women",orange,50,14,50,8821,3.872009976,4. Alto(10000),764,Laranja/Amarelo,3. Médio Impacto,Scarcity,0,FALSE,FALSE,FALSE,0,Standard Delivery,2. Barato,2. Normal,07. M,"Camisa, Camiseta, Regata, Top, Túnica","Algodão/Poliéster, Poliéster, Algodão, Algodão/Viscose",TRUE,CN,price_maior,-12,FALSE
74,5d5d038d99df1e17cc9313cf,Women Summer Printed Plus Size Loose Casual Trousers Harlan Pants Long Pants,11,10,100,1,3.46,50,20,7,8,6,9,"Summer,trousers,Casual pants,pants,Bottom,fashion pants,chiffonpant,Long pants,widelegpant,harem pants,summerpant,Plus Size,printed,Women's Fashion,Casual,Women",black,50,41,50,225438,4.301120485,2. Baixo(100),692,Preto,4. Alto Impacto,None,0,FALSE,FALSE,FALSE,1,Standard Delivery,2. Barato,2. Normal,06. P (S),"Parte de Baixo, Calça","Algodão/Poliéster, Poliéster, Algodão",FALSE,CN,price_maior,-9,TRUE
75,5ed0dfc51fa8446451b19c0d,Fashion Women Sleeveless Lace Vest Loose V Neck Solid Silk  Lady Casual Sexy Black Tank Tops,8,33,10,0,5,0,0,0,0,0,0,"Vest,Fashion,Lace,V-neck,Women's Fashion,lacebra,sexy,silk,Casual,Women,Tank,Necks,casualsuspendertop,lace top,Tops,lace vest,slingtop,black,sleeveless",black,50,25,50,1496,4.169786096,1. Micro(10),1000,Preto,4. Alto Impacto,None,0,FALSE,FALSE,FALSE,0,Standard Delivery,2. Barato,2. Normal,06. P (S),"Top, Colete","Algodão/Poliéster, Renda, Renda/Poliéster, Poliéster/Elastano, Algodão",FALSE,CN,retail_maior,312,FALSE
76,5eb0f23c904507255ca6530c,New trend round neck heart-shaped t-shirt casual loose tops women cute funny t-shirt plus size,9,33,50,1,4.5,4,2,2,0,0,0,"blouse,Summer,Plus Size,Shirt,Heart,womens shirt,print shirt,Tops,short sleeves,Round neck,Funny,Women's Fashion,cute,Women,Casual,Necks",white,50,41,50,8397,4.120281053,2. Baixo(100),900,Branco,1. Baixo Impacto,None,0,FALSE,FALSE,FALSE,1,Standard Delivery,2. Barato,2. Normal,06. P (S),"Blusa, Camisa, Camiseta, Top","Poliéster/Viscose, Algodão/Poliéster, Poliéster, Algodão",FALSE,CN,retail_maior,267,TRUE
77,5e4267d60640954a435e64f5,Women Fashion Short Jumpsuit Spaghetti Strap Sleeveless Rompers Summer One Piece Set Casual Summer Outfits,7,6,100,0,4.26,53,30,14,5,1,3,"Summer,Shorts,Women,shortromper,Spaghetti,onepiece,Spaghetti Strap,One-Piece Suits,shortjumpsuit,Women's Fashion,Fashion,Casual,summerjumpsuit,sleeveless,Rompers,women Jumpsuit,playsuit,jumpsuit",armygreen,50,31,50,2055,3.837956204,2. Baixo(100),852,Verde,3. Médio Impacto,Scarcity,0,FALSE,FALSE,FALSE,0,Standard Delivery,2. Barato,2. Normal,06. P (S),"Macacão, Shorts, Conjunto/Terno","Algodão/Poliéster, Poliéster/Elastano, Poliéster/Algodão, Algodão",TRUE,CN,price_maior,-14,FALSE
78,5b29e5b5080ea2661b2287f6,New Fashion Women Casual Shorts Suit Summer Tie-dye Print Halter Bandage Sleeveless Backless Crop Top and Elastic Waist Shorts Pants Two Piece Set,11,10,10000,0,4.24,1045,644,183,114,38,66,"bandage top,Fashion,crop top,Halter,Summer,Women Set,elasticwaistshort,Women's Fashion,elastic waist,Casual,Women,Shorts,Waist,Elastic,Tops,pants,shortssuit,backless,Suits,Print,sleeveless,twopiecesset",purple,50,36,50,9200,4.289673913,4. Alto(10000),848,Roxo,3. Médio Impacto,None,0,FALSE,FALSE,FALSE,0,Standard Delivery,2. Barato,2. Normal,06. P (S),"Calça, Shorts, Conjunto/Terno, Top","Poliéster/Elastano, Algodão/Poliéster, Elastano, Poliéster, Poliéster/Algodão, Algodão",FALSE,CN,price_maior,-9,FALSE
79,5eafcf8a1f07813cd5404b52,Good Vibes Shirt Summer Shirt Rainbow Shirt Rainbow Pattern Shirt Letter Print Shirt Round Neck Short Sleeve Shirt Splicing Shirt Solid Colour Cotton Shirt Slim Fit Top Plus Size S-5XL,8,92,100,0,3.56,16,6,5,0,2,3,"Summer,Plus Size,letter print,print shirt,summer t-shirts,short sleeves,Women's Fashion,Fashion,slimtop,slim,Women Fashion,Necks,rainbow,Shorts,Cotton Shirt,Shirt,Sleeve,graphic tee,Tops,Slim Fit,Round neck,women shirt,Tops & T-Shirts,Print,Cotton",yellow,50,55,50,7076,3.968061051,2. Baixo(100),712,Laranja/Amarelo,3. Médio Impacto,None,0,FALSE,FALSE,FALSE,0,Standard Delivery,2. Barato,2. Normal,06. P (S),"Camisa, Camiseta, Shorts, Top","Algodão, Algodão/Poliéster, Poliéster, Algodão/Elastano",FALSE,CN,retail_maior,1050,FALSE
80,5c91e1ecb14bfa747e277427,2019 Women's Fashion Swimwear Two Pieces Split Bikini Set Summer Printed Beach Bathing Swimsuits,5.83,5,10000,1,4.22,2055,1162,488,212,83,110,"Summer,sexy bathing suit,Bikinis Set,Swimwear,Swimsuit,Bikini,splitbikiniset,Fashion,Two Pieces,printed,Women's Fashion,Beach,splits",whitefloral,1,35,50,126370,4.146957347,4. Alto(10000),844,Multicor/Estampado,1. Baixo Impacto,None,0,FALSE,FALSE,FALSE,1,Standard Shipping,2. Barato,2. Normal,06. P (S),"Biquíni, Maiô/Biquíni, Moda Praia","Algodão/Poliéster, Nilon/Elastano, Poliéster, Poliéster/Elastano, Algodão",FALSE,CN,price_maior,-14,TRUE
81,5ccd341e8cc067595fcba7c4,S-6XL Summer Cotton Plus Size Women Fashion Loose Casual Sleeveless Striped Sling Mini Dress,8,7,1000,0,3.42,373,144,57,60,35,77,"Summer,Plus Size,Mini,Dress,Mini dress,Women's Fashion,Fashion,slingdres,sleeveless,women dress,Striped,Women,Casual,Cotton",pink,50,63,50,1322,3.965204236,3. Médio(1000),684,Rosa,3. Médio Impacto,None,0,FALSE,FALSE,FALSE,0,Standard Delivery,2. Barato,2. Normal,06. P (S),Vestido,"Algodão/Poliéster, Algodão, Poliéster/Elastano",FALSE,CN,price_maior,-12,FALSE
82,5ec773b5967eb036b2c2e668,7 Colors Tops 2018 Women Lady Sexy Summer Sleeveless Top Blouse Lace Vest Tank Shirt,5.77,5,100,1,4,4,1,2,1,0,0,"blouse,Summer,Vest,Plus Size,Tank,Lace,Women Skirts,Shirt,Dress,Plus size top,Tops,lace blouse,Women's Fashion,Fashion,sleeveless,blousesampshirt,sexy,Women,Casual,Cotton",armygreen,45,31,50,8996,3.915740329,2. Baixo(100),800,Verde,3. Médio Impacto,Scarcity,0,FALSE,FALSE,FALSE,1,Standard Delivery,2. Barato,2. Normal,06. P (S),"Blusa, Vestido, Camisa, Top","Poliéster/Viscose, Algodão/Poliéster, Algodão, Renda, Poliéster/Elastano",TRUE,CN,price_maior,-13,TRUE
83,5de079e771151e6e9e85ee05,XS-8XL Women's Fashion Summer Sleeveless Floral Printing Sling Dress Deep V-Neck Slim Fit Big Swing Beach Skirts Loose Casual Long Maxi Dresses Ladies Plus Size Party Dresses,5.9,5,10000,0,3.64,1933,867,298,299,151,318,"Summer,Fashion,plus size dress,Dress,slim,V-neck,Women's Fashion,Plus Size,sleeveless,Floral,Party Dresses,Skirts,Casual,casual dress,Deep V-Neck,party,Slim Fit,print dress,Evening Dress,Ladies,women dress,Beach",grey,4,30,50,2366,3.951817413,4. Alto(10000),728,Cinzento,2. Baixo a Médio Impacto,None,0,FALSE,FALSE,FALSE,0,Standard Delivery,2. Barato,2. Normal,05. P (XS),Vestido,"Algodão/Poliéster, Algodão/Viscose, Poliéster/Elastano, Poliéster/Viscose, Poliéster, Algodão/Elastano, Algodão",FALSE,CN,price_maior,-15,FALSE
84,5e97e0c7cb3cec329c7b4e98,Sexy Women Solid Color Strappy Mini Dress Summer Fashion Sleeveless Short Dress Plus Size,6,20,100,0,3.08,13,4,2,2,1,4,"strappydre,Mini,summer dress,short dress,Summer,Shorts,Dress,Slim Fit,V-neck,Mini dress,Women's Fashion,Sleeveless dress,strappy,Plus Size,Sexy Dress,solid color,sexy,Fashion,sleeveless,Women",red,50,43,50,2776,3.931195965,2. Baixo(100),616,Vermelho,4. Alto Impacto,None,0,FALSE,FALSE,FALSE,0,Standard Delivery,2. Barato,2. Normal,06. P (S),"Vestido, Shorts","Algodão/Poliéster, Poliéster/Elastano, Algodão/Viscose, Algodão/Elastano, Algodão",FALSE,CN,retail_maior,233,FALSE
85,5ad987d8918dae087d633040,2018 Summer Fashion Women Tank Tops Sexy Women Sleeveless Crop Tops Casual Style Women Cotton Print Lace Stitching Irregular Blouse Tops（S-5XL),7,6,50000,1,4.41,17444,11548,3191,1632,507,566,"blouse,Summer,Plus Size,Tank,Lace,Tops,topsamptshirt,tank top,Women's Fashion,Fashion,Loose,topsampblouse,Print,sleeveless,sexy,Cotton,Casual,Women",green,2,35,50,126370,4.146957347,6. Crítico(>20000),882,Verde,3. Médio Impacto,None,1,FALSE,TRUE,FALSE,1,Standard Delivery,2. Barato,2. Normal,07. M,"Blusa, Camisa, Regata, Top","Poliéster/Viscose, Algodão/Poliéster, Algodão, Renda, Poliéster, Poliéster/Elastano",FALSE,CN,price_maior,-14,TRUE
86,5cc67417a01bbd6b6c066df2,New Summer Womens Fashion Plus Size Tops Trendy Sleeve Feather Print Lace Up V-neck Off Shoulder Blouse &Shirts S-5XL ,8,7,10000,1,3.7,1404,593,278,232,124,177,"blouse,Summer,Fashion,Lace,Tops,Loose,V-neck,Women's Fashion,Lace Up,Print,Short Sleeved,feather,Casual,Shirt",pink,1,48,50,4178,3.937529919,4. Alto(10000),740,Rosa,3. Médio Impacto,None,0,FALSE,FALSE,FALSE,1,Standard Delivery,2. Barato,2. Normal,07. M,"Blusa, Camisa, Top","Poliéster/Viscose, Algodão/Poliéster, Renda, Poliéster, Algodão",FALSE,CN,price_maior,-12,TRUE
87,5d0b4268d5c8e1784b6e23b4,Plus Size Summer Women Casual Dresses Deep V Neck Floral Printed Fold Sling Dresses,12,11,1000,0,3.81,341,163,63,48,21,46,"Deep V-Neck,Summer,slingdresse,Plus Size,Floral,Necks,women dresses,Dresses,vestdresse,floralprinted,Women's Fashion,printed,Dress,summer dresses,tunicdresse,Casual,Women",black & green,50,13,50,2248,4.150355872,3. Médio(1000),762,Multicor/Estampado,3. Médio Impacto,None,0,FALSE,FALSE,FALSE,0,Standard Delivery,2. Barato,2. Normal,06. P (S),"Vestido, Túnica","Algodão/Poliéster, Poliéster/Elastano, Poliéster/Viscose, Poliéster, Algodão/Viscose, Algodão",FALSE,CN,price_maior,-8,FALSE
88,5c061cf358603c4b35a19363,Women's 2019 Fashion Bandage SwimSuits Colorblock Bikini Sets Beachwear,5.78,8,20000,1,4,3975,2054,774,576,242,329,"bathing suit,two piece swimsuit,bikini set,Swimwear,Swimsuit,Bikini,bandage bikini,Push up bikini,Beach",pink,50,29,50,6555,4.184134249,5. Muito Alto(20000),800,Rosa,3. Médio Impacto,None,0,FALSE,FALSE,FALSE,1,Standard Shipping,2. Barato,2. Normal,05. P (XS),"Biquíni, Maiô/Biquíni, Moda Praia","Algodão/Poliéster, Nilon/Elastano, Algodão",FALSE,CN,retail_maior,38,TRUE
89,5e5f5289a950c34147f0d94b,Women Fashion Leopard Lips Crewneck Tee Short Sleeve Casual T-shirt,12,17,5000,0,3.94,387,189,76,67,21,34,"Summer,Fashion,cottontee,Sleeve,Tops & Tees,Leopard,short sleeves,Shorts,Round neck,T Shirts,lipsshirt,lip,Tops & T-Shirts,Casual Tops,Women's Fashion,Casual,Women Fashion,Women",white,50,43,50,1288,3.97826087,4. Alto(10000),788,Branco,1. Baixo Impacto,None,0,FALSE,FALSE,FALSE,0,Standard Delivery,2. Barato,2. Normal,06. P (S),"Top, Camisa, Camiseta, Shorts","Algodão/Poliéster, Algodão",FALSE,CN,retail_maior,42,FALSE
90,5cf5e44b3c8b9e101a5db52c,NEW Women Summer Floral Printed  Sleeveless Dress Sling Dress V-neck Backless Dress ,11,10,20000,1,4.07,3070,1635,642,392,177,224,"Sleeveless dress,Summer,Dresses,Dress,slingdre,Floral dress,Women's Fashion,Party Dress,backless,V-neck,bohemian dress,Floral,summer dresses,printed,Women,sleeveless,casual dress",floral,50,35,50,12974,3.965700632,5. Muito Alto(20000),814,Multicor/Estampado,4. Alto Impacto,None,0,FALSE,FALSE,FALSE,1,Standard Delivery,2. Barato,2. Normal,08. G (L),Vestido,"Poliéster/Elastano, Algodão/Poliéster, Algodão/Viscose, Poliéster/Viscose, Poliéster, Algodão",FALSE,CN,price_maior,-9,TRUE
91,5d78eb19cc404c03393c83b5,Summer Women Fashion Short Dress Sleeveless Waist Dress Camouflage Dress Bodycon Slim Fit Dress Plus Size S-5XL,8,51,100,0,4.29,31,19,5,5,1,1,"Summer,Plus Size,Dress,slim,short dress,Mini dress,Women's Fashion,Fashion,sleeveless,Party Dresses,Bodycon Dress,Women Fashion,casual dress,Shorts,Waist,Slim Fit,camouflage,Sleeveless dress,t,women dress,Women",pink,50,43,50,5846,3.832535067,2. Baixo(100),858,Rosa,3. Médio Impacto,None,1,FALSE,TRUE,FALSE,0,Standard Delivery,2. Barato,2. Normal,06. P (S),"Vestido, Shorts","Poliéster/Elastano, Algodão/Poliéster, Algodão/Viscose, Poliéster, Algodão/Elastano, Algodão",FALSE,CN,retail_maior,538,FALSE
93,544b079d1280fa28eee9b380,Women Stretchy Camisole Spaghetti Strap Long Tank Top Slip Mini Dress 4Color SIZE XXL is available Now ,5.77,48,100000,0,4.1,20744,11184,4152,2919,1174,1315,"Mini,Strapless Dress,Spaghetti Strap,Tank,Tops,slim,tank top,Mini dress,Women's Fashion,Fashion,Women,Dress,sleevelessdresse,bodycon,Spaghetti,Casual,casual dress",black,50,46,50,330405,4.067347649,6. Crítico(>20000),820,Preto,4. Alto Impacto,None,0,FALSE,FALSE,FALSE,0,Standard Delivery,2. Barato,2. Normal,05. P (XS),"Vestido, Regata, Top","Algodão/Poliéster, Algodão/Viscose, Poliéster/Elastano, Algodão/Elastano, Algodão",FALSE,CN,retail_maior,732,FALSE
94,5b35cab04f75026255f2364a,COMENII Women Summer Tunics T-shirt Dresses Fold Casual  robe femme Loose Swing Flare Short Sleeves Dress Beach Dress Sexy O-neck Plus Size Tank Tops Dress Pocket Dress Ruffles Party Mini Dress Ladies Fashion Solid Color Pleated Cotton Dress,9,8,20000,0,3.7,3820,1726,654,568,324,548,"Summer,short sleeve dress,Mini,Pleated,t-shirt dress,beach dress,Fashion,pocketsdres,summer dresses,Casual,Cotton,Ladies Fashion,Tops,Ladies,women dress,Robes,Women,Beach,Plus Size,ruffle,Dress,short sleeves,Mini dress,Pocket,Women's Fashion,party,sexy,casual dress,Shorts,Tank,Sleeve,T Shirts,Cotton Dress,loose dress",grey,44,20,50,15748,4.064643129,5. Muito Alto(20000),740,Cinzento,2. Baixo a Médio Impacto,None,0,FALSE,FALSE,FALSE,0,Standard Delivery,2. Barato,2. Normal,07. M,"Vestido, Robe, Camisa, Camiseta, Shorts, Top","Algodão/Poliéster, Algodão/Viscose, Algodão, Viscose/Algodão, Poliéster/Elastano, Poliéster, Poliéster/Algodão",FALSE,CN,price_maior,-11,FALSE
95,5ebe0ead593b960eb1c82d0b,Summer Women's Fashion Short Sleeve T Shirt Ladies Female V-neck Hollow Out Casual Loose Blouse Plus Size Tops,1.72,2,100,1,3.77,30,15,3,5,4,3,"blouse,Summer,Plus Size,Shirt,Sleeve,Tops,Loose,short sleeves,V-neck,T Shirts,Shorts,Fashion,Ladies,Women's Fashion,Casual,Women",fluorescentgreen,10,48,50,32168,3.884543646,2. Baixo(100),754,Verde,3. Médio Impacto,None,0,FALSE,FALSE,FALSE,1,Standard Delivery,2. Barato,2. Normal,05. P (XS),"Blusa, Camisa, Camiseta, Shorts, Top","Poliéster/Viscose, Algodão/Poliéster, Algodão",FALSE,CN,retail_maior,16,TRUE
96,5e958754a9136f26ddb12929,Women s New Fashion Solid Color Pants Loose Casual Trousers Wide Leg Pants,1.86,9,100,1,3.57,42,17,9,4,5,7,"Summer,Fashion,pants,widelegpant,Women's Fashion,trousers,solid color,Wool,Casual,Women",pink,2,40,50,7248,3.943018764,2. Baixo(100),714,Rosa,3. Médio Impacto,Scarcity,0,FALSE,FALSE,FALSE,1,Standard Delivery,2. Barato,2. Normal,05. P (XS),Calça,"Algodão/Poliéster, Algodão",TRUE,CN,retail_maior,384,TRUE
97,5eb8b430e015797901090ac0,New Summer Fashion Women Striped Stitching Stranger Things Print Tracksuit Stranger Things Clothes 2 Piece Set Woman Sports Suits Shorts Crop Tops   Shorts Pants Outfit,14,92,100,1,4.54,13,10,2,0,0,1,"Summer,Two-Piece Suits,women crop top,pants,Tops,track suit,Outfits,Women's Fashion,Shorts,Clothes,Suits,Print,Women,short sleeve shirt,Sport,Fashion,Striped,Sports Wear,sexy Women's Fashion",black,50,36,50,54,4.185185185,2. Baixo(100),908,Preto,4. Alto Impacto,None,0,FALSE,FALSE,FALSE,1,Standard Delivery,2. Barato,2. Normal,05. P (XS),"Calça, Camisa, Shorts, Conjunto/Terno, Top","Algodão/Poliéster, Poliéster, Poliéster/Elastano, Poliéster/Algodão, Algodão",FALSE,CN,retail_maior,557,TRUE
98,5e7f13c2bd7ab15d52e9b5f9,Plus Size Women's Fashion Loose Casual V neck Wave point Floral print splice Summer Vest camisole,3.69,4,1000,0,3.64,212,95,33,32,16,36,"Summer,Vest,Plus Size,Floral print,splice,Loose,V-neck,Floral,Women's Fashion,Fashion,wavepoint,Print,Casual,Necks",red,5,24,50,1559,4.039127646,3. Médio(1000),728,Vermelho,4. Alto Impacto,None,0,FALSE,FALSE,FALSE,0,Standard Delivery,2. Barato,2. Normal,05. P (XS),Não Especificado,"Algodão/Poliéster, Poliéster/Viscose, Poliéster, Algodão",FALSE,CN,retail_maior,8,FALSE
100,5e9d55038d475a01721c1c7f,Men Cotton Overalls Camouflage Loose Shorts Elasticity Waist Pants,11,30,100,1,4.11,28,17,4,3,1,3,"Shorts,Waist,Casual pants,pants,summer shorts,Men,5pointspant,camouflage,Men's Fashion,Beach Shorts,t,Men Shorts,cargoshort,camouflageshort,Cotton",orange & camouflage,2,45,50,9541,4.210460119,2. Baixo(100),822,Multicor/Estampado,3. Médio Impacto,None,2,TRUE,FALSE,TRUE,1,Standard Delivery,2. Barato,2. Normal,08. G (L),"Calça, Shorts","Algodão/Poliéster, Algodão",FALSE,CN,retail_maior,173,TRUE
101,5eaa6d9c8d99eb3ec06709f4,6 Colors Autumn Summer Ladies Casual Loose Solid Tank Jumpsuit Long Suspender Overalls Bib Pants Plus Size S-5XL,9,8,100,1,3.18,72,17,19,12,8,16,"Summer,trousers,Tank,pants,Spring,Overalls,Women's Fashion,Fashion,black,Ladies,sleeveless,Wool,women Jumpsuit,Casual,jumpsuit",red,10,26,50,288,3.729166667,2. Baixo(100),636,Vermelho,4. Alto Impacto,None,0,FALSE,FALSE,FALSE,1,Standard Delivery,2. Barato,2. Normal,06. P (S),"Macacão, Jardineira/Macacão, Calça","Algodão/Poliéster, Denim, Algodão",FALSE,CN,price_maior,-11,TRUE
102,5a5db5398988991d7f7aec44,2018 6 Color Summer Women’s New Fashion Sexy Cute Whiskey Print Lace Patchwork Spaghetti Strap T-Shirts Slim Bodycon Off The Shoulder Short Sleeve Blouse Casual Cotton Outdoor Tops Plus Size S-XXXXL,6,8,10000,0,3.96,1338,685,257,187,72,137,"Summer,off shoulder top,Plus Size,Lace,cute,topsamptshirt,short sleeves,cottontop,T Shirts,Outdoor,sexy,topsampblouse,slimtop,slim,Casual,Women Fashion,Cotton,blouse,Spaghetti,Shorts,Sleeve,lace top,Tops,spaghettistraptshirt,Print,Casual Tops,jackdanielsprinttop,Fashion",black,50,43,50,54504,3.80168428,4. Alto(10000),792,Preto,4. Alto Impacto,None,0,FALSE,FALSE,FALSE,0,Standard Delivery,2. Barato,2. Normal,08. G (L),"Blusa, Top, Camisa, Camiseta, Shorts","Poliéster/Viscose, Algodão/Poliéster, Algodão, Renda, Renda/Poliéster, Poliéster/Elastano, Poliéster, Algodão/Elastano",FALSE,CN,retail_maior,33,FALSE
103,5e9fff5de4df1d32ef2ca70c,2020 Men Summer Fashion Brand Summer Suits Casual Athletic Set Short Sleeve Tracksuits 2Pc: Shorts T-shirts,20,17,100,1,2.8,15,2,3,5,0,5,"Mens T Shirt,Fashion,Men's Fashion,Sleeve,Summer,Athletics,tshirtshort,Men,summer shorts,short sleeves,Casual,Cool T-Shirts,sportsshort,Shorts,fashionbrandsuit,3D T-shirt,fashion brand,men's shorts,menssummersuit,T Shirts",green,50,36,50,67,3.298507463,2. Baixo(100),560,Verde,3. Médio Impacto,None,0,FALSE,FALSE,FALSE,1,Standard Delivery,3. Médio,2. Normal,06. P (S),"Camiseta, Camisa, Shorts","Algodão/Poliéster, Algodão",FALSE,CN,price_maior,-15,TRUE
104,5a4b9eba2b0a1c3062666033,Women Summer Off Shoulder V-neck Bow Top Cotton Casual Stretch Slim Fitted T-Shirt,5.66,5,5000,0,3.89,1161,558,242,159,75,127,"Tops & Tees,Fashion,Slim T-shirt,Summer,Tops,bowtop,Women's Fashion,V-neck,Short top,womenhotshirt,T Shirts,Women S Clothing,off shoulder,Women,sexy,Bow,slim,Casual,Fitted,Cotton",black,50,42,50,99283,4.285597736,4. Alto(10000),778,Preto,4. Alto Impacto,Scarcity,0,FALSE,FALSE,FALSE,0,Standard Delivery,2. Barato,2. Normal,06. P (S),"Camisa, Camiseta, Top","Algodão/Poliéster, Algodão, Poliéster/Elastano, Algodão/Elastano",TRUE,CN,price_maior,-12,FALSE
105,5e1bd924d7be4445acfa8c6d,Pnma Men Summer Quick Dry Shorts Mens Swim Beach Shorts Swim Shorts Beach Wear Sports Gym,8,65,100,0,3.97,29,18,1,5,1,4,"runningshort,Beach Shorts,beachpant,Bottom,sailboatshort,Shorts,Sport,beach swimwear,Men's Fashion,Puma,Summer,Men Shorts,men's shorts,surfshort,Beach,Men",white,1,33,50,239,3.882845188,2. Baixo(100),794,Branco,1. Baixo Impacto,None,0,FALSE,FALSE,FALSE,0,Standard Delivery,2. Barato,2. Normal,06. P (S),"Parte de Baixo, Shorts, Moda Praia","Algodão/Poliéster, Nilon/Elastano, Algodão",FALSE,CN,retail_maior,712,FALSE
106,5c5fc9a63af7386b63c00d25,New Fashon Women Summer Sleeveless Spaghetti Strap Beach Dress Dresses for Women Casual Floral Print Party Dress,8,7,1000,1,3.61,668,254,155,102,61,96,"Summer,womens dresses,Dress,Spaghetti Strap,Floral dress,kleider,beach dress,Party Dress,party,Floral,summer dresses,Spaghetti,Casual,casual dress,tunic,saty,Women's Fashion,Floral print,Print,sleeveless,sexy,Women,Beach",lightyellow,10,39,50,40616,4.098557219,3. Médio(1000),722,Laranja/Amarelo,3. Médio Impacto,None,0,FALSE,FALSE,FALSE,1,Standard Delivery,2. Barato,2. Normal,04. PP (XXS),"Vestido, Túnica","Algodão/Poliéster, Algodão/Viscose, Poliéster/Viscose, Poliéster, Poliéster/Elastano, Algodão",FALSE,CN,price_maior,-12,TRUE
107,5e6bbe2bb683599ccbb78637,2020 Fashion Brand Printed Short Pants Casual Jogging Slim Fit Trousers Mens Sports,6,6,1000,1,3.82,134,62,26,23,6,17,"Fashion,fit,pants,Brand,slim,Short pants,jogging,Shorts,printed,Men,Sport,Casual,trousers,Slim Fit",grey,1,35,50,670,3.844776119,3. Médio(1000),764,Cinzento,2. Baixo a Médio Impacto,None,0,FALSE,FALSE,FALSE,1,Standard Delivery,2. Barato,2. Normal,06. P (S),"Calça, Shorts","Algodão/Poliéster, Poliéster, Algodão/Elastano, Algodão",FALSE,CN,iguais,0,TRUE
108,5b1f9afe694fab75ca9fa8ea,Summer Cool Leaf Printed Bikini Set Women Fashion Beach Swimsuit,11,10,5000,0,3.96,1556,743,338,258,110,107,"bathing suit,bandage swimsuit,Fashion,leaf,bikini set,Summer,womenbra,Women's Fashion,strappy bikini,Swimsuit,Bikini,Two Pieces,printed,printedswimwear,Women,Beach,Swimming",black,50,23,50,4610,4.252711497,4. Alto(10000),792,Preto,4. Alto Impacto,None,0,FALSE,FALSE,FALSE,0,Standard Delivery,2. Barato,2. Normal,06. P (S),"Biquíni, Maiô/Biquíni, Moda Praia","Algodão/Poliéster, Nilon/Elastano, Poliéster, Poliéster/Elastano, Algodão",FALSE,CN,price_maior,-9,FALSE
109,5e9915ef9fae4f26f32f15df,New Women's Fashion Summer Dress Floral Print Sleeveless Knee Length Dresses Ladies Loose Casual Spaghetti Strap Dress Plus Size,7,6,1000,1,4.2,107,66,13,18,3,7,"Summer,Plus Size,Dress,Spaghetti Strap,Ladies,Women's Fashion,Fashion,Floral,knee,Spaghetti,Casual,Floral print,summer dress,women's dress,Print,sleeveless",white,3,26,50,247,3.943319838,3. Médio(1000),840,Branco,1. Baixo Impacto,None,0,FALSE,FALSE,FALSE,1,Standard Delivery,2. Barato,2. Normal,05. P (XS),Vestido,"Algodão/Poliéster, Poliéster/Viscose, Poliéster, Poliéster/Elastano, Algodão/Viscose, Algodão",FALSE,CN,price_maior,-14,TRUE
110,5c78151c27202a28a75752b7,Casual Women Crew Neck Short Sleeve Leaf Printed Loose Mini Dress Summer,11,10,10000,0,3.77,1694,725,376,272,112,209,"Summer,womens dresses,leaf,short dress,Sleeve,Mini,Dress,Loose,short sleeves,Mini dress,Necks,Women's Fashion,Shorts,leafprint,printed,Tops & T-Shirts,Women,Casual,casual dress",red,50,31,50,13946,4.00014341,4. Alto(10000),754,Vermelho,4. Alto Impacto,None,0,FALSE,FALSE,FALSE,0,Standard Delivery,2. Barato,2. Normal,05. P (XS),"Vestido, Camisa, Camiseta, Shorts, Top","Algodão/Poliéster, Algodão/Viscose, Poliéster, Poliéster/Elastano, Algodão",FALSE,CN,price_maior,-9,FALSE
111,5e743eded2656b046017c719,2020 Women Fashion V-neck Solid Color Slim Fit Casual Cotton Two Pieces Sports Wear,5.81,30,100,0,2.61,18,3,2,5,1,7,"Summer,Shorts,Slim Fit,slim,twopiecesoutfit,V-neck,Women's Fashion,Fashion,tank top,Women,sexy,Sport,Casual,Women Fashion,Cotton",green,3,41,50,26473,3.8947607,2. Baixo(100),522,Verde,3. Médio Impacto,Scarcity,0,FALSE,FALSE,FALSE,0,Standard Delivery,2. Barato,2. Normal,05. P (XS),"Shorts, Regata","Algodão/Poliéster, Algodão, Poliéster/Elastano, Algodão/Elastano",TRUE,CN,retail_maior,416,FALSE
112,5acb7ae3a69e662bb0133546,Classic Women Backless Lace Hollow Out Halter Neck Mini Evening Party Dress,14,12,10000,0,3.93,2946,1427,614,452,180,273,"Mini,halter dress,Necks,Cocktail dresses,Halter,Dress,Lace Dress,backless dress,Mini dress,Women's Fashion,Party Dress,prom dress,retro,Ladies,sexy,sexy lace,backless",blue,36,26,50,32858,3.885537769,4. Alto(10000),786,Azul,3. Médio Impacto,Scarcity,0,FALSE,FALSE,FALSE,0,Standard Delivery,2. Barato,2. Normal,13. Plus Size (5XL),Vestido,"Poliéster/Elastano, Algodão/Poliéster, Renda, Poliéster, Algodão",TRUE,CN,price_maior,-14,FALSE
113,5eb90ab5ad67f63678d15ed9,Womens Summer Fashion Lip Print 2pc Set Ladies Casual Round Neck Short Sleeve T Shirt and Shorts,5,51,10,0,5,0,0,0,0,0,0,"Summer,Shorts,Shirt,Sleeve,sportsset,short sleeves,Two piece set,lipprint,Ladies,women shorts,Fashion,lip,women t shirt,Round neck,Casual,Print,tracksuitsforwomen,runningset,Necks",black,1,36,50,295,3.989830508,1. Micro(10),1000,Preto,4. Alto Impacto,None,0,FALSE,FALSE,FALSE,0,Standard Delivery,2. Barato,2. Normal,05. P (XS),"Camisa, Camiseta, Shorts, Conjunto/Terno","Algodão/Poliéster, Poliéster, Poliéster/Algodão, Algodão",FALSE,CN,retail_maior,920,FALSE
114,5e9d3df803ee35376979fe40,Fashion Women Denim Shorts Stitching Lace Summer Jeans Shorts 3 Colors,5,5,100,1,4.3,10,6,2,1,1,0,"Summer,Fashion,Stitching,Lace,Denim,jeansforwomen,Women's Fashion,Shorts,Denim Shorts,sexy,Jeans,Women",coolblack,3,22,50,10799,4.167978517,2. Baixo(100),860,Preto,4. Alto Impacto,None,0,FALSE,FALSE,FALSE,1,Standard Delivery,2. Barato,2. Normal,04. PP (XXS),"Jeans, Shorts","Denim, Algodão/Poliéster, Renda, Poliéster/Elastano, Algodão",FALSE,CN,iguais,0,TRUE
115,5dd00194ea9f8e175c5561a9,Women Half Sleeve Loose Casual Summer Shirts Blouse Tops Plus Size XS-8XL,11,10,1000,0,4.12,249,143,48,24,12,22,"blouse,Summer,Womens Blouse,long sleeve blouse,Shirt,Sleeve,Women Blouse,Plus Size,Blouses & Shirts,casual shirt,Casual,Tops,Women's Fashion,blouse women,Casual T-Shirt,Tops & Blouses,Printed T Shirts,Fashion,long sleeve shirt,Women",multicolor,50,21,50,8989,3.851930137,3. Médio(1000),824,Multicor/Estampado,4. Alto Impacto,None,0,FALSE,FALSE,FALSE,0,Standard Delivery,2. Barato,2. Normal,06. P (S),"Blusa, Camiseta, Camisa, Top","Poliéster/Viscose, Algodão/Poliéster, Algodão, Poliéster",FALSE,CN,price_maior,-9,FALSE
116,5eb8a1d594d1e31702a4ef7c,Women Short T-shirt   Shorts Suit Summer Sport Wear Casual Cotton Yoga Lady Crop Top and Shorts,12,67,10,0,3.67,3,2,0,0,0,1,"Summer,Shorts,women beachwear,women crop top,Tops,short sleeves,T Shirts,Fashion,Sport,Women,Suits,womencausaltshirt,Yoga,Women's Fashion,Casual,Sports Wear,Cotton",pink,20,32,50,238,4.008403361,1. Micro(10),734,Rosa,3. Médio Impacto,None,0,FALSE,FALSE,FALSE,0,Standard Delivery,2. Barato,2. Normal,05. P (XS),"Camisa, Camiseta, Shorts, Conjunto/Terno, Top, Moda Praia","Algodão/Poliéster, Algodão, Poliéster/Algodão, Nilon/Elastano",FALSE,CN,retail_maior,458,FALSE
117,5ec118ec7b4679d720f8de1d,Fashion double-sided electric embroidery small daisy pattern woman summer outdoor sunscreen fisherman hat,5.68,5,10,0,4.5,2,1,1,0,0,0,"Summer,fashion women,Fashion,headdress,women hats,漁師の帽子,Outdoor,Bucket Hats,daisy,sun hat,Hats,fishermanshat,Electric",purple,50,109,50,160,4.5125,1. Micro(10),900,Roxo,3. Médio Impacto,None,0,FALSE,FALSE,FALSE,0,Standard Delivery,2. Barato,2. Normal,00. Não Informado,Vestido,"Algodão/Poliéster, Algodão",FALSE,CN,price_maior,-12,FALSE
118,5ddf65d292bf935981e0eaa7,Summer Shorts Pants Men Quick Dry Swimming Shorts Swim Trunks Beach Shorts,11,10,100,1,4,12,7,1,2,1,1,"mensboardshort,Summer,Beach Shorts,pants,Shorts,Slim Fit,Swimsuit,quickdry,Men's Fashion,bodybuildingshort,mensswimtrunk,Swimming,Swim Shorts,Beach,Men",black,50,32,50,546,4.014652015,2. Baixo(100),800,Preto,4. Alto Impacto,None,0,FALSE,FALSE,FALSE,1,Standard Delivery,2. Barato,2. Normal,06. P (S),"Calça, Shorts, Maiô/Biquíni","Algodão/Poliéster, Algodão/Elastano, Nilon/Elastano, Algodão",FALSE,VE,price_maior,-9,TRUE
119,5780938ff1ab1f1146be7dd1,VANGULL Camouflage Shorts Fashion Basic New Board Shorts Women Loose Drawstring hot Short Pants Without Belt,17,15,10000,0,4.16,3040,1782,565,332,123,238,"Trousers & Shorts,Fashion,pants,camouflageshortsforwomen,Loose,Short pants,camouflage,Women's Fashion,Shorts,t,basic,sexy,womenssexyshort,Board Shorts,Women",camouflage,50,52,50,12881,4.352612375,4. Alto(10000),832,Multicor/Estampado,4. Alto Impacto,None,1,FALSE,TRUE,FALSE,0,Standard Delivery,2. Barato,2. Normal,06. P (S),"Calça, Shorts","Algodão/Poliéster, Poliéster/Elastano, Algodão",FALSE,CN,price_maior,-12,FALSE
120,5e3fa5ca9c4021248d4e1c37,Women's Fashion Summer Tank Top Casual Printed V-neck Sleeveless Camisole Vest,7,43,100,0,3.71,21,10,5,0,2,4,"blouse,printtank,Vest,Fashion,Tank,camisole,Summer,Tops,tank top,Women's Fashion,sleeveless tops,V-neck,sleeveless,printed,Casual,Cotton",purple,9,40,50,9078,3.878166997,2. Baixo(100),742,Roxo,3. Médio Impacto,None,0,FALSE,FALSE,FALSE,0,Standard Delivery,2. Barato,2. Normal,06. P (S),"Blusa, Camisete, Top, Regata","Poliéster/Viscose, Algodão/Poliéster, Algodão, Poliéster",FALSE,CN,retail_maior,514,FALSE
121,5edb2db0fcc85c2e12014395,2020 Men Summer Fashion Brand Summer Suits Casual Athletic Set Short Sleeve Tracksuits 2Pc: Shorts T-shirts S-4XL,12,85,50,1,4.75,4,3,1,0,0,0,"runningshort,Fashion,Sleeve,beachsuit,Athletics,sweat suit,Men,short sleeves,jogging suit,Men's Fashion,Shorts,Summer,T Shirts,Tops & T-Shirts,men's shorts,men's suits,Casual,Sports Wear,jumpsuit",green,18,35,50,57,4.175438596,2. Baixo(100),950,Verde,3. Médio Impacto,None,0,FALSE,FALSE,FALSE,1,Standard Delivery,2. Barato,2. Normal,06. P (S),"Macacão, Camisa, Camiseta, Shorts, Conjunto/Terno, Top","Algodão/Poliéster, Poliéster/Algodão, Algodão",FALSE,CN,retail_maior,608,TRUE
122,5edf1267c771c4255ceee25d,Summer Casual Front Knot Cotton Sleeveless Irregular Hem Tank Top,7,6,100,0,5,2,2,0,0,0,0,"Summer,Vest,Plus Size,Tank,Tops,V-neck,Fashion,tank top,knot,solid color,sleeveless,Casual,Women Fashion,Cotton",black,50,41,50,9703,3.970730702,2. Baixo(100),1000,Preto,4. Alto Impacto,None,0,FALSE,FALSE,FALSE,0,Standard Delivery,2. Barato,2. Normal,06. P (S),"Regata, Top","Algodão/Poliéster, Algodão",FALSE,CN,price_maior,-14,FALSE
123,5eb4dd169263020a42be1a88,Summer fashion female butterfly tank vest sleeveless round neck casual top,7,33,50,0,3,2,0,1,0,1,0,"butterfly,Mini,Vest,Fashion,Tank,Necks,Summer,womemstop,Tops,tank top,Round neck,#top #crop,tankvest,sleeveless,Casual",blue,50,41,50,25222,4.001546269,2. Baixo(100),600,Azul,3. Médio Impacto,None,0,FALSE,FALSE,FALSE,0,Standard Delivery,2. Barato,2. Normal,06. P (S),"Regata, Top","Algodão/Poliéster, Algodão",FALSE,CN,retail_maior,371,FALSE
124,5d93f4284385140973836ddf,S-5XL Summer New Fashion Women Silver Letter Print Dress Short Sleeve Skirt Fashion Casual T Shirt Dress Plus Size,11,59,1000,0,4.11,135,75,24,19,10,7,"Summer,Plus Size,letter print,Dress,short sleeves,bodycon,Women's Fashion,Fashion,Sexy Dress,t-shirt dress,Skirts,mini dresses,Shirt,Shorts,Jewelry,skewshoulder,Dresses,Casual,print dress,Sleeve,Print,Women,silver",yellow,50,41,50,6715,4.057185406,3. Médio(1000),822,Laranja/Amarelo,3. Médio Impacto,None,0,FALSE,FALSE,FALSE,0,Standard Delivery,2. Barato,2. Normal,07. M,"Vestido, Camisa, Camiseta, Shorts","Algodão/Poliéster, Poliéster/Elastano, Poliéster, Poliéster/Viscose, Algodão",FALSE,CN,retail_maior,436,FALSE
125,5e74326f3ae3412b2f7d9f42,2020 Summer Women's Fashion Elastic Waist 3/4 Jogging Capri Hose Strass Dance Paisley Drawstring Casual Sport Fitness Pants,12,43,100,0,3.59,27,7,9,7,1,3,"Women Pants,capripant,elastic waist,Waist,Elastic,pants,Summer,Fitness,jogging,harem pants,Women's Fashion,trousers,34pant,Sport,Fashion,Casual",lightpink,50,42,50,3237,3.948409021,2. Baixo(100),718,Rosa,3. Médio Impacto,None,0,FALSE,FALSE,FALSE,0,Standard Shipping,2. Barato,2. Normal,07. M,Calça,"Algodão/Poliéster, Elastano, Algodão",FALSE,CN,retail_maior,258,FALSE
126,5eb8d93dbd495919c2a0feb6,Women Summer Fashion Tie-dye Printed Casual Printed Shorts Two-piece Set Sports Set,13,51,5000,0,3.61,127,59,16,20,7,25,"Summer,Shorts,sportsset,short sleeves,tiedyeprinted,Sport,women shorts,Fashion,Two Pieces,women t shirt,Casual,Women,printed,tracksuitsforwomen,Women's Fashion,runningset,Two piece set",yellow,50,43,50,17244,3.946416145,4. Alto(10000),722,Laranja/Amarelo,3. Médio Impacto,Scarcity,0,FALSE,FALSE,FALSE,0,Standard Delivery,2. Barato,2. Normal,06. P (S),"Camisa, Camiseta, Shorts, Conjunto/Terno","Algodão/Poliéster, Poliéster, Poliéster/Algodão, Algodão",TRUE,CN,retail_maior,292,FALSE
127,5ed3ae8e7bf8821d5cf4bc64,Women's Casual Sleeveless Stripe T Shirts Dress Big Swing Maxi Dress Summer Beach Long Dress Plus Size XS-5XL,2.72,9,1,0,5,0,0,0,0,0,0,"Summer,Plus Size,Shirt,long dress,Dress,Women's Fashion,V-neck,Maxi Dresses,beach dress,Party Dress,Stripes,Sleeveless dress,summer dresses,women dress,Beach,Casual,sleeveless",orange,1,33,50,378,3.597883598,1. Micro(10),1000,Laranja/Amarelo,3. Médio Impacto,None,0,FALSE,FALSE,FALSE,0,Standard Delivery,2. Barato,2. Normal,05. P (XS),"Vestido, Camisa","Algodão/Poliéster, Algodão/Viscose, Viscose/Poliéster, Poliéster, Poliéster/Elastano, Algodão",FALSE,CN,retail_maior,231,FALSE
128,5cf509abb483551e0278ac5e,NEW Women Casual Tank Top Blouses O-neck Sleeveless Gradient Color Cotton Printing T-shirt Summer Vest Blouses Loose Plus Size S-5XL,6,6,20000,1,3.99,1600,809,322,238,100,131,"blouse,Summer,Vest,Plus Size,Tank,Cotton,Tops,topsamptshirt,T Shirts,tank top,Women's Fashion,Fashion,sleeveless tops,blousesampshirt,sleeveless,o-neck,Casual,Women",green,50,33,50,16013,4.10884906,5. Muito Alto(20000),798,Verde,3. Médio Impacto,None,0,FALSE,FALSE,FALSE,1,Standard Delivery,2. Barato,2. Normal,08. G (L),"Blusa, Camisa, Top, Camiseta, Regata","Poliéster/Viscose, Algodão/Poliéster, Algodão",FALSE,CN,iguais,0,TRUE
129,5e946e7e5a19660b52733c7e,Spring and Summer New Tik Tok Ing Endless Loose Large Size Short Sleeve Crop Top and Shorts Set,9,56,100,1,4.03,30,17,6,2,1,4,"Summer,Two-Piece Suits,Fashion,Sleeve,Spring,Tops,short sleeves,sport suit women,Shorts,Sport Suits,suits for women,jogging suits for women,women sport suit,tiktoktshirt,womens shorts suit",pink & black,3,19,50,49,3.714285714,2. Baixo(100),806,Multicor/Estampado,3. Médio Impacto,None,0,FALSE,FALSE,FALSE,1,Standard Delivery,2. Barato,2. Normal,04. PP (XXS),"Camisa, Camiseta, Shorts, Conjunto/Terno, Top","Algodão/Poliéster, Poliéster/Algodão, Algodão",FALSE,US,retail_maior,522,TRUE
130,5ed868776a5a342472182986,Ladies Summer Tie Dye Print Short Sleeve Off Shoulder Casual Plus Size Dress,5,5,50,0,5,1,1,0,0,0,0,"Summer,Plus Size,Tie Dye,tiedyeprint,Dyes,Dress,summer dress,short sleeves,Ladies,Women's Fashion,Shorts,off shoulder dress,Sleeve,Print,women dress,Casual,casual dress",yellow,5,47,50,4,3.75,2. Baixo(100),1000,Laranja/Amarelo,3. Médio Impacto,None,0,FALSE,FALSE,FALSE,0,Standard Delivery,2. Barato,2. Normal,05. P (XS),"Vestido, Camiseta, Shorts","Algodão/Poliéster, Algodão/Viscose, Poliéster/Elastano, Poliéster, Algodão",FALSE,CN,iguais,0,FALSE
131,5ce74be097a9f1764b0df1f3,XS-8XL Women Summer Casual Tops V-Neck Short Sleeve Shirts Ladies Fashion Solid Color Cotton Loose T-shirt Plus Size Candy Color Lady Pullovers Blouse,5.86,5,1000,0,3.73,150,71,23,23,11,22,"Summer,womens top,Cotton T Shirt,Food,summer t-shirts,short sleeves,V-neck,Women's Fashion,Plus Size,short sleeve shirt,Casual,Shirt,blouse,Cotton,Shorts,Tops & Blouses,Ladies Fashion,Sleeve,Tops,T Shirts,candy,Pullovers,Tops & T-Shirts,Ladies,loose t-shirt,Women,Fashion",white,6,30,50,9308,3.99301676,3. Médio(1000),746,Branco,1. Baixo Impacto,None,0,FALSE,FALSE,FALSE,0,Standard Delivery,2. Barato,2. Normal,05. P (XS),"Blusa, Camiseta, Pulôver, Camisa, Shorts, Top","Poliéster/Viscose, Algodão/Poliéster, Algodão",FALSE,CN,price_maior,-15,FALSE
132,5cf632d1c0baab5b15e71437,Women's Summer Sleeveless U-neck Floral Print Fashion Tank Tops Casual Plus Size Tops(S-5XL),2,2,10000,1,3.99,980,520,180,120,67,93,"Summer,Plus Size,Tank,Tops,uneck,tank top,Floral print,Print,Women's Fashion,Fashion,Floral,sleeveless,Casual",green,1,23,50,12309,4.045170201,4. Alto(10000),798,Verde,3. Médio Impacto,None,0,FALSE,FALSE,FALSE,1,Standard Delivery,2. Barato,2. Normal,06. P (S),"Regata, Top","Algodão/Poliéster, Poliéster/Viscose, Poliéster, Algodão",FALSE,CN,iguais,0,TRUE
133,5cef6f6f1d8cd844d8dade14,2019 Women's Fashion Letter Print Sleeveless Shirt Summer Casual Fashion Tank Top,7,6,5000,0,4.38,996,654,178,94,32,38,"Women's Fashion,Tanktops for women,Fashion,Cotton Shirt,summer tank top,letter print,Summer,summer shirt,Tops,gothicshirt,tank top,Print,Sleeveless Shirt,sleeveless,blousesampshirt,Tank,moonshirt,Casual,Shirt",grey,8,41,50,130598,3.946790916,4. Alto(10000),876,Cinzento,2. Baixo a Médio Impacto,Scarcity,1,FALSE,TRUE,FALSE,0,Standard Delivery,2. Barato,2. Normal,05. P (XS),"Blusa, Camisa, Regata, Top","Poliéster/Viscose, Algodão/Poliéster, Algodão, Poliéster",TRUE,CN,price_maior,-14,FALSE
134,5eb0b91db0d5d210fe8ac2ff,Fabric Waist Trainer Vest Hot Shaper Summer Shaperwear Slimming Adjustable Sweat Belt Body Shaper,5.66,6,100,0,3.08,13,3,3,3,0,4,"slimming,wasitcincher,Fashion,waistgirdle,slimmingcorset,Corset,Summer,Waist,waist trainer,Fashion Accessory,Vest,shaperwear,belt",black,50,35,50,2782,4.069015097,2. Baixo(100),616,Preto,4. Alto Impacto,None,0,FALSE,FALSE,FALSE,0,Standard Shipping,2. Barato,2. Normal,06. P (S),Não Especificado,"Algodão/Poliéster, Algodão/Elastano, Algodão",FALSE,CN,retail_maior,6,FALSE
135,5d2432e4e991b724c8327597,New Women's Fashion Letter Print Tie Dye Halter Sleeveless Long Dress Summer Cotton Bohemian Maxi Boho Dress,13,17,5000,0,4.11,792,450,150,88,35,69,"Summer,Plus Size,Halter,letter print,long dress,Dyes,Dress,Women's Fashion,maxi dress,boho,Fashion,boho dress,Tie Dye,sleeveless,Print,bohemian dress,bohemian,Women Fashion,Cotton",pink,6,43,50,4571,3.910741632,4. Alto(10000),822,Rosa,3. Médio Impacto,Scarcity,0,FALSE,FALSE,FALSE,0,Standard Delivery,2. Barato,2. Normal,05. P (XS),Vestido,"Viscose/Poliéster, Algodão, Algodão/Poliéster, Poliéster",TRUE,CN,retail_maior,31,FALSE
136,5ce604beadbdfb572729ca3f,2019 Summer Women's New Fashion Sleeveless Polka Dot V-neck Strap Mini Backless Casual Top Dresses,8,7,5000,1,3.6,1254,500,241,207,126,180,"Summer,Fashion,Mini,Tops,Loose,Polkas,V-neck,Casual,backless,polka dot,sleeveless,Dress,Women Fashion,black",yellow,27,28,50,88193,4.080890774,4. Alto(10000),720,Laranja/Amarelo,3. Médio Impacto,None,0,FALSE,FALSE,FALSE,1,Standard Delivery,2. Barato,2. Normal,08. G (L),"Vestido, Top","Poliéster/Elastano, Algodão/Poliéster, Poliéster, Algodão",FALSE,CN,price_maior,-12,TRUE
137,5e7482a975c1d92dea899a18,Women Casual Round Open Toe Sandals Female Slippers Vintage Orthopedic Buckle Strap Anti-slip Breathable Summer Beach Sandals Roman Gladiator,11,10,1000,1,3.78,299,120,73,55,22,29,"slidesforwomen,sandalendamen,Sandals,Platform Shoes,Summer,Vintage,sandalswomen,Buckles,summer shoes,Women's Fashion,flatshoesforwoman,sandalefemme,sandaliasmujer,Roman,open toe,Casual,Women,Beach,wedgesshoeswomen,Slippers,slippers for women",grey,5,35,50,433,3.896073903,3. Médio(1000),756,Cinzento,2. Baixo a Médio Impacto,None,0,FALSE,FALSE,FALSE,1,Standard Delivery,2. Barato,2. Normal,15. Calçados / Numerações,Não Especificado,"Algodão/Poliéster, Algodão, Algodão/Denim",FALSE,CN,price_maior,-9,TRUE
138,57639e8824841762459c5e5c,Women's stripes Lined up double up tankini top swimwear(plus size),8,7,20000,0,4.05,8904,4640,1964,1121,493,686,"strapless,Bikinis Set,tankini bathing suits,Tops,triangle bikini swimwear,Swimwear,Swimsuit,Tankinis,Fashion,Stripes,Tankini Set,Bikinis For Women,strand",black,50,31,50,19221,4.168097393,5. Muito Alto(20000),810,Preto,4. Alto Impacto,Scarcity,0,FALSE,FALSE,FALSE,0,Standard Delivery,2. Barato,2. Normal,06. P (S),"Biquíni, Conjunto/Terno, Maiô/Biquíni, Moda Praia, Top","Algodão/Poliéster, Nilon/Elastano, Poliéster/Elastano, Poliéster/Algodão, Algodão",TRUE,CN,price_maior,-12,FALSE
139,5e8dd27d5318e78013eafd40,Spring/Summer/Autumn New Fashion Indo-Shape Head Loose Large Size Solid Color Men's Men's Velvet Wirtschafts,16,76,100,1,3.53,38,15,9,2,5,7,"Head,Fashion,longfleece,bigcode,solid,Sweaters,Men,sleevehead,young,Stamps,easy,Men Tops,velvet",red,50,58,50,1088,4.272058824,2. Baixo(100),706,Vermelho,4. Alto Impacto,None,0,FALSE,FALSE,FALSE,1,Standard Delivery,2. Barato,2. Normal,06. P (S),Top,"Algodão/Poliéster, Algodão",FALSE,CN,retail_maior,375,TRUE
140,5ebb8a4dc5b72c3e982ec9c1,2020 New Women's Summer Leisure Holiday Flat Shoes Hot Drilling Flip-flops Sandals,11,10,100,0,4.6,5,3,2,0,0,0,"Summer,Flip Flops,hotrhinestone,Womens Shoes,Vacation,new2020,Slippers,flipflopsandal,Sandals,Shoes,casualsandal,Holiday,flat shoe",silver,12,42,50,38936,4.122996713,2. Baixo(100),920,Cinzento,2. Baixo a Médio Impacto,None,0,FALSE,FALSE,FALSE,0,Standard Delivery,2. Barato,2. Normal,15. Calçados / Numerações,Não Especificado,"Algodão/Poliéster, Algodão/Viscose, Algodão",FALSE,CN,price_maior,-9,FALSE
142,57eccd2865007e1903d250d8,Women Off Shoulder Chest Wrapped Sexy Chiffon Tops Halter Neck Loose Long Sleeve T Shirts,8,7,20000,0,4.16,6860,3906,1326,869,343,416,"Chiffon top,Shirt,chiffon,Long Sleeve,Tops,Necks,Women's Fashion,Halter,sexy tops for women,chiffon dress,T Shirts,off shoulder,sexy,chiffontshirt,Sleeve,Women",black,50,32,50,43676,4.283611137,5. Muito Alto(20000),832,Preto,4. Alto Impacto,None,1,FALSE,TRUE,FALSE,0,Standard Delivery,2. Barato,2. Normal,06. P (S),"Vestido, Camisa, Camiseta, Top","Poliéster, Algodão/Poliéster, Poliéster/Elastano, Algodão",FALSE,CN,price_maior,-12,FALSE
143,5cd939cadb29322e7a79b575,Women Fashion Ripped Denim Shorts Casual Summer Slim Short Jeans Legging Pant Plus Size S-XXXL,14,12,1000,1,4.04,481,267,86,60,18,50,"Summer,Leggings,Shorts,high waist,pants,Denim,slim,Short pants,jean shorts,Women's Fashion,Fashion,Denim Shorts,Plus Size,rippedshort,Jeans,Casual,Women",lightblue,50,41,50,26473,3.8947607,3. Médio(1000),808,Azul,3. Médio Impacto,None,0,FALSE,FALSE,FALSE,1,Standard Delivery,2. Barato,2. Normal,07. M,"Jeans, Calça, Shorts","Algodão/Poliéster, Denim, Algodão/Elastano, Algodão",FALSE,CN,price_maior,-14,TRUE
144,5dea1d9cec016f062ce8aab1,2020 Summer Sexy Women Halter Tops Beach Swimming Letter Print Swimwear Lady's Push Up Vest Bra S-5XL,7,6,100,0,3.6,25,10,4,5,3,3,"Summer,Vest,Swimming,Halter,wrappedchest,letter print,bras for women,Tops,slingvest,Swimwear,Push up bikini,Print,Women's Fashion,Halter Bikini,sexy,Women,Beach,summer tops,Bras,Bottoming shirt",black,50,127,50,483,4.155279503,2. Baixo(100),720,Preto,4. Alto Impacto,None,0,FALSE,FALSE,FALSE,0,Standard Delivery,2. Barato,2. Normal,06. P (S),"Biquíni, Parte de Baixo, Sutiã, Camisa, Top, Moda Praia","Algodão/Poliéster, Nilon/Elastano, Poliéster, Poliéster/Elastano, Algodão",FALSE,CN,price_maior,-14,FALSE
145,5d05d9ca81f992576d4f0d23,New Fashion Women Sleeveless Plaid Dess Vintage Dress Summer Knee-length Casual Dress Party Dress,12,11,20000,1,3.89,2294,1099,449,362,154,230,"Summer,Fashion,Plaid Dress,Vintage,Dress,Party Dress,Women's Fashion,plaid,party,sleeveless,Casual,Women",pink,25,50,50,59903,4.153665092,5. Muito Alto(20000),778,Rosa,3. Médio Impacto,None,0,FALSE,FALSE,FALSE,1,Standard Delivery,2. Barato,2. Normal,08. G (L),Vestido,"Algodão/Poliéster, Poliéster, Poliéster/Elastano, Algodão, Algodão/Denim",FALSE,CN,price_maior,-8,TRUE
146,5d80989a9abb1f75b86fb8ce,NEW Women Casual Loose Solid Color Dress Short Sleeve V-neck Dress Plus Size,7,50,1000,0,3.49,49,16,11,10,5,7,"sleeve v-neck,Plus Size,fashion women,short sleeve dress,Sleeve,Dresses,Dress,short sleeves,V-neck,casual dresses,Women's Fashion,Party Dress,Shorts,Mini dress,Casual,Women",Army green,50,132,50,1290,4.011627907,3. Médio(1000),698,Verde,3. Médio Impacto,None,0,FALSE,FALSE,FALSE,0,Standard Delivery,2. Barato,2. Normal,06. P (S),"Vestido, Camiseta, Shorts","Algodão/Poliéster, Algodão/Viscose, Poliéster/Elastano, Poliéster, Algodão",FALSE,CN,retail_maior,614,FALSE
147,5eccd22b4497b86fd48f16b4,10 Color Women Summer Shorts Lace Up Elastic Waistband Loose Panties Plus Size S-6XL,2,56,100,1,3.07,28,11,3,1,3,10,"Summer,Panties,Elastic,Lace,Casual pants,casualshort,summer shorts,Plus Size,Short pants,women shorts,Shorts,Beach Shorts Women,Beach Shorts,loosepant,high waisted shorts,Lace Up,Women's Fashion,Women",lightblue,2,26,50,4435,3.696054115,2. Baixo(100),614,Azul,3. Médio Impacto,None,0,FALSE,FALSE,FALSE,1,Standard Delivery,2. Barato,2. Normal,06. P (S),"Calça, Shorts","Algodão/Poliéster, Elastano, Renda, Algodão",FALSE,CN,retail_maior,2700,TRUE
148,5eb650f019701819801f42b2,Women Summer Shorts Lace Up Elastic Waistband Loose Panties Plus Size,6,16,100,1,3.11,27,6,6,5,5,5,"Summer,Plus Size,Elastic,Lace,Casual pants,summer shorts,Short pants,women shorts,Shorts,Beach Shorts Women,Beach Shorts,loosepant,Panties,high waisted shorts,Lace Up,Women's Fashion,Casual,Women",white,25,18,50,9177,3.874032908,2. Baixo(100),622,Branco,1. Baixo Impacto,Scarcity,0,FALSE,FALSE,FALSE,1,Standard Shipping,2. Barato,2. Normal,06. P (S),"Calça, Shorts","Algodão/Poliéster, Elastano, Renda, Algodão",TRUE,CN,retail_maior,167,TRUE
149,5cfa8fd7b5db0b6cbdb5f4a6,New Women's Summer Tops Sleeveless Spaghetti Strap Casual Printed Cotton Tank Tops,8,7,1000,1,4.07,267,148,44,40,15,20,"blouse,Summer,Fashion,Tank,Shirt,Tops,Spaghetti Strap,tank top,Women's Fashion,Plus Size,printed,sleeveless,Cotton,Casual,Women",lightgreen,50,38,50,2745,4.12568306,3. Médio(1000),814,Verde,3. Médio Impacto,Scarcity,0,FALSE,FALSE,FALSE,1,Standard Delivery,2. Barato,2. Normal,06. P (S),"Blusa, Camisa, Regata, Top","Poliéster/Viscose, Algodão/Poliéster, Algodão, Poliéster, Poliéster/Elastano",TRUE,CN,price_maior,-12,TRUE
150,58e0f38f9bf29f55183efd0d,NewWomen's Push-Up Triangle Bikini Swimsuit Set,8,84,20000,0,3.96,8960,4468,1850,1277,583,782,"Fashion,Triangles,Swimming,sexy bikini,beach wear,Swimsuit,Swimwear,Bikini,bandage bikini,women bathing suit,Push up bikini,Women's Fashion,bandage monokini",no_color_specified,50,125,50,48654,4.204916348,5. Muito Alto(20000),792,Não Informado,0. Não Informado,Scarcity,0,FALSE,FALSE,FALSE,0,Standard Delivery,2. Barato,2. Normal,06. P (S),"Moda Praia, Biquíni, Maiô/Biquíni","Algodão/Poliéster, Nilon/Elastano, Poliéster/Elastano, Algodão",TRUE,CN,retail_maior,950,FALSE
151,5ebe24ca1c5e1d1d5306a00b,Women Ladies Fashion Openwork Panel Tie Dye Tank Top,8,25,5000,0,4,32,19,5,1,3,4,"Tanktops for women,Fashion,Tank,Ladies Fashion,lace trim,lacepaneltanktop,Tops,tank top,Women's Fashion,Summer,Tie Dye,Dyes,Ladies,sleeveless,openworkpanel,Casual,tiedyetank,Women",lightblue,50,43,50,13127,4.123943018,4. Alto(10000),800,Azul,3. Médio Impacto,Scarcity,0,FALSE,FALSE,FALSE,0,Standard Delivery,2. Barato,2. Normal,05. P (XS),"Regata, Top","Algodão/Poliéster, Renda, Algodão",TRUE,CN,retail_maior,212,FALSE
152,5d134234b8b4be6c4ed403ff,Women Summer Off Shoulder Tops Lace Stitching Shirts Casual Shorts Sleeves Loose Blouse,11,22,1000,1,3.97,359,180,74,49,28,28,"blouse,Summer,off shoulder top,Fashion,Lace,Sleeve,Women Blouse,Round Collar,lace top,Tops,short-sleeved shirt,tops for women,Casual,Women's Fashion,Shorts,women shirt,Casual T-Shirt,Short Sleeve Blouses,Women,summer tops,Shirt",black,50,30,50,4508,4.330745342,3. Médio(1000),794,Preto,4. Alto Impacto,Scarcity,0,FALSE,FALSE,FALSE,1,Standard Delivery,2. Barato,2. Normal,05. P (XS),"Blusa, Camiseta, Top, Camisa, Shorts","Poliéster/Viscose, Algodão/Poliéster, Algodão, Renda, Renda/Poliéster, Poliéster/Elastano",TRUE,CN,retail_maior,100,TRUE
153,5cb854e30715c33b71bcd318,S-5XL Sleeveless Blouse Beachwear Plus Size Pleated Loose Sling Tank Tops  Women Casual Summer Loose Off Shoulder Deep V-Neck Backless Vest ,3.66,4,5000,0,3.19,1080,327,170,211,128,244,"Deep V-Neck,Summer,Vest,Plus Size,Tank,sleevelessblouse,Pleated,topsamptshirt,beach wear,tank top,Casual,Women's Fashion,Fashion,backless,V-neck,sexy,blouse,sleeveless,Tops,Women",green,2,45,50,10600,3.86754717,4. Alto(10000),638,Verde,3. Médio Impacto,None,0,FALSE,FALSE,FALSE,0,Standard Shipping,2. Barato,2. Normal,06. P (S),"Moda Praia, Blusa, Camisa, Regata, Top","Poliéster/Elastano, Algodão/Poliéster, Nilon/Elastano, Poliéster/Viscose, Algodão",FALSE,CN,retail_maior,9,FALSE
154,5e93d60ebc5446aedde50c50,New Fashion Summer Women Casual Dress Round Neck Loose Big Swing Skirt Sleeveless Soild Color Beach dress,1.68,2,100,1,3.67,12,6,2,1,0,3,"Summer,Fashion,Necks,Skirts,Dress,Loose,Women's Fashion,Round neck,beach dress,sleeveless,Beach,Casual,Women",white,1,40,50,1047,3.956064947,2. Baixo(100),734,Branco,1. Baixo Impacto,None,0,FALSE,FALSE,FALSE,1,Standard Delivery,2. Barato,2. Normal,04. PP (XXS),Vestido,"Algodão/Poliéster, Algodão/Viscose, Algodão",FALSE,CN,retail_maior,19,TRUE
155,5eda07ab0e295c2097c36590,Fashion Women Summer Sleeveless Dresses V Neck Backless Lace Dress Ladies Beach Dresses White Dress,13,11,100,0,2.5,2,0,1,0,0,1,"Summer,fashion women,Fashion,Lace,Dresses,Dress,Lace Dress,Women's Fashion,ladies dress,beach dress,Sleeveless dress,backless,women's dress,sleeveless,Ladies,women dress,V-neck Dresses,Women,Beach,white,Necks",white,36,29,50,31,3.774193548,2. Baixo(100),500,Branco,1. Baixo Impacto,Scarcity,0,FALSE,FALSE,FALSE,0,Standard Delivery,2. Barato,2. Normal,06. P (S),Vestido,"Poliéster/Elastano, Algodão/Poliéster, Algodão/Viscose, Renda, Algodão",TRUE,CN,price_maior,-15,FALSE
156,5ec37404c1831f02b79b7cd9,Women Fashion Sexy Tie Dye Printed Two Piece Sets Summer T-shirt + Shorts 2 Piece Set Slim Fit Outfit Suits,13,11,1000,1,3.82,11,5,3,1,0,2,"Summer,Plus Size,2pieceset,Women,slim,T Shirts,Shorts,tshirtandtop,Women's Fashion,twopieceoutfit,printed,Tie Dye,Dyes,sexy,shortsforwomen,Outfits,Fashion,Women Fashion,Slim Fit",yellow,30,43,50,80093,4.00669222,3. Médio(1000),764,Laranja/Amarelo,3. Médio Impacto,None,0,FALSE,FALSE,FALSE,1,Standard Delivery,2. Barato,2. Normal,06. P (S),"Camisa, Shorts, Camiseta","Algodão/Poliéster, Poliéster, Poliéster/Elastano, Algodão/Elastano, Algodão",FALSE,CN,price_maior,-15,TRUE
157,5ece1b9e57fd6f3ea96f0b26,Women Summer Casual Loose Solid Color Vintage Overalls Strap Long Pants Jumpsuits Rompers Plus Size,11,16,100,1,2.92,12,2,1,6,0,3,"Summer,Women Rompers,Plus Size,women long pants,linenjumpsuit,pants,Overalls,Loose,plussizejumpsuit,Women's Fashion,strappant,Long pants,Jumpsuits & Rompers,rompers womens jumpsuit,Vintage,Women,women Jumpsuit,Casual,jumpsuit",winered,50,16,50,18,3.666666667,2. Baixo(100),584,Vermelho,4. Alto Impacto,Scarcity,0,FALSE,FALSE,FALSE,1,Standard Delivery,2. Barato,2. Normal,06. P (S),"Macacão, Jardineira/Macacão, Calça, Conjunto/Terno","Algodão/Poliéster, Denim, Poliéster/Algodão, Algodão, Algodão/Denim",TRUE,US,retail_maior,45,TRUE
158,5a3e27622b0a1c693c87e849,Summer Fashion Women Round Neck Sleeveless Pure Color Casual Pocket Dress,7,9,1000,0,3.75,219,101,36,38,15,29,"Round neck,Plus Size,Necks,Summer,Dress,Loose,Pocket,Women's Fashion,Fashion,Pure Color,sleeveless,Casual,Women",black,2,44,50,30643,4.152726561,3. Médio(1000),750,Preto,4. Alto Impacto,Scarcity,0,FALSE,FALSE,FALSE,0,Standard Delivery,2. Barato,2. Normal,06. P (S),Vestido,"Algodão/Poliéster, Algodão",TRUE,CN,retail_maior,29,FALSE
159,5b74c8f200e4c40836165131,4 Color Women Fashion Summer Sleeveless Letters Print Tops Casual Workout Tank Tops Casual Cotton Shirt Vest Loose Blouse (S-5XL),4.81,76,10000,0,4.16,3135,1695,721,416,140,163,"blouse,Women Vest,Vest,Fashion,Tank,Shirt,letter print,Summer,Tops,Casual T-Shirt,tank top,Casual,Women's Fashion,Women,womens workout tank tops,Print,topsampblouse,womens tank tops,tops for women,sleeveless,Cotton",purple,45,39,50,24564,3.928879661,4. Alto(10000),832,Roxo,3. Médio Impacto,None,0,FALSE,FALSE,FALSE,0,Standard Delivery,2. Barato,2. Normal,06. P (S),"Blusa, Camiseta, Camisa, Regata, Top, Colete","Poliéster/Viscose, Algodão/Poliéster, Algodão, Poliéster",FALSE,CN,retail_maior,1480,FALSE
160,5cad4ef199e9b858928efbff,2019 Summer Letter Print Funny T-Shirt Women Fashion Cute Sloth Printed Short Sleeved T-shirt Summer Lady Casual Graphic T Shirts Round Neck Pure Color Tee,9,8,5000,0,4.29,761,476,128,90,34,33,"Summer,Funny T Shirt,Graphic T-Shirt,letter print,cute,shortsleevestee,T Shirts,Plus Size,printed,summer tops,Women Fashion,Women,Funny,Shorts,Shirt,Pure Color,casualteeshirt,Women's Fashion,Round neck,Necks,print t-shirt,Print,o-neck,tops for women",winered,50,55,50,5819,4.151916137,4. Alto(10000),858,Vermelho,4. Alto Impacto,None,0,FALSE,FALSE,FALSE,0,Standard Delivery,2. Barato,2. Normal,07. M,"Camisa, Shorts, Top, Camiseta","Algodão/Poliéster, Poliéster, Algodão",FALSE,US,price_maior,-11,FALSE
161,5b1bf3ccbe42dd67af401067,Summer Elegant Temperament Printing Women Dresses New Fashion Sexy V-neck Short Sleeve Silk Office Lady Dress A-line,18,115,100,0,3.68,177,73,36,31,12,25,"Summer,Plus Size,Office,Sleeve,Dresses,Lady,Dress,short sleeves,V-neck,Shorts,Elegant,Women's Fashion,Printing,Temperament,sexy,silk,Fashion,Women",red,34,51,50,300,4.156666667,2. Baixo(100),736,Vermelho,4. Alto Impacto,Scarcity,0,FALSE,FALSE,FALSE,0,Standard Delivery,2. Barato,2. Normal,07. M,"Vestido, Camiseta, Shorts","Algodão/Poliéster, Poliéster, Poliéster/Elastano, Algodão",TRUE,CN,retail_maior,539,FALSE
162,5bf4c675e52f7426b0d688f3,Women Casual Shorts Fashion Sports Shorts Women Summer Plus Size Loose Pants Cotton Shorts,7,6,5000,1,3.63,601,245,102,121,55,78,"Summer,Plus Size,pants,casualshort,summerpant,Shorts,women shorts,Fashion,solid color,Women,Sport,Women's Fashion,Casual,looseshort,Cotton",khaki,50,41,50,12033,4.024765229,4. Alto(10000),726,Tons Neutros,2. Baixo a Médio Impacto,None,0,FALSE,FALSE,FALSE,1,Standard Delivery,2. Barato,2. Normal,06. P (S),"Calça, Shorts","Algodão/Poliéster, Algodão",FALSE,CN,price_maior,-14,TRUE
164,5e9e8180ec24302643422eff,Sexy Women's Summer Casual Sleeveless Evening Party Backless Beachwear Mini Dress 12 colors ,5,8,1000,1,3.06,31,9,5,5,3,9,"Mini,womens dresses,Summer,Patchwork,fashion dress,Dress,Mini dress,Women's Fashion,backless,party,summer dresses,sleeveless,sexy,Casual",mintgreen,1,40,50,8484,3.995167374,3. Médio(1000),612,Verde,3. Médio Impacto,Scarcity,0,FALSE,FALSE,FALSE,1,Standard Delivery,2. Barato,2. Normal,04. PP (XXS),Vestido,"Poliéster/Elastano, Algodão/Poliéster, Poliéster/Viscose, Poliéster, Algodão/Viscose, Algodão",TRUE,CN,retail_maior,60,TRUE
165,5e9acdb9faf87d3f938dbbe6,Women Summer Fashion Lace Up Short Pants Casual High Waist Pure Color Crepe Woven Tie Beach Shorts Pocket Cotton Short Pants,1.68,2,1000,1,3.76,51,20,13,10,2,6,"Summer,Fashion,Lace,pants,Short pants,Waist,Loose,high waisted,Pocket,high waist,Women's Fashion,Shorts,Lace Up,Pure Color,Beach,Cotton,woven,Casual,Women",black,1,30,50,365,3.942465753,3. Médio(1000),752,Preto,4. Alto Impacto,Scarcity,0,FALSE,FALSE,FALSE,1,Standard Delivery,2. Barato,2. Normal,05. P (XS),"Calça, Shorts","Algodão/Poliéster, Algodão, Renda",TRUE,CN,retail_maior,19,TRUE
166,5e951bd77e3ea319cb8c4d83,8 Colors Camouflage Sunshade Net Army Mesh Nets Lightweight Durable Sunshade Patio Garden Decoration for Hunting Blind Shooting Camping Photography Jungle,7,6,100,1,3.81,21,8,4,6,3,0,"decoration,Patio,Hunting,camping,Army,patiodecoration,carcover,camouflage,camouflagenet,t,militarycamo,Photography,Garden,sunshadecover",blue,3,49,50,44,3.772727273,2. Baixo(100),762,Azul,3. Médio Impacto,None,0,FALSE,FALSE,FALSE,1,Standard Delivery,2. Barato,2. Normal,17. Outros,Não Especificado,"Algodão/Poliéster, Poliéster, Algodão",FALSE,CN,price_maior,-14,TRUE
167,5eb4f323b67a8d189a8f8380,Women's Summer Sleeveless Tank Cotton Vest Printed Tank Tops,6,7,50,0,2.67,3,1,0,0,1,1,"Cotton,Women Vest,Vest,Women's Casual Tops,loose top,Tops & Tees,printed shirts,Tops,Sleeveless Shirt,Women's Fashion,Summer,sleeveless tops,sleeveless,Tank,womens tank tops,summer tops,printed",pink,46,8,50,1374,4.058951965,2. Baixo(100),534,Rosa,3. Médio Impacto,Scarcity,0,FALSE,FALSE,FALSE,0,Standard Delivery,2. Barato,2. Normal,06. P (S),"Top, Camisa, Regata, Colete","Algodão/Poliéster, Algodão, Poliéster",TRUE,CN,retail_maior,17,FALSE
168,5e26fc417db45b12adcdffef,Summer Fashion Men'S Sport Athletic Shorts Pants Men Casual Print,13,19,1000,1,3.76,151,70,31,16,12,22,"Summer,Fashion,beach5pant,Athletics,pants,athleticpant,Sport,Men's Fashion,Shorts,Men's pants,Men,Print,fivepant,Casual,Cotton",black,50,12,50,171,3.941520468,3. Médio(1000),752,Preto,4. Alto Impacto,Scarcity,0,FALSE,FALSE,FALSE,1,Standard Delivery,2. Barato,2. Normal,06. P (S),"Calça, Shorts","Algodão/Poliéster, Algodão, Poliéster",TRUE,CN,retail_maior,46,TRUE
169,5e21311e2e434806022e2d5f,Casual Summer Women's Romper Short Lace Playsuit V-Neck Slim Ladies Jumpsuit,11,89,100,0,3.46,24,8,5,6,0,5,"Summer,Women Rompers,Shorts,women beachwear,womenonepiece,lace top,lace bralette top,womensjumpsuitsromper,V-neck,Rompers,women summer tops,lace lingerie,Women S Clothing,Ladies,jumpsuit,slim,Casual,Lace",black,50,52,50,73595,4.385691963,2. Baixo(100),692,Preto,4. Alto Impacto,Scarcity,0,FALSE,FALSE,FALSE,0,Standard Delivery,2. Barato,2. Normal,06. P (S),"Macacão, Top, Shorts, Conjunto/Terno, Moda Praia","Algodão/Poliéster, Renda, Renda/Poliéster, Algodão/Elastano, Poliéster/Algodão, Algodão, Nilon/Elastano",TRUE,CN,retail_maior,709,FALSE
170,5d9cbb8cf401a262dbc2f81c,Women Summer Off Sholuder V-Neck Printed Big Swing Loose Casual Plus Size Holiday  Beach Gradient Color Long Dress Sling Dress Plus Size,7,6,5000,0,3.29,1042,384,146,158,98,256,"bigswing,Summer,Plus Size,Sling,long dress,Dress,Loose,V-neck,letterprinted,Women's Fashion,printed,sleeveless,offsholuder,Holiday,Beach,Casual,Women",grey,4,46,50,3460,3.870809249,4. Alto(10000),658,Cinzento,2. Baixo a Médio Impacto,None,0,FALSE,FALSE,FALSE,0,Standard Delivery,2. Barato,2. Normal,06. P (S),Vestido,"Algodão/Poliéster, Algodão/Viscose, Viscose/Poliéster, Poliéster, Algodão",FALSE,CN,price_maior,-14,FALSE
171,5eb0d6ce8924cd08428a902a,Plus Size Women's Fashion Loose Casual Round neck Tie Dye Gradient short sleeves Summer T Shirts tops blouses,12,11,100,0,2,3,0,1,0,0,2,"blouse,Summer,Plus Size,Shirt,Sleeve,Tops,Ladies Top,short sleeves,Shorts,Round neck,T Shirts,Women S Clothing,Fashion,Tie Dye,Casual,Dyes,Women's Fashion,tshirts for women,Necks",pink,50,38,50,5301,4.001131862,2. Baixo(100),400,Rosa,3. Médio Impacto,None,0,FALSE,FALSE,FALSE,0,Standard Delivery,2. Barato,2. Normal,05. P (XS),"Blusa, Camisa, Camiseta, Shorts, Top","Poliéster/Viscose, Algodão/Poliéster, Algodão",FALSE,CN,price_maior,-8,FALSE
172,5c7a4ff0fc2f9d2ebdc57be4,Women Summer 2Piece Set Crop Top and Shorts Bodycon Outfit Short Yoga Sport suit,6,17,100,0,4.14,93,50,18,15,8,2,"Summer,Shorts,crop top,womensummeroutfit,women track suit,Sport,Tops,yoga2pcsset,Outfits,womenoutfit,Women's Fashion,Fashion,Sport Suits,Suits,Yoga,womensportoutfit,yogasuit,bodyconclothe,Padded Bra,Women",black,37,74,50,629,4.166931638,2. Baixo(100),828,Preto,4. Alto Impacto,Scarcity,0,FALSE,FALSE,FALSE,0,Standard Delivery,2. Barato,2. Normal,07. M,"Shorts, Conjunto/Terno, Top","Algodão/Poliéster, Poliéster/Borracha, Poliéster/Algodão, Algodão, Nilon/Elastano",TRUE,US,retail_maior,183,FALSE
173,5e71e299eb0f3b5a3af7c35f,Summer casual Women T-shirts Ulzzang Streetwear kawaii cartoon print Tshirt Korean Style Tops Harajuku short sleeve t shirt,6,17,5000,0,3.28,449,165,50,83,49,102,"Summer,korea,cute,korean style,summer t-shirts,short sleeves,Harajuku,Women's Fashion,cartoon t shirt,women t shirt,Casual T-Shirt,short sleeve shirt,kawaiicute,Cartoons,Women,Kawaii,Shorts,Shirt,Sleeve,Tops,T Shirts,Casual,Print,Korean,Printed T Shirts,Fashion,powerpuffgirl",white,50,49,50,7851,4.216278181,4. Alto(10000),656,Branco,1. Baixo Impacto,None,0,FALSE,FALSE,FALSE,0,Standard Delivery,2. Barato,2. Normal,11. Plus Size (3XL),"Camiseta, Camisa, Shorts, Top","Algodão/Poliéster, Algodão, Poliéster",FALSE,CN,retail_maior,183,FALSE
174,5ec1ed21f4cb0a320a390bca,Women's Fashion Double-layer High Waist Workout Yoga Shorts Summer Gym Shorts Pants,8,7,100,1,3.89,9,5,2,0,0,2,"Summer,Shorts,Yoga,high waist,pants,Workout,Women's Fashion,Fashion,sexy,Gym,Women Fashion,Waist",green,25,28,50,88193,4.080890774,2. Baixo(100),778,Verde,3. Médio Impacto,None,0,FALSE,FALSE,FALSE,1,Standard Delivery,2. Barato,2. Normal,06. P (S),"Calça, Shorts","Algodão/Poliéster, Poliéster/Elastano, Algodão, Nilon/Elastano",FALSE,CN,price_maior,-12,TRUE
175,5d5531bfde263a630dedc093,Women Summer T Shirt Dress V-neck Slim Fit Party Dress Casual Soild Color Plus Size Midi Dress Ladies Beach Wear Loose Mini Dresses,8,7,100,0,3.14,29,9,4,6,2,8,"Summer,short sleeve dress,Mini,plus size dress,Slim Fit,slim,V Neckdress,V-neck,Mini dress,Women's Fashion,Party Dress,party,t-shirt dress,Party Dresses,Casual,casual dress,Shirt,Plus Size,summer dress,Fashion,Midi Dress,Ladies,women dress,Women,Beach,Dress",yellow,5,32,50,89,4.06741573,2. Baixo(100),628,Laranja/Amarelo,3. Médio Impacto,None,0,FALSE,FALSE,FALSE,0,Standard Delivery,2. Barato,2. Normal,05. P (XS),"Vestido, Camisa","Algodão/Poliéster, Algodão/Viscose, Poliéster/Elastano, Poliéster, Algodão/Elastano, Algodão",FALSE,CN,price_maior,-12,FALSE
176,5c6770a544f429173fab6b0d,Women Bikini Blockbuster Underwear Padded Swimwear Swimsuit Bathing Swimwear Suit Bikini Summer Plus Swimming Suit Patchwork Beachwear Plus Size XS-8XL,11,84,1000,0,3.98,792,398,163,112,54,65,"sexy underwear,Underwear,Plus Size,women beachwear,bikini set,sexy swimsuit,Summer,sexy bikini,Swimwear,Swimsuit,padded,Bikini,Fashion,Suits,Women,Women's Fashion,Swimming",pink & grey,50,137,50,6460,4.141021672,3. Médio(1000),796,Multicor/Estampado,2. Baixo a Médio Impacto,None,0,FALSE,FALSE,FALSE,0,Standard Delivery,2. Barato,2. Normal,09. GG (XL),"Biquíni, Conjunto/Terno, Maiô/Biquíni, Moda Praia","Algodão/Poliéster, Nilon/Elastano, Poliéster/Borracha, Poliéster/Elastano, Poliéster/Algodão, Algodão",FALSE,CN,retail_maior,664,FALSE
177,5d401a46387b8d36d665b17b,2019 The New Women Fashion Bone Hand Pattern Print Spaghetti Strap Cotton Tank Tops Summer Women Casual Bodycon Slim Fit Sleeveless Beach Style Vest,6,22,5000,0,4.04,548,305,87,78,29,49,"Women Vest,Vest,Fashion,bodyconvest,Summer,Spaghetti Strap,tank top,Women's Fashion,slim,sleeveless tops,Spaghetti,Casual,Women Fashion,Cotton,Tank,slimvest,Tops,Slim Fit,Cotton Vest,Women,Print,sleeveless,summervest,Beach,printvest",pink,21,55,50,7076,3.968061051,4. Alto(10000),808,Rosa,3. Médio Impacto,Scarcity,0,FALSE,FALSE,FALSE,0,Standard Delivery,2. Barato,2. Normal,06. P (S),"Colete, Top, Regata","Algodão/Poliéster, Algodão, Poliéster, Algodão/Elastano, Poliéster/Elastano",TRUE,CN,retail_maior,267,FALSE
178,5e0eb9a3ce94460127984053,Mens Short Pants Summer Beach Pants Sports Trousers,11,10,1000,1,3.76,168,77,32,26,7,26,"runningpant,Trousers & Shorts,Shorts,beach5pant,Summer,Short pants,pants,tracksuitpant,Beach,summerpant,trousersampshort,Sports Pants,Men's pants,Sport,trousers,Sports Wear,blackpant",black,50,42,50,1452,3.73553719,3. Médio(1000),752,Preto,4. Alto Impacto,None,0,FALSE,FALSE,FALSE,1,Standard Shipping,2. Barato,2. Normal,07. M,"Calça, Shorts","Algodão/Poliéster, Algodão",FALSE,CN,price_maior,-9,TRUE
179,5e4b795796159b77894f2afd,NEW Summer Womens Sleeveless V-neck Floral Print Beach Sling Dress Big Swing Dress Loose Casual Long Vest Dresses Ladies Party Dress Plus Size XS-8XL,9,8,100,1,4.16,31,17,7,4,1,2,"Summer,Vest,Plus Size,long dress,Dress,casual dresses,V-neck,Ladies,beach dress,Party Dress,Party Dresses,Floral,summer dresses,Casual,Swing dress,Floral print,Dresses,Women's Fashion,Maxi Dresses,retro,party,Swing,Print,sleeveless,Beach",gray,20,35,50,2869,3.974555594,2. Baixo(100),832,Cinzento,2. Baixo a Médio Impacto,None,0,FALSE,FALSE,FALSE,1,Standard Delivery,2. Barato,2. Normal,06. P (S),Vestido,"Algodão/Poliéster, Algodão/Viscose, Poliéster/Viscose, Viscose/Poliéster, Poliéster, Poliéster/Elastano, Algodão",FALSE,CN,price_maior,-11,TRUE
180,5ea6bb4678212d0c01c3476a,Fabric Waist Trainer Vest Hot Shaper Summer Shaperwear Slimming Adjustable Sweat Belt Body Shaper,8,26,100,0,3.07,14,3,2,5,1,3,"slimming,wasitcincher,Fashion,waistgirdle,slimmingcorset,Corset,Summer,Waist,waist trainer,Fashion Accessory,Vest,shaperwear,belt",black,50,40,50,43,3.186046512,2. Baixo(100),614,Preto,4. Alto Impacto,Scarcity,0,FALSE,FALSE,FALSE,0,Standard Delivery,2. Barato,2. Normal,10. XG (2XL),Não Especificado,"Algodão/Poliéster, Algodão/Elastano, Algodão",TRUE,CN,retail_maior,225,FALSE
181,5dde07c651fe4539f9c3ee70,Summer Women s  Fashion  Lace Up Tie Pants  Plus Size Casual High Waist Short Pants,3.78,4,1000,1,3.35,79,30,13,11,5,20,"Summer,Shorts,high waist shorts,high waist,Casual pants,pants,summer shorts,Waist,Slim Fit,Short pants,Women's Fashion,Plus Size,Lace Up,Women,Fashion,Casual,Lace",red,1,38,50,105015,3.789601486,3. Médio(1000),670,Vermelho,4. Alto Impacto,None,0,FALSE,FALSE,FALSE,1,Standard Delivery,2. Barato,2. Normal,05. P (XS),"Calça, Shorts","Algodão/Poliéster, Renda, Algodão/Elastano, Algodão",FALSE,nao_informado,retail_maior,6,TRUE
182,5bff59032065bf4285123b4a,Fashion Yoga Shorts Women Summer Shorts Casual Sports Shorts Gym Workout Waistband Skinny Shorts S-XL,8,7,100,0,3.89,9,5,2,0,0,2,"Summer,Shorts,Yoga,skinny pants,Bottom,athleticshort,gymshort,Women's Fashion,Fashion,Sports Pants,hightwaistpant,Sport,Casual,Women",white,50,124,50,32724,4.101118445,2. Baixo(100),778,Branco,1. Baixo Impacto,None,0,FALSE,FALSE,FALSE,0,Standard Delivery,2. Barato,2. Normal,06. P (S),"Parte de Baixo, Calça, Shorts","Algodão/Poliéster, Algodão, Nilon/Elastano",FALSE,CN,price_maior,-12,FALSE
183,5e782fc60185361b7bee805f,New Summer Women Bikini Set Colorblock High Waist Swimming Bottom Casual Female Beachwear Bathing Suit Swimsuit Underwear,6,145,100,1,3.83,52,23,13,5,6,5,"swimmingbottom,Summer,Underwear,Fashion,SwimwearWomen,bikini set,Women's Fashion,swimsuits for women,Swimsuit,Casual,high waist,Bikini,beacwear,Suits,Women,Swimming,Bikinis For Women,Waist",green,49,49,50,2602,4.159492698,2. Baixo(100),766,Verde,3. Médio Impacto,None,0,FALSE,FALSE,FALSE,1,Standard Delivery,2. Barato,2. Normal,05. P (XS),"Biquíni, Parte de Baixo, Conjunto/Terno, Maiô/Biquíni, Moda Praia","Nilon/Elastano, Algodão/Poliéster, Poliéster/Algodão, Algodão",FALSE,CN,retail_maior,2317,TRUE
184,5d369a1866c3c46a8212c172,Mens Summer Color Block Printed Chest Pocket Turn Down Collar Button Down Short Sleeve Loose Casual Shirts Beach Holiday,8,17,1000,0,3.96,288,133,75,39,18,23,"Summer,Short Sleeve T-Shirt,Holiday,Men's Fashion,Sleeve,Pocket,Cotton Mens Shirts,button,short sleeves,casualshirtformen,shirts for men,colorblock,Shorts,printed,Collar,Button-Down Shirts,Beach,Casual,Shirt",white,50,32,50,892,3.901345291,3. Médio(1000),792,Branco,1. Baixo Impacto,None,0,FALSE,FALSE,FALSE,0,Standard Delivery,2. Barato,2. Normal,07. M,"Camisa, Camiseta, Shorts","Algodão/Poliéster, Plástico/Metal, Algodão, Algodão/Viscose, Poliéster",FALSE,CN,retail_maior,112,FALSE
185,59cc60cb86ac5b2f32a92b8a,2018 Summer New Women Long Skirts Solid Sexy Split Pencil Skirts,9,36,20000,0,4.09,4345,2341,878,607,230,289,"Summer,long skirt,pencil skirt,Fashion Skirts,long dress,Dress,pencil,Women Skirts,Women's Fashion,splits,sexy,Skirts,Women",black,50,42,50,49327,4.168345936,5. Muito Alto(20000),818,Preto,4. Alto Impacto,None,0,FALSE,FALSE,FALSE,0,Standard Shipping,2. Barato,2. Normal,06. P (S),Vestido,"Algodão/Poliéster, Viscose/Poliéster, Poliéster/Elastano, Algodão",FALSE,CN,retail_maior,300,FALSE
186,5abddcc030a7eb0beba353d5,"Crochet bikini top, Crochet top, bikini top, bikini, beachwear, croshet clothing, boho top, top, sexy top",5.65,5,5000,1,4.06,998,526,202,147,46,77,"Fashion,crochet halter top,Tops,sexy bikini,crochet top,Swimwear,Bikini,boho,Women S Clothing,crochet,crochet bikini,sexy,Clothing",black,50,65,50,92654,4.251721458,4. Alto(10000),812,Preto,4. Alto Impacto,None,0,FALSE,FALSE,FALSE,1,Standard Delivery,2. Barato,2. Normal,06. P (S),"Biquíni, Moda Praia, Top","Nilon/Elastano, Algodão/Poliéster, 5.Misto/Crochê, Poliéster/Elastano, Algodão",FALSE,CN,price_maior,-12,TRUE
187,5e79a626daa3f125000815ad,New Summer Women's Fashion Sleeveless Sexy Deep V-neck Tank Top Package Hip Zipper Tunic Top Vest Casual Women Slim Fit Cotton Tees Shirt Plus Size S-5XL,3,3,100,0,3.4,15,5,3,2,3,2,"tank top women,Vest,Fashion,Cotton T Shirt,tunic top,Summer,slim,V-neck,Women's Fashion,Plus Size,tank top,sexy,Tank,zippers,summer tops,Women,Deep V-Neck,Cotton,tunic,Shirt,sleevelessblouse,Tops,Slim Fit,tunicvesttopswomen,Casual,sleeveless,deep v neck top,bodycon top,tops for women,zippertop",beige,3,36,50,268,3.891791045,2. Baixo(100),680,Tons Neutros,2. Baixo a Médio Impacto,None,0,FALSE,FALSE,FALSE,0,Standard Delivery,2. Barato,2. Normal,05. P (XS),"Blusa, Camiseta, Camisa, Top, Regata, Túnica","Poliéster/Viscose, Algodão/Poliéster, Algodão, Poliéster/Elastano, Algodão/Elastano, Algodão/Viscose, Metal/Plástico",FALSE,CN,iguais,0,FALSE
188,5ec5e902610fbb0cb0ab6da2,Summer Short Sleeve Dress Women Casual Loose Dress Plus Size V-neck Floral Dress,8,10,50,0,3.8,5,3,0,1,0,1,"Summer,Plus Size,sleeve dress,Sleeve,Dress,short sleeves,V-neck,Casual,Women's Fashion,Shorts,Floral dress,Floral,women dress,Women,loose dress,printed",blue,5,23,50,129,3.790697674,2. Baixo(100),760,Azul,3. Médio Impacto,None,0,FALSE,FALSE,FALSE,0,Standard Delivery,2. Barato,2. Normal,05. P (XS),"Vestido, Camiseta, Shorts","Algodão/Poliéster, Poliéster/Viscose, Viscose/Algodão, Poliéster, Algodão",FALSE,CN,retail_maior,25,FALSE
189,5e3bc68087e8cb10820b3161,THAT'S A HORRIBLE IDEA WHAT TIME Art Letter Print T-shirt Summer Fashion Women Vest Sleeveless Round Neck Casual T-shirt Loose Cotton Tank Top Basic Tee Shirt Sport Yoga Top Plus Size XS-5XL,5.74,59,1000,0,3.99,71,41,7,10,7,6,"Women Vest,Vest,Plus Size,art,letter print,Summer,summer t-shirts,yoga top,Women's Fashion,Fashion,tank top,loose t-shirt,Tank,Sport,Casual,Necks,Cotton,fashion women,Yoga,Shirt,Tee Shirt,T Shirts,Round neck,Print,sleeveless,Women,Tops",winered,3,43,50,3161,4.181588105,3. Médio(1000),798,Vermelho,4. Alto Impacto,None,0,FALSE,FALSE,FALSE,0,Standard Delivery,2. Barato,2. Normal,05. P (XS),"Camiseta, Camisa, Regata, Top, Colete","Algodão/Poliéster, Algodão, Poliéster, Nilon/Elastano",FALSE,CN,retail_maior,928,FALSE
190,5ed1c059630f990d1d44592c,Women's Active Skort Athletic Stretchy Pleated Tennis Skirt for Running Golf Workout,5,5,10,0,5,0,0,0,0,0,0,"ladies skort,running skirt,summer skirt,Golf,short dress,Women Skirts,Athletics,Skirts,Pleated,Running,Tennis,short skirt skorts,Women's Fashion,hightwaistdres,Pleated Skirt,Active,short skirt,tennisdres",white,50,8,50,129,3.837209302,1. Micro(10),1000,Branco,1. Baixo Impacto,Scarcity,0,FALSE,FALSE,FALSE,0,Standard Delivery,2. Barato,2. Normal,06. P (S),Vestido,"Algodão/Poliéster, Algodão",TRUE,CN,iguais,0,FALSE
191,5525ebeb3056e817e9ccba1d,Bohemian Fashion Women Dresses Tassel Decoration Geometric Print Off the Shoulder Sexy Beach Dress,8,7,20000,1,3.61,5641,2245,1059,999,562,776,"Women,Tassels,Plus Size,women dresses,Dresses,Dress,summer dress,Women's Fashion,Floral dress,decoration,boho,beach dress,Fashion,Female,sexy,Print,bohemian dress,Geometric,bohemian,Beach,Women Clothing",multicolor,50,38,50,70773,4.038319698,5. Muito Alto(20000),722,Multicor/Estampado,4. Alto Impacto,None,0,FALSE,FALSE,FALSE,1,Standard Delivery,2. Barato,2. Normal,04. PP (XXS),Vestido,"Algodão/Poliéster, Algodão/Viscose, Poliéster/Viscose, Poliéster, Poliéster/Elastano, Algodão",FALSE,CN,price_maior,-12,TRUE
192,5d03bea61eff7835fb25338b,2019 Summer Beach Shoes Couple Ventilative Sandals Casual Shoes Slippers,3.67,4,10000,1,4.31,2072,1314,374,208,73,103,"Summer,Flip Flops,Outdoor,Breathable,Slippers,unisex,Fashion,Shoes,Sandals,Sport,Beach,Casual",black,50,138,50,11333,4.395746934,4. Alto(10000),862,Preto,4. Alto Impacto,None,0,FALSE,FALSE,FALSE,1,Standard Delivery,2. Barato,2. Normal,06. P (S),Não Especificado,"Algodão/Poliéster, Algodão",FALSE,CN,retail_maior,9,TRUE
194,5b1f7d6c3c6b9b16c50a857c,New Women Summer Beach Off Shoulder Bandeau Maxi Dress Holiday Swimwear Cover Up Sexy Bikini Cover Up Beach Swimwear Dress,8,7,5000,1,3.69,894,396,161,128,78,131,"Summer,Women,Dress,summer dress,Cover,Women's Fashion,Swimwear,swim suit cover up,beach dress,off shoulder dress,maxi dress,Bikini,women dress,sexy,Holiday,Beach,Cover Ups,bandeau",yellow,17,33,50,3209,4.278591462,4. Alto(10000),738,Laranja/Amarelo,3. Médio Impacto,None,0,FALSE,FALSE,FALSE,1,Standard Delivery,2. Barato,2. Normal,06. P (S),"Vestido, Biquíni, Moda Praia","Algodão/Poliéster, Algodão/Viscose, Nilon/Elastano, Poliéster, Viscose/Poliéster, Poliéster/Elastano, Algodão",FALSE,CN,price_maior,-12,TRUE
195,5b909b94073c6b7adb985307,6 Color Summer Women Fashion Sexy Slim Fit Elegant Women Dress Plus Size Solid Color Fit and Flare Rockabilly Dress  S-5XL,11,10,1000,0,3.64,357,155,65,51,25,61,"Summer,short sleeve dress,pleated dress,Plus Size,Slim Fit,Women's Fashion,slim,Elegant,wrap dress,Party Dress,Summer Fashion,sexy,Women,Fashion,Dress,casual dress",blue,50,41,50,39381,4.066326401,3. Médio(1000),728,Azul,3. Médio Impacto,None,0,FALSE,FALSE,FALSE,0,Standard Delivery,2. Barato,2. Normal,06. P (S),Vestido,"Algodão/Poliéster, Algodão/Viscose, Poliéster, Poliéster/Elastano, Algodão/Elastano, Algodão",FALSE,CN,price_maior,-9,FALSE
196,5eb2218fbeadef13bbcd71ad,Women's Hey All You Cool Cats and Kittens Tees Funny Women Tank Tops Carole Baskin Shirt,8,7,50,0,4,6,2,2,2,0,0,"sleevelesstopsforwomen,Summer,Fashion,Tank,Shirt,tigershirt,Tops,Sleeveless Shirt,tank top,Cats,bigcat,Funny,Women's Fashion,funnyshirt,carolebaskin,Women",lightblue,4,42,50,19281,4.159898346,2. Baixo(100),800,Azul,3. Médio Impacto,Scarcity,0,FALSE,FALSE,FALSE,0,Standard Delivery,2. Barato,2. Normal,05. P (XS),"Camisa, Regata, Top","Algodão/Poliéster, Algodão",TRUE,CN,price_maior,-12,FALSE
197,5c6275876c0cb22f5e6ba570,Women's Fashion Vintage Hollow Out Lace Dress Women Elegant Sleeveless White Dress Summer Chic Party Dress Vestidos Robe,22,169,1000,1,3.38,542,195,93,92,49,113,"Summer,Fashion,Lace,Hollow-out,Dress,Mini dress,white dress,Elegant,beach dress,Party Dress,Sexy Dress,Summer Fashion,Chic,white,casual dress,party,Midi Dresses,Vintage,Lace Dress,Women's Fashion,sleeveless,Robes,Women",white,50,35,50,9341,4.147414624,3. Médio(1000),676,Branco,1. Baixo Impacto,Scarcity,0,FALSE,FALSE,FALSE,1,Standard Delivery,2. Barato,2. Normal,07. M,"Vestido, Robe","Algodão/Poliéster, Algodão/Viscose, Renda, Poliéster/Elastano, Poliéster, Poliéster/Algodão, Algodão, Algodão/Denim",TRUE,CN,retail_maior,668,TRUE
198,5bcd4a045d689f171be1655b,Women's Fashion Chiffon Shirt Sleeveless Loose Tops T Shirt Plus Size S-5XL,8,7,10000,1,3.7,2441,1070,460,373,181,357,"Summer,Vest,Plus Size,Shirt,chiffon,Tops,Women's Fashion,Fashion,off shoulder,sleeveless,Casual",white,50,41,50,39381,4.066326401,4. Alto(10000),740,Branco,1. Baixo Impacto,None,0,FALSE,FALSE,FALSE,1,Standard Delivery,2. Barato,2. Normal,06. P (S),"Camisa, Top","Algodão/Poliéster, Poliéster, Poliéster/Elastano, Algodão",FALSE,CN,price_maior,-12,TRUE
199,5d0062d51eff785af2761c47,Women Halter Long Sling Dress Swing Print Boho Dress,19,26,1000,1,3.01,205,57,25,43,23,57,"Swing dress,halter dress,Halter,Dress,summer dress,Women's Fashion,Maxi Dresses,boho,beach dress,boho dress,Party Dresses,Print,Floral print,Women,casual dress",multicolor,10,47,40,5048,4.159667195,3. Médio(1000),602,Multicor/Estampado,4. Alto Impacto,None,2,TRUE,FALSE,TRUE,1,Standard Delivery,3. Médio,2. Normal,08. G (L),Vestido,"Algodão/Poliéster, Algodão/Viscose, Viscose/Poliéster, Poliéster/Viscose, Poliéster, Poliéster/Elastano, Algodão",FALSE,CN,retail_maior,37,TRUE
200,5d05b9c3ffe84667e45db71e,Summer Women's Loose V-neck Sling Dress Sleeveless Dress Lace Dress,11,10,1000,0,3.67,215,94,32,40,23,26,"Summer,Lace,Dress,Lace Dress,V-neck,Women's Fashion,Women Clothing,Sleeveless dress,summer dresses,women dress,loose dress,sleeveless",pink,50,39,50,2377,4.063525452,3. Médio(1000),734,Rosa,3. Médio Impacto,None,0,FALSE,FALSE,FALSE,0,Standard Shipping,2. Barato,2. Normal,06. P (S),Vestido,"Algodão/Poliéster, Renda, Viscose/Algodão, Algodão/Viscose, Algodão",FALSE,CN,price_maior,-9,FALSE
201,5ce55cc2ebe4035d7fbeb4f8,Summer Women Casual Sleeveless Loose Tops Floral Printed V-neck Shirt Blouse Ladies Fashion Buttoned T-shirts Lady Vest Plus Size Tank Tops XS-8XL,6,6,1000,0,4.17,505,295,108,36,23,43,"Summer,Vest,Fashion,tank top,Women's Fashion,Plus Size,V-neck,Floral,Tank,Casual,Ladies Fashion,blouse,Floral print,Shirt,Tops,Blouses & Shirts,T Shirts,Tops & T-Shirts,Ladies,sleeveless,Women,printed",pink,9,37,50,2996,4.348798398,3. Médio(1000),834,Rosa,3. Médio Impacto,None,0,FALSE,FALSE,FALSE,0,Standard Delivery,2. Barato,2. Normal,05. P (XS),"Blusa, Camisa, Camiseta, Regata, Top","Poliéster/Viscose, Algodão/Poliéster, Poliéster, Algodão",FALSE,CN,iguais,0,FALSE
202,5b73bf7b7594b445df99384e,"4 Colors Summer Women Fashion Sleeveless Cotton Letter Print ""BUT DID YOU DIE"" Tank Tops Workout Tank Top T-shirt Tee In Blue White and Grey",7,56,5000,1,4.16,1378,747,317,172,66,76,"Blues,Summer,Plus Size,Tank,Sexy Top,letter print,Workout tanktop,Tops,Grey,tank top,Women's Fashion,Fashion,women t shirt,Women,Casual T-Shirt,Print,sleeveless,white,women top,T Shirts,Cotton",pink,15,41,50,25222,4.001546269,4. Alto(10000),832,Rosa,3. Médio Impacto,None,0,FALSE,FALSE,FALSE,1,Standard Delivery,2. Barato,2. Normal,06. P (S),"Camiseta, Camisa, Regata, Top","Algodão/Poliéster, Algodão, Poliéster, Poliéster/Elastano",FALSE,CN,retail_maior,700,TRUE
203,5cce7e4242b1b85f6d3e5fa6,XS-8XL Womens Fashion Summer Short Sleeve Long Blouses Deep V-neck Loose Party Dress Ladies Casual Loose Solid Color Plus Size Beach Wear Cover-up Short Linen Dress,7,6,10000,1,3.84,1978,951,368,285,144,230,"Summer,Plus Size,Deep V-Neck,Dress,short sleeves,V-neck,Mini dress,beach dress,Fashion,t-shirt dress,Casual,blouse,Shorts,Tops & Blouses,Sleeve,summer dress,Women's Fashion,Party Dress,Ladies,party,linen dress,Beach,loose dress",white,10,20,50,7069,4.055029,4. Alto(10000),768,Branco,1. Baixo Impacto,None,0,FALSE,FALSE,FALSE,1,Standard Delivery,2. Barato,2. Normal,05. P (XS),"Vestido, Blusa, Camisa, Camiseta, Shorts, Top","Algodão/Poliéster, Algodão/Viscose, Poliéster/Viscose, Poliéster/Elastano, Viscose/Algodão, Poliéster, Algodão",FALSE,CN,price_maior,-14,TRUE
204,5e68654e4d9d67070047a61b,Women Summer Casual Loose Solid Color Vintage Overalls Strap Long Pants Jumpsuits Rompers Plus Size,8,11,100,0,2.81,21,5,2,4,4,6,"Summer,Women Rompers,Plus Size,women long pants,linenjumpsuit,pants,Overalls,Loose,plussizejumpsuit,Women's Fashion,strappant,Long pants,Jumpsuits & Rompers,rompers womens jumpsuit,Vintage,Women,women Jumpsuit,Casual,jumpsuit",winered,50,17,50,31,3.580645161,2. Baixo(100),562,Vermelho,4. Alto Impacto,Scarcity,0,FALSE,FALSE,FALSE,0,Standard Delivery,2. Barato,2. Normal,06. P (S),"Macacão, Jardineira/Macacão, Calça, Conjunto/Terno","Algodão/Poliéster, Denim, Poliéster/Algodão, Algodão, Algodão/Denim",TRUE,CN,retail_maior,38,FALSE
205,5e58c7425692c749b5631d44,Women Spring Floral Printed Demin Jumpsuit Romper Ladies Embroidery Summer Overalls Trousers Jeans Plus Size,14,26,100,0,3.61,72,31,14,8,6,13,"Summer,Plus Size,Floral print,Spring,demin,Overalls,Women's Fashion,jeansforwomen,trousersforwomen,Flowers,printed,Ladies,Jeans,Women,trousers,Rompers,Women Fashion,jumpsuit",grey,2,39,50,7385,4.087339201,2. Baixo(100),722,Cinzento,2. Baixo a Médio Impacto,None,0,FALSE,FALSE,FALSE,0,Standard Delivery,2. Barato,2. Normal,05. P (XS),"Jeans, Macacão, Jardineira/Macacão","Algodão/Poliéster, Poliéster/Viscose, Denim, Poliéster, Algodão",FALSE,CN,retail_maior,86,FALSE
206,5e142dee04c3e579e89576a3,Summer Women Boho Maxi Polka Dot Dress Irregular Sleeveless Casual Beach Wear Sundress,6,6,100,1,3.67,27,9,8,5,2,3,"Summer,Plus Size,women dresses,polka dot,Spaghetti Strap,Polkas,irregulardre,boho,Women's Fashion,Party Dress,boho dress,Dress,sleeveless,sundress,Beach,Casual,Women",coffee,5,38,50,4705,4.040595112,2. Baixo(100),734,Tons Neutros,2. Baixo a Médio Impacto,Scarcity,0,FALSE,FALSE,FALSE,1,Standard Delivery,2. Barato,2. Normal,04. PP (XXS),Vestido,"Algodão/Poliéster, Viscose/Poliéster, Poliéster, Poliéster/Elastano, Algodão",TRUE,CN,iguais,0,TRUE
207,5ad1ac1b81260b40b40c6b2b,2018 New Fashion Women Bikini Set Push-up Padded Bra Swimsuit -Swimwear,11,12,5000,0,3.45,1045,383,181,188,109,184,"Women,summer bikini,cheap tankini swimwear,bikini set,Bikini swimwear,sexy bikini,fashion bikini,Womens swimwear,beachwearbikini,padded,Women's Fashion,Fashion,swimsuits for women,triangle bikini,Bikini,sexy,Swimsuit,Bras,Swimming",black,50,79,50,1490,3.946308725,4. Alto(10000),690,Preto,4. Alto Impacto,None,0,FALSE,FALSE,FALSE,0,Standard Delivery,2. Barato,2. Normal,06. P (S),"Biquíni, Sutiã, Conjunto/Terno, Maiô/Biquíni, Moda Praia","Algodão/Poliéster, Nilon/Elastano, Poliéster/Borracha, Poliéster/Elastano, Poliéster/Algodão, Algodão",FALSE,CN,retail_maior,9,FALSE
208,594c7f0082f9b070a355c94c,Sexy Women's Summer Casual Sleeveless Evening Party Backless Beachwear Mini Dress,6,21,5000,0,3.18,573,174,96,97,69,137,"Summer,womens dresses,Mini,Patchwork,Dress,backlessbeachwear,Mini dress,beachdresse,Women's Fashion,Women S Clothing,soliddresse,party,backless,sexy,Casual,sleeveless",rose,13,34,50,9827,4.11386995,4. Alto(10000),636,Rosa,3. Médio Impacto,None,0,FALSE,FALSE,FALSE,0,Standard Delivery,2. Barato,2. Normal,06. P (S),Vestido,"Poliéster/Elastano, Algodão/Poliéster, Poliéster, Algodão",FALSE,CN,retail_maior,250,FALSE
209,5ce3aefa37b2e67944a89146,Women Skeleton Printed Premium Bodycon Slim Fit Soft Elasticity Black Summer Casual Shorts,7,47,5000,0,4.02,556,308,90,69,39,50,"womensummershort,womenshortspant,casualwomensjean,Skeleton,printed,Summer,fashionwomensummershort,athleticshort,Women's Fashion,Shorts,black,womenminishort,Denim pants,skeletonprinted,Women,slim,Casual,Slim Fit",multicolor,50,42,50,35262,3.939481595,4. Alto(10000),804,Multicor/Estampado,4. Alto Impacto,None,0,FALSE,FALSE,FALSE,0,Standard Delivery,2. Barato,2. Normal,07. M,"Calça, Shorts","Algodão/Poliéster, Denim, Poliéster, Algodão/Elastano, Algodão",FALSE,CN,retail_maior,571,FALSE
210,5ac31ba3a9cca9278bbf44d5,Women Summer Sexy Halter Mini Dress Party Bodycon Dress Striped Dresses(S-XL),6,76,10000,1,4.29,1741,1074,324,191,73,79,"sleeveless,Halter,Mini,Dress,Mini dress,women dress,Women's Fashion,sexy,party,Sexy Dress,solid color,summer dresses,Striped,Beach,Bodycon Dress,Women",black,50,32,50,28159,4.183387194,4. Alto(10000),858,Preto,4. Alto Impacto,None,1,FALSE,TRUE,FALSE,1,Standard Delivery,2. Barato,2. Normal,06. P (S),Vestido,"Algodão/Poliéster, Poliéster/Elastano, Poliéster, Algodão/Viscose, Algodão",FALSE,CN,retail_maior,1167,TRUE
211,5d9d842eb20dc815d33f5749,2020 New Womens Summer Sleeveless V-neck Floral Print Sling Dress Fashion Big Swing Skirt Loose Casual Long Vest Spaghetti Strap Dresses Ladies Party Dress Plus Size S-5XL,7,16,10000,0,3.71,1792,802,331,255,146,258,"Summer,Vest,Plus Size,Floral print,Fashion,long dress,Spaghetti,Dress,summer dress,V-neck,Floral,Ladies,Women's Fashion,Party Dress,party,maxi dress,Print,sleeveless,Skirts,Casual",red,50,45,50,1702,3.907168038,4. Alto(10000),742,Vermelho,4. Alto Impacto,None,0,FALSE,FALSE,FALSE,0,Standard Delivery,2. Barato,2. Normal,06. P (S),Vestido,"Algodão/Poliéster, Poliéster/Viscose, Viscose/Poliéster, Poliéster, Poliéster/Elastano, Algodão/Viscose, Algodão",FALSE,CN,retail_maior,129,FALSE
212,5e1bd84750f8cd462a20b05b,Pnma Men Summer Quick Dry Shorts Mens Swim Beach Shorts Swim Shorts Beach Wear Sports Gym,9,65,1000,1,3.7,162,70,32,26,10,24,"runningshort,Beach Shorts,beachpant,Bottom,sailboatshort,Shorts,Sport,beach swimwear,Men's Fashion,Puma,Summer,Men Shorts,men's shorts,surfshort,Beach,Men",red,50,36,50,3373,3.964719834,3. Médio(1000),740,Vermelho,4. Alto Impacto,None,0,FALSE,FALSE,FALSE,1,Standard Delivery,2. Barato,2. Normal,07. M,"Parte de Baixo, Shorts, Moda Praia","Algodão/Poliéster, Nilon/Elastano, Algodão",FALSE,CN,retail_maior,622,TRUE
213,5ec1e63f7abee20ab93c68f2,Short Sleeve Beach Dress Women Summer Print V Neck Dress Loose Casual Pullover Midi Dress,8,10,50,0,5,2,2,0,0,0,0,"Summer,short sleeve dress,neck dress,Necks,Sleeve,Beach,Dress,Loose,short sleeves,V-neck,Shorts,beach dress,Plus Size,Midi Dress,summer dress,Print,Pullovers,Women's Fashion,Casual,Women",yellow,5,23,50,127,3.874015748,2. Baixo(100),1000,Laranja/Amarelo,3. Médio Impacto,None,0,FALSE,FALSE,FALSE,0,Standard Delivery,2. Barato,2. Normal,05. P (XS),"Vestido, Pulôver, Camiseta, Shorts","Algodão/Poliéster, Algodão/Viscose, Poliéster, Algodão",FALSE,CN,retail_maior,25,FALSE
214,5e65d0ea5dc348884032a14e,NEW Womens Short Sleeve Baggy Summer Beach Midi Dress Ladies Shift Kaftan Dresses,11,84,100,1,3.61,18,6,5,4,0,3,"Summer,Shift Dress,Sleeve,shirt dress,long dress,Beach,Dress,short sleeves,cottonlinendre,beach dress,Shorts,Midi Dress,Ladies,Women's Fashion,loose dress",gray,5,27,50,435,3.855172414,2. Baixo(100),722,Cinzento,2. Baixo a Médio Impacto,None,0,FALSE,FALSE,FALSE,1,Standard Delivery,2. Barato,2. Normal,05. P (XS),"Vestido, Camisa, Camiseta, Shorts","Algodão/Poliéster, Algodão/Viscose, Algodão, Viscose/Poliéster, Viscose/Algodão",FALSE,CN,retail_maior,664,TRUE
215,54bdf18039b8c045f118936a,New Aeeival Women Clothing Long Sleeve Autumn Winter Ball Gown Dress Slim Fit Patchwork Casual Lace Dress Vestido De Renda,8,7,100000,1,3.76,11062,4663,2418,1868,842,1271,"roupas femininas,womens dresses,Lace,gowns,Long Sleeve,Dress,dress slim,Women's Fashion,Party Dress,chiffiondres,vestidoderenda,Clothing,Casual,Slim Fit,Winter,Sleeve,robefemme,Lace Dress,slim,ball gown,women dress,Women,Fashion",light green,10,38,50,108048,4.052504442,6. Crítico(>20000),752,Verde,3. Médio Impacto,None,0,FALSE,FALSE,FALSE,1,Standard Delivery,2. Barato,2. Normal,07. M,Vestido,"Algodão/Poliéster, Renda, Poliéster, Poliéster/Elastano, Algodão/Elastano, Algodão",FALSE,CN,price_maior,-12,TRUE
216,5c8783d4fc2f9d769aa1cc3e,2019 Women Open Toe Ankle Braid Strap Straw Platform Sandals Adjustable Buckle Wedge Rubble Sole Summer Shoes Cute Espadrille,18,17,10000,0,4.17,3229,1834,691,340,140,224,"wedge,Sandals,Summer,antislip,espadrille,Slippers,Platform,Women's Fashion,open toe,cute,Shoes,Ankle,women shoes,Braids,Beach,Buckles,Women",leopard,18,39,50,3309,4.250528861,4. Alto(10000),834,Multicor/Estampado,3. Médio Impacto,None,0,FALSE,FALSE,FALSE,0,Standard Delivery,2. Barato,2. Normal,06. P (S),Não Especificado,"Algodão/Poliéster, Algodão",FALSE,CN,price_maior,-6,FALSE
217,573db9316b335c34ca0513b8,Women's Sexy Push Up Bikini Vintage Set Sexy Brazilian Biquini,11,30,10,0,5,0,0,0,0,0,0,"woman fashion,Fashion,outside,Vintage,sexy bikini,tasselbikini,Swimwear,Swimsuit,Bikini,brazilian,sexy,Beach,Women",no_color_specified,50,78,50,22621,4.295124,1. Micro(10),1000,Não Informado,0. Não Informado,Scarcity,0,FALSE,FALSE,FALSE,0,Standard Delivery,2. Barato,2. Normal,06. P (S),"Biquíni, Maiô/Biquíni, Moda Praia","Algodão/Poliéster, Nilon/Elastano, Poliéster/Elastano, Algodão, Algodão/Denim",TRUE,CN,retail_maior,173,FALSE
218,5ee8875404718a4bba2d6348,S-5XL New Fashion Women Tops Blouse Sleeveless V-neck Solid Color Tank Top Women Summer Shirt Tops Plus Size Causal Loose,4.83,51,50,1,2,1,0,0,0,1,0,"blouse,Summer,Plus Size,Tops & Blouses,Shirt,Women Vest,Tank,button,Spaghetti Strap,tank top,Tops,Women's Fashion,Fashion,V-neck,sleeveless,Casual,Women",white,3,39,50,57,3.824561404,2. Baixo(100),400,Branco,1. Baixo Impacto,Scarcity,0,FALSE,FALSE,FALSE,1,Standard Delivery,2. Barato,2. Normal,05. P (XS),"Blusa, Camisa, Regata, Top, Colete","Poliéster/Viscose, Plástico/Metal, Algodão/Poliéster, Poliéster/Elastano, Algodão",TRUE,VE,retail_maior,956,TRUE
219,5ea5128b91b00685e5fe387d,2020 NEW Women Short Sets Summer Short Sleeve Tracksuit Fashion Printed T-shirt and Shorts,8,7,100,1,4.57,7,5,1,1,0,0,"Summer,womenshirtset,shortsetsforwomen,Sleeve,beachsuit,yoga pants,womensportset,yogasuitset,short sleeves,womens clothes,Women's Fashion,Shorts,printed,Fashion,T Shirts,Women",black & white,2,37,50,610,3.814754098,2. Baixo(100),914,Multicor/Estampado,1. Baixo Impacto,None,0,FALSE,FALSE,FALSE,1,Standard Delivery,2. Barato,2. Normal,05. P (XS),"Calça, Camisa, Camiseta, Shorts, Conjunto/Terno","Algodão/Poliéster, Poliéster, Poliéster/Algodão, Algodão, Nilon/Elastano",FALSE,CN,price_maior,-12,TRUE
220,5d5bc86a32cc57482a4b9d5a,Women's Fashion Boho Long Dot Dress Long Dress High Silt Printed Beach Dress XS-5XL,5.85,13,1000,1,3.16,602,186,104,97,52,163,"wavepointdre,Fashion,long dress,Beach,Dress,summer dress,boho,beach dress,Party Dress,boho dress,printed,Women's Fashion",blue,9,38,50,25631,3.894736842,3. Médio(1000),632,Azul,3. Médio Impacto,Scarcity,0,FALSE,FALSE,FALSE,1,Standard Delivery,2. Barato,2. Normal,05. P (XS),Vestido,"Algodão/Poliéster, Algodão/Viscose, Viscose/Poliéster, Poliéster, Poliéster/Elastano, Algodão",TRUE,CN,retail_maior,122,TRUE
221,5d0729b0f945bd59ac54b329,Summer New Fashion Women Two Pieces Sleepwear Soft Silk Casual Pajama Sets(6 Colors) ,11,10,100,1,3.96,25,17,0,2,2,4,"pajamaset,Fashion,sexy pajamas for womens,silksleepwearforwomen,silksleepwear,pajamassuit,Casual,Women's Fashion,Summer,Sleepwear,pajamasforwomen,silksleepwearnightgown,silk,pajamassleepwear,women's pajamas,Women",red,50,27,50,794,4.277078086,2. Baixo(100),792,Vermelho,4. Alto Impacto,Scarcity,2,TRUE,TRUE,FALSE,1,Standard Delivery,2. Barato,2. Normal,05. P (XS),"Pijama, Roupa de Dormir","Algodão/Poliéster, Algodão/Viscose, Poliéster/Elastano, Algodão",TRUE,CN,price_maior,-9,TRUE
222,5e54bf2ed1ef373d3ad6d1d9,Fashion Sunflower Print Short Sleeve T Shirt Summer Women Shirts Plus Size,9,34,100,1,4.44,18,13,3,0,1,1,"Summer,Plus Size,Shirt,Sleeve,Sunflowers,short sleeves,Round neck,Women's Fashion,Shorts,Print,Women,women top,Fashion,T Shirts,Cotton",black,50,39,50,1385,4.124909747,2. Baixo(100),888,Preto,4. Alto Impacto,None,0,FALSE,FALSE,FALSE,1,Standard Delivery,2. Barato,2. Normal,07. M,"Camisa, Camiseta, Shorts, Top","Algodão, Algodão/Poliéster, Poliéster",FALSE,CN,retail_maior,278,TRUE
223,5a13ff501726782d8daed18e,100%Cotton ZANZEA S-5XL NEW Vintage Women Strap Dungaree Jumpsuit Casual Loose Trousers Overalls Rompers Jumpsuit,15,101,1000,0,3.91,646,334,106,94,41,71,"Women Pants,Loose,Jumpsuits & Rompers,playsuit,Casual,Women's Fashion,women trousers,Women,jumpsuit,summer tops,Cotton",yellow,22,40,50,29044,4.160274067,3. Médio(1000),782,Laranja/Amarelo,3. Médio Impacto,None,1,TRUE,FALSE,FALSE,0,Standard Delivery,2. Barato,2. Normal,08. G (L),"Macacão, Calça, Conjunto/Terno, Top","Algodão/Poliéster, Algodão, Poliéster/Algodão",FALSE,CN,retail_maior,573,FALSE
224,5b1a56a219b6ee563e1edc39,Women Sleeveless T-shirt Letters Printed 'I HATE EVERYONE' Tank Top Summer Ladies Blouse Camisole Vest Tee Pullovers,5,5,1000,0,4.06,197,109,37,25,6,20,"blouse,Summer,Vest,Fashion,Tank,camisole,lettersprinted,Tops,T Shirts,tank top,Pullovers,Women's Fashion,printed,Ladies,sleeveless,Loose tank tops,Casual,Women",white,50,39,50,2610,4.158237548,3. Médio(1000),812,Branco,1. Baixo Impacto,None,0,FALSE,FALSE,FALSE,0,Standard Delivery,2. Barato,2. Normal,07. M,"Blusa, Camisete, Pulôver, Camisa, Camiseta, Regata, Top","Poliéster/Viscose, Algodão/Poliéster, Poliéster, Algodão",FALSE,CN,iguais,0,FALSE
225,5e9692898a10221b310986c9,Women Fashion Solid Color Sexy V-neck Crop Tops Slim Fit Summer Short Sleeve Tank Top T Shirts,8,7,100,1,3.52,23,9,3,4,5,2,"Summer,Fashion,crop top,Shirt,Sleeve,Tank,Tops,slim,short sleeves,V-neck,T Shirts,Shorts,tank top,solid color,sexy,Women,Women's Fashion,Casual,Women Fashion,Slim Fit",pink,17,41,50,139223,3.933581377,2. Baixo(100),704,Rosa,3. Médio Impacto,Scarcity,0,FALSE,FALSE,FALSE,1,Standard Delivery,2. Barato,2. Normal,06. P (S),"Camisa, Camiseta, Shorts, Regata, Top","Algodão/Poliéster, Poliéster/Elastano, Algodão/Elastano, Algodão",TRUE,CN,price_maior,-12,TRUE
226,5cada72d2d542d7a90cb4f2f,2019 Summer Sexy Women Halter Tops Beach Swimming Letter Print Swimwear Lady's Push Up Vest Bra S-3XL,5.69,5,5000,0,4.26,798,469,174,88,30,37,"Summer,Vest,wrappedchest,Halter,slingvest,Print,Women's Fashion,sexy,Beach,summer tops,Women Fashion,Bottoming shirt,letter print,bras for women,Tops,Swimwear,Push up bikini,Women,Bras,Halter Bikini,spaghetti strap top,beachvesttop,Swimming",black,50,51,50,2199,4.236471123,4. Alto(10000),852,Preto,4. Alto Impacto,Scarcity,1,FALSE,TRUE,FALSE,0,Standard Delivery,2. Barato,2. Normal,07. M,"Colete, Biquíni, Parte de Baixo, Sutiã, Camisa, Top, Moda Praia","Algodão/Poliéster, Nilon/Elastano, Poliéster, Poliéster/Elastano, Algodão",TRUE,US,price_maior,-12,FALSE
229,5b6696c5365562146825dd5f,"new summer men's hooded large pockets, pure color large size short sleeve T-shirt",6,41,5000,1,4.1,939,496,209,124,49,61,"Summer,polo men,Polo Shirts,Sleeve,Pure Color,polo hat,short sleeves,Shorts,menpoloshirt,T Shirts,hooded,Polos,T-Shirts polo sport men's,poloshirtmen,menspoloshirtbrand",white,47,41,50,9926,3.94922426,4. Alto(10000),820,Branco,1. Baixo Impacto,None,0,FALSE,FALSE,FALSE,1,Standard Delivery,2. Barato,2. Normal,06. P (S),"Camisa, Camiseta, Shorts","Algodão/Poliéster, Algodão",FALSE,CN,retail_maior,583,TRUE
230,5d5e5ca35cd08f2a40b53f48,ZANZEA Damen Übergröße Tunikakleid Kaftan Freizeitkleid Strand Retro Longtop Kleid Kaftan Dresses,11,89,100,0,3.77,48,22,8,9,3,6,"damenkleid,plaincolordres,highwaistdres,Evening Dress,Dress,summercocktaildres,Party Dress,retro,femmerobe,women dress,sommerkleid,Vintage dress",orange-red,4,37,50,104269,4.253287171,2. Baixo(100),754,Vermelho,3. Médio Impacto,None,0,FALSE,FALSE,FALSE,0,Standard Delivery,2. Barato,2. Normal,06. P (S),Vestido,"Algodão/Poliéster, Poliéster, Poliéster/Elastano, Algodão, Algodão/Denim",FALSE,CN,retail_maior,709,FALSE
231,5eeb1da8eeb02e10154792a6,(S-5XL) Women Fashion Summer Double-Layer Sports Shorts Quick-Drying Yoga Sports Leggings Fitness Shorts Plus Size,1.72,56,100,1,4,6,3,1,1,1,0,"Summer,Leggings,Shorts,loosecasualsweatpant,Fitness,casualshort,Plus Size,athleticshort,high waisted,yogashort,Women's Fashion,bodybuildingshort,quickdryingshort,Yoga,Sport,Fashion,short skirt,Women",red,5,27,36,1338,4.09715994,2. Baixo(100),800,Vermelho,4. Alto Impacto,None,0,FALSE,FALSE,FALSE,1,Standard Delivery,2. Barato,2. Normal,03. PP (XXXS),Shorts,"Algodão/Poliéster, Algodão, Nilon/Elastano",FALSE,CN,retail_maior,3156,TRUE
232,5cc5464bef87096336ab0583,Women Deep V Neck Casual Sleeveless Blouse Floral Print T-Shirt Summer Loose Blouse,5.78,26,10000,0,3.84,1426,659,287,219,112,149,"blouse,Summer,Plus Size,Floral print,Shirt,sleevelessblouse,Necks,Women's Fashion,tank top,Print,T Shirts,Fashion,casual shirt,Women,Floral,sleeveless,women top,Casual,sleeveless tops",white,50,37,50,3549,3.982248521,4. Alto(10000),768,Branco,1. Baixo Impacto,None,0,FALSE,FALSE,FALSE,0,Standard Delivery,2. Barato,2. Normal,06. P (S),"Blusa, Camisa, Top, Camiseta, Regata","Poliéster/Viscose, Algodão/Poliéster, Poliéster, Algodão",FALSE,CN,retail_maior,350,FALSE
233,5cda28715a88ef05656ef440,New Women's Fashion Love Print Short Sleeve T-Shirt Summer Casual Graphic Tess Tops,11,10,5000,0,4.23,1109,658,217,131,33,70,"Summer,Shorts,Love,Sleeve,tee shirt women,Tops,summer t-shirts,short sleeves,Casual,Round neck,loveprinttshirt,Fashion,teesamptshirt,graphic tees women,Print,tes,Women's Fashion,tops for women,T Shirts",black,50,48,50,5781,4.27486594,4. Alto(10000),846,Preto,4. Alto Impacto,Scarcity,0,FALSE,FALSE,FALSE,0,Standard Delivery,2. Barato,2. Normal,07. M,"Camisa, Camiseta, Shorts, Top","Algodão/Poliéster, Poliéster, Algodão",TRUE,CN,price_maior,-9,FALSE
234,5cd22d97dd0c5b6415519101,Women Plus Size Off Shoulder Animal Print Long Sleeve Irregular Loose Dress,12,11,1000,0,3.67,646,261,140,109,43,93,"Plus Size,off shoulder dress,Sleeve,Long Sleeve,Dress,V Neckdress,Women's Fashion,animal print,Animal,Print,women dress,loose dress,Women",white,50,24,50,870,3.891954023,3. Médio(1000),734,Branco,1. Baixo Impacto,None,0,FALSE,FALSE,FALSE,0,Standard Delivery,2. Barato,2. Normal,06. P (S),Vestido,"Algodão/Poliéster, Viscose/Algodão, Poliéster/Elastano, Poliéster, Algodão",FALSE,CN,price_maior,-8,FALSE
235,5cf5ccee75af880a5c947bcf,Women Summer Fashion Sleeveless Crop Tops Spaghetti Strap Deep V Neck Tank Tops Solid Color Casual Slim Fit Cami  Vest  Short T Shirt,8,42,1000,0,3.5,409,158,67,74,41,69,"Tanktops for women,Vest,Fashion,crop top,Summer,Shirt,Slim Fit,topsamptshirt,Women's Fashion,slim,summer tops,Women Fashion,clubwear,Shorts,Tank,Sexy Top,Spaghetti,Tops,Necks,cropped,Casual,sleevelesstshirt,sleeveless,Women,tops for women",orange,50,41,50,8433,3.875963477,3. Médio(1000),700,Laranja/Amarelo,3. Médio Impacto,None,0,FALSE,FALSE,FALSE,0,Standard Delivery,2. Barato,2. Normal,06. P (S),"Camisa, Shorts, Camiseta, Top","Algodão/Poliéster, Poliéster/Elastano, Algodão, Algodão/Elastano",FALSE,CN,retail_maior,425,FALSE
236,5eb95cc7802266bb4675b6d5,Women Fashion Summer Round Neck Flower Print Vest Casual Sleeveless Tops Loose Plus Size Print Tank Tops,1.89,2,100,0,3.46,39,16,8,2,4,9,"Summer,Vest,Fashion,Tank,Necks,Tops,Loose,tank top,Round neck,Women's Fashion,Plus Size,Flowers,Print,sleeveless,women top,Casual,Women",black,1,33,50,540,4.105555556,2. Baixo(100),692,Preto,4. Alto Impacto,None,0,FALSE,FALSE,FALSE,0,Standard Delivery,2. Barato,2. Normal,05. P (XS),"Regata, Top","Algodão/Poliéster, Poliéster, Algodão",FALSE,CN,retail_maior,6,FALSE
237,5d11c1a359a267782799345b,Women's Fashion Short Sleeve Round Collar Summer Tank Tops Feather Print T-shirt,12,17,1000,0,4.21,103,60,20,13,5,5,"Summer,Collar,Fashion,Tank,Sleeve,Women Vest,Round Collar,Tops,T Shirts,tank top,short sleeves,Women's Fashion,Shorts,featherprint,Print,sleeveless,feather,Casual",white,50,43,50,20478,3.910342807,3. Médio(1000),842,Branco,1. Baixo Impacto,None,0,FALSE,FALSE,FALSE,0,Standard Delivery,2. Barato,2. Normal,07. M,"Camisa, Camiseta, Shorts, Regata, Top, Colete","Algodão/Poliéster, Poliéster, Algodão",FALSE,CN,retail_maior,42,FALSE
238,5e12e142f1166c04c1948efb,XS-8XL Plus Size Dresses Summer Fashion Clothes Womens Deep V-neck Sleeveless Maxi Dresses Ladies Casual Spaghetti Strap Loose Beach Wear Floral Printed Halter Party Dress,6,6,10000,1,3.6,569,243,90,88,59,89,"Summer,Plus Size,halter dress,Halter,Dress,V-neck,beach dress,Party Dress,printed,sleeveless,Floral,maxi dress,Spaghetti,Casual,Clothes,Deep V-Neck,printeddre,Beach,summer dress,Women's Fashion,Sleeveless dress,Ladies,party,Fashion,loose dress",pink,2,20,50,7314,3.938200711,4. Alto(10000),720,Rosa,3. Médio Impacto,Scarcity,0,FALSE,FALSE,FALSE,1,Standard Delivery,2. Barato,2. Normal,05. P (XS),Vestido,"Algodão/Poliéster, Algodão/Viscose, Poliéster/Elastano, Poliéster/Viscose, Viscose/Algodão, Viscose/Poliéster, Poliéster, Algodão",TRUE,CN,iguais,0,TRUE
239,5c84bd33d8694176615f7019,2019 Summer Women Casual Sleeveless Tops Off Shoulder Shirts Ladies Fashion Printed Loose T-shirts Backless Cotton Tank Tops,4,4,5000,1,4.28,1754,1064,353,184,65,88,"Summer,Fashion,topsamptshirt,tank top,Sleeveless Shirt,casual shirt,Off shoulder shirt,Casual,Women,Cotton,Tank,Shirt,Ladies Fashion,backless top,summer shirt,T Shirts,backless,Tops & T-Shirts,Ladies,loose t-shirt,women top,Women's Fashion,Tops,sleeveless,printed",navyblue,4,18,50,15538,4.156197709,4. Alto(10000),856,Azul,3. Médio Impacto,None,1,FALSE,TRUE,FALSE,1,Standard Delivery,2. Barato,2. Normal,05. P (XS),"Top, Camiseta, Camisa, Regata","Poliéster/Elastano, Algodão/Poliéster, Algodão, Poliéster",FALSE,CN,iguais,0,TRUE
240,5cf8d241b5db0b3d18364572,New Women Fashion Solid Color V Neck Lace Tank Top Summer Sleeveless Plus Size Loose Tank Top Vest,7,33,100,0,2.75,8,3,0,1,0,4,"tank top women,Vest,Fashion,Tank,summer tank top,loose top,lace top,Tops,Plus size top,V-neck,Necks,Women's Fashion,Plus Size,Summer,sleeveless tops,Casual T-Shirt,sleeveless,Women Vest,Women,tank top,Lace",blue,29,43,50,41623,3.917449487,2. Baixo(100),550,Azul,3. Médio Impacto,None,0,FALSE,FALSE,FALSE,0,Standard Delivery,2. Barato,2. Normal,06. P (S),"Camiseta, Top, Camisa, Regata, Colete","Algodão/Poliéster, Algodão, Renda, Renda/Poliéster",FALSE,CN,retail_maior,371,FALSE
241,5e9e8c496f15e20742bd4172,Summer Women Short Dress Sleeveless Waist Dress Camouflage Dress Bodycon Slim Fit Dress Plus Size XS-8XL,8,7,100,0,3.9,21,9,7,2,0,3,"Summer,Plus Size,women dresses,Evening Dress,Dress,slim,casual dresses,Mini dress,beach dress,sleeveless,summer dresses,casual dress,slim dress,Shorts,Waist,short dress,Slim Fit,Women's Fashion,camouflage,Sleeveless dress,t,women dress,Women",purple,50,21,50,6126,4.318315377,2. Baixo(100),780,Roxo,3. Médio Impacto,None,0,FALSE,FALSE,FALSE,0,Standard Delivery,2. Barato,2. Normal,05. P (XS),"Vestido, Shorts","Algodão/Poliéster, Algodão/Viscose, Poliéster/Elastano, Algodão/Elastano, Algodão",FALSE,CN,price_maior,-12,FALSE
242,5ea3b3944119761a2b014de7,Summer Fashion Women Sexy Lace Strap Shirt Tops Solid Color Sleeveless Top Blouse,5,5,100,0,4.5,6,4,1,1,0,0,"suspenders,Summer,Fashion,Lace,button,slim,Women's Fashion,sexy lace,sexy,solid color,sleeveless,Women,blouse,Tops,Shirt",pink,50,45,50,10600,3.86754717,2. Baixo(100),900,Rosa,3. Médio Impacto,None,0,FALSE,FALSE,FALSE,0,Standard Delivery,2. Barato,2. Normal,06. P (S),"Blusa, Camisa, Top","Poliéster/Viscose, Plástico/Metal, Algodão/Poliéster, Renda, Poliéster/Elastano, Algodão/Elastano, Algodão",FALSE,CN,iguais,0,FALSE
243,5cd1cbb1b5d96721e0a6b346,2019 Women Fashion Back Hollow Lace Blouse Round Neck Floral Print Sleeveless Casual Plus Size Tank Tops (S-5XL),5.84,5,10000,0,3.45,1312,491,217,228,145,231,"blouse,Plus Size,Floral print,Lace,Tank,Tops,Necks,tank top,Round neck,Floral,Women's Fashion,Fashion,topsamptee,Print,sleeveless,Casual,Women",grey,43,48,50,32168,3.884543646,4. Alto(10000),690,Cinzento,2. Baixo a Médio Impacto,None,0,FALSE,FALSE,FALSE,0,Standard Delivery,2. Barato,2. Normal,06. P (S),"Blusa, Regata, Top","Poliéster/Viscose, Algodão/Poliéster, Renda, Poliéster, Algodão",FALSE,CN,price_maior,-14,FALSE
244,587347296dd28e71b1c9d289,Fashion Women Midi Slim Basic Vestidos Bodycon Short Sleeve Package Hip Robe Dresses,8,13,10000,0,3.99,2753,1428,522,385,171,247,"Midi Dresses,Sleeve,Dresses,packagehip,Dress,slim,short sleeves,Shorts,Women's Fashion,Fashion,vestido,Robes,Bodycon Dresses,basicvestido,Women",grey,50,44,50,33148,3.975624472,4. Alto(10000),798,Cinzento,2. Baixo a Médio Impacto,None,0,FALSE,FALSE,FALSE,0,Standard Delivery,2. Barato,2. Normal,06. P (S),"Vestido, Robe, Camiseta, Shorts","Poliéster/Elastano, Algodão/Poliéster, Poliéster/Algodão, Algodão/Elastano, Algodão",FALSE,CN,retail_maior,62,FALSE
245,535530635aefb0555ba4351f,Good Quality 2014 Summer Hot Sale Zipper Shorts Fashion Slim Men's Causual Ripped Jeans Cropped Trousers,19,21,5000,0,4.09,1561,897,289,149,74,152,"men jeans,Fashion,Summer,rippedjean,slim,croppedjean,mensummerjean,2014menshort,Men Shorts,zippers,Jeans,trousers,summerjean,Shorts,causaljean,rippedshort,2014summermenshort",blue,1,40,50,9116,4.092913559,4. Alto(10000),818,Azul,3. Médio Impacto,Scarcity,0,FALSE,FALSE,FALSE,0,Standard Delivery,3. Médio,2. Normal,15. Calçados / Numerações,"Jeans, Shorts","Algodão/Poliéster, Denim, Algodão/Elastano, Algodão, Metal/Plástico",TRUE,CN,retail_maior,11,FALSE
246,5e3baa8d8f7db5003fb33026,Women Summer Printed Plus Size Loose Casual Trousers Harlan Pants Long Pants Plus  Size S-5XL,11,10,100,1,3.54,13,5,3,1,2,2,"Summer,trousers,pants,Bottom,fashion pants,Women's Fashion,Long pants,widelegpant,Casual,harem pants,summerpant,Plus Size,loosepant,printed,women trousers,slitpant,Women",black,50,42,50,885,4.155932203,2. Baixo(100),708,Preto,4. Alto Impacto,None,0,FALSE,FALSE,FALSE,1,Standard Delivery,2. Barato,2. Normal,09. GG (XL),"Parte de Baixo, Calça","Algodão/Poliéster, Poliéster, Algodão",FALSE,CN,price_maior,-9,TRUE
247,5e4a4b252ce2e5cac8cb6364,Women Summer Casual Adjustable Spaghetti Strap Dresses Solid Color Pleated Backless Mini Beach Sundress Plus Size,3.85,10,50,0,3.33,3,1,1,0,0,1,"Summer,Fashion,Shirt,sundress,Dresses,Dress,Women's Fashion,V-neck,Cocktail Dress,beach dress,Party Dress,off shoulder,Girls Dresses,sleeveless,Pleated Skirt,Spaghetti,Casual,Pleated,Necks",purple,7,25,50,7676,4.039473684,2. Baixo(100),666,Roxo,3. Médio Impacto,None,0,FALSE,FALSE,FALSE,0,Standard Delivery,2. Barato,2. Normal,04. PP (XXS),"Vestido, Camisa","Algodão/Poliéster, Algodão/Viscose, Poliéster/Elastano, Poliéster, Algodão",FALSE,CN,retail_maior,160,FALSE
248,5e180dab29a9690a38a1748f,Fashion Summer Lady Skull Print Beauty Vest Halter Tank Top,9,48,1000,1,4.01,135,69,25,23,10,8,"Summer,Vest,Fashion,Tank,camisole,Halter,Beauty,Tops,summer t-shirts,fashion women,tank top,Cool T-Shirts,skull,Print,summervest,femalevest",purple,50,25,50,6632,3.748793727,3. Médio(1000),802,Roxo,3. Médio Impacto,None,0,FALSE,FALSE,FALSE,1,Standard Delivery,2. Barato,2. Normal,07. M,"Camisete, Camiseta, Camisa, Colete, Regata, Top","Algodão/Poliéster, Poliéster/Viscose, Algodão, Poliéster",FALSE,CN,retail_maior,433,TRUE
249,5e8d70549f1504449514c8b9,Summer Fashion Tie-Dye Short Sleeve Long Dress Loose V Neck BOHO Maxi Dress,8,9,7,0,5,0,0,0,0,0,0,"Summer,summer dress,Necks,Sleeve,long dress,plus size dress,Dress,Loose,V Neckdress,short sleeves,maxi dress,Shorts,boho,short sleeve dress,boho dress,Fashion,womendre,women dress,Women's Fashion",orange,5,38,50,108048,4.052504442,1. Micro(10),1000,Laranja/Amarelo,3. Médio Impacto,None,0,FALSE,FALSE,FALSE,0,Standard Delivery,2. Barato,2. Normal,04. PP (XXS),"Vestido, Camiseta, Shorts","Viscose/Poliéster, Algodão/Poliéster, Algodão/Viscose, Algodão",FALSE,CN,retail_maior,12,FALSE
250,5d550011680f557c89bb4406,Plus Size XS-6XL Summer Women Round Neck Sleeveless Dress Casual Floral Printed Dress Slim Flower Dresses,11,10,1000,0,4,221,103,59,33,7,19,"Summer,floralprinteddres,Dress,slim,Floral dress,Women's Fashion,Plus Size,womensleevelessdres,printed,Floral,Casual,Women,dressforwomen,Flowers,Necks,casualwomendres,summer dress,summersleeveelessdres,Sleeveless dress,Round neck,dress slim,sleeveless",white,6,36,50,73119,4.004267017,3. Médio(1000),800,Branco,1. Baixo Impacto,Scarcity,0,FALSE,FALSE,FALSE,0,Standard Delivery,2. Barato,2. Normal,07. M,Vestido,"Algodão/Poliéster, Poliéster/Viscose, Poliéster, Algodão/Viscose, Algodão/Elastano, Algodão",TRUE,CN,price_maior,-9,FALSE
251,5dd4b6c20f11f57cf9ad97d8,5 Colors Women Fashion Sports Shorts Solid Color Elastic Gym Shorts Female Running Clothes Fitness Panties Bottom for Girl Plus Size S~5XL,6,13,20000,1,3.85,1124,572,183,153,62,154,"runningshort,Shorts,Elastic,Fitness,Plus Size,yoga pants,Short pants,Running,sportspantie,Women's Fashion,gymwear,Panties,fitnesspantie,Women,skinny,Sport,Fashion,Women Fashion,Clothes",red,50,40,50,15076,4.084969488,5. Muito Alto(20000),770,Vermelho,4. Alto Impacto,Scarcity,0,FALSE,FALSE,FALSE,1,Standard Delivery,2. Barato,2. Normal,06. P (S),"Calça, Shorts","Elastano, Algodão/Poliéster, Algodão, Nilon/Elastano",TRUE,CN,retail_maior,117,TRUE
252,53897eeeafddf70c91af1cda,Womens Summer Red White and Blue Chiffon Short-Sleeve T-Shirt,5,33,100000,0,3.98,13789,6862,2836,2131,901,1059,"Summer,Plus Size,Cotton T Shirt,chiffon,Long Sleeve,womens top,short sleeves,Women's Fashion,Fashion,chiffon blouse,sexy,blouse,Tops,Chiffon Shirt,T Shirts,korean style,Women Clothing,T-Shirt womens,Short Sleeve T-Shirt",orange,50,41,50,366898,4.036080873,6. Crítico(>20000),796,Laranja/Amarelo,3. Médio Impacto,None,0,FALSE,FALSE,FALSE,0,Standard Delivery,2. Barato,2. Normal,06. P (S),"Blusa, Camiseta, Camisa, Top","Poliéster/Viscose, Poliéster, Algodão/Poliéster, Algodão, Poliéster/Elastano",FALSE,CN,retail_maior,560,FALSE
253,5ea0f2a654446407c111b622,Trending Summer Sports Wear for Men Casual Two Piece Jogging Suits Short Sleeve Shirts and Shorts Outfit Sets,16,14,100,1,4.05,82,43,18,11,2,8,"short sleeves,Summer,trending,Shirt,Sleeve,shortsleeveset,sweat suit,Men,Short pants,summersuitset,Shorts,Sport,Women's Fashion,3dprinttshirt,Two Pieces,Fashion,Outfits,mensjoggersuit,Casual",white,50,36,50,514,4.217898833,2. Baixo(100),810,Branco,1. Baixo Impacto,Scarcity,0,FALSE,FALSE,FALSE,1,Standard Delivery,2. Barato,2. Normal,06. P (S),"Calça, Camisa, Shorts, Camiseta, Conjunto/Terno","Algodão/Poliéster, Poliéster, Poliéster/Algodão, Algodão",TRUE,CN,price_maior,-12,TRUE
254,5ea913d8fde32e396ebfea19,Women Spaghetti Strap Print Mini Dress Summer Fashion Tie Party Dresses,13,11,100,0,3.91,11,7,1,0,1,2,"Mini,Spaghetti Strap,Corset Dress,short dress,Summer,Dresses,Spaghetti,Dress,summer dress,Women's Fashion,Floral dress,Mini dress,beach dress,Sleeveless dress,Sexy Dress,Floral print,sexy,Fashion",yellow,50,28,50,38,3.473684211,2. Baixo(100),782,Laranja/Amarelo,3. Médio Impacto,None,0,FALSE,FALSE,FALSE,0,Standard Delivery,2. Barato,2. Normal,06. P (S),Vestido,"Algodão/Poliéster, Algodão/Viscose, Poliéster/Viscose, Poliéster/Elastano, Poliéster, Algodão",FALSE,CN,price_maior,-15,FALSE
255,5eb0db681c4b1c25486d2e7e,Summer Women's New Fashion Sleeveless Polka Dot V-neck Strap Mini Backless Casual Top Dresses,9,34,100,1,3.14,28,8,6,3,4,7,"Mini,Fashion,Summer,Tops,Loose,Polkas,V-neck,Casual,backless,polka dot,sleeveless,Dress,Women",navyblue,50,40,50,1472,3.534646739,2. Baixo(100),628,Azul,3. Médio Impacto,Scarcity,0,FALSE,FALSE,FALSE,1,Standard Delivery,2. Barato,2. Normal,05. P (XS),"Vestido, Top","Poliéster/Elastano, Algodão/Poliéster, Poliéster, Algodão",TRUE,CN,retail_maior,278,TRUE
256,5eb207e9beadef0479cd7271,5 Colors Women's Summer Fashion Spaghetti Strap Floral Print Tie Front Mini Dress Party Dresses,7,6,100,1,3.64,11,4,4,0,1,2,"Summer,dressesforwomen,Floral print,Mini,long dress,Dress,Mini dress,Floral,Women's Fashion,Sleeveless dress,party,Sexy Dress,Print,summer dresses,Spaghetti,Women",pink,50,104,50,855,4.264327485,2. Baixo(100),728,Rosa,3. Médio Impacto,None,0,FALSE,FALSE,FALSE,1,Standard Delivery,2. Barato,2. Normal,06. P (S),Vestido,"Algodão/Poliéster, Poliéster/Viscose, Viscose/Poliéster, Poliéster/Elastano, Poliéster, Algodão/Viscose, Algodão",FALSE,CN,price_maior,-14,TRUE
257,5b42fbca85270064d13d6679,"Tank Top "" I am not perfect but i am limited Edition "" letter printed sleeveless casual slim tank tops",6,6,20000,0,3.96,4082,2138,667,637,255,385,"Women Vest,sleeveless,Fashion,Tank,Tops,sport tank top,tank top,Casual,printed,topsamptee,topsampblouse,summertank,sexy,slim,funnytank,Women Fashion",white,50,40,50,45964,3.998651118,5. Muito Alto(20000),792,Branco,1. Baixo Impacto,None,0,FALSE,FALSE,FALSE,0,Standard Delivery,2. Barato,2. Normal,06. P (S),"Blusa, Regata, Top, Colete","Poliéster/Viscose, Algodão/Poliéster, Poliéster, Poliéster/Elastano, Algodão/Elastano, Algodão",FALSE,CN,iguais,0,FALSE
258,5d15ae82502b2660ec498f59,NEW Womens Summer Deep V-neck Tops Pure Color T-shirt Ladies Fashion Casual Tank Tops Loose Button-up Blouse Lady Sleeveless Shirts Plus Size Top,8,7,10000,1,3.71,903,378,190,143,80,112,"Summer,Plus Size,Deep V-Neck,topsamptshirt,tank top,Women's Fashion,Fashion,V-neck,Loose,topsampblouse,Causal,Ladies Fashion,blouse,fashion women,Tank,Shirt,Tops,T Shirts,Casual,Ladies,sleeveless,Pure Color,sleeveless tops",dustypink,50,35,50,12974,3.965700632,4. Alto(10000),742,Rosa,3. Médio Impacto,None,0,FALSE,FALSE,FALSE,1,Standard Delivery,2. Barato,2. Normal,06. P (S),"Blusa, Camisa, Top, Camiseta, Regata","Poliéster/Viscose, Algodão/Poliéster, Poliéster/Elastano, Algodão",FALSE,CN,price_maior,-12,TRUE
259,5ea3bfe9b95fdb06c2c5b88f,2020 New Arrival Women Fashion Tie Dye Printing Slim Fit Casual Cotton Tank Top,4.7,17,100,1,4,10,4,3,2,1,0,"Summer,Fashion,Tank,Tops,slim,Women's Fashion,tank top,Slim Fit,Printing,Tie Dye,Dyes,sleeveless,Women,Casual,Women Fashion,Cotton",blue,3,43,50,80093,4.00669222,2. Baixo(100),800,Azul,3. Médio Impacto,None,0,FALSE,FALSE,FALSE,1,Standard Delivery,2. Barato,2. Normal,05. P (XS),"Regata, Top","Algodão/Poliéster, Algodão, Poliéster, Algodão/Elastano",FALSE,CN,retail_maior,262,TRUE
260,5c2f4fd85c994c42faf7c82b,2019 NEW Men's Short Sleeve T-Shirt Fitness Round Neck Casual Men's Zippers Summer T-Shirt,4,4,10000,1,3.45,1412,504,299,211,129,269,"Mens T Shirt,Fitness,Shorts,Cotton T Shirt,Sleeve,Summer,summer t-shirts,short sleeves,Round neck,Men's Fashion,Exercise & Fitness,Tops & T-Shirts,Sport,Casual,T Shirts,Necks",white,46,45,50,21412,4.149262096,4. Alto(10000),690,Branco,1. Baixo Impacto,Scarcity,0,FALSE,FALSE,FALSE,1,Standard Delivery,2. Barato,2. Normal,04. PP (XXS),"Camiseta, Camisa, Shorts, Top","Algodão/Poliéster, Algodão",TRUE,CN,iguais,0,TRUE
261,5cefa120731ea53346708575,Women Fashion Summer Tank Tops Low Cut Sleeveless Solid Color Off Shoulder Tank Shirt Spaghetti Strap Halter Backless Casual Vest Top,8,7,5000,1,3.57,309,111,64,63,33,38,"vesttop,Summer,Vest,Fashion,Tank,Shirt,Halter,Tops,Spaghetti Strap,low cut,Women's Fashion,backless,sexy,solid color,sleeveless,Spaghetti,Casual,Women Fashion,Women",white,50,41,50,5365,3.945945946,4. Alto(10000),714,Branco,1. Baixo Impacto,Scarcity,0,FALSE,FALSE,FALSE,1,Standard Delivery,2. Barato,2. Normal,06. P (S),"Camisa, Top","Poliéster/Elastano, Algodão/Poliéster, Algodão",TRUE,CN,price_maior,-12,TRUE
262,5e609a827dc79ebbd3899c0b,Summer Men's Classic Shorts Multi-pocket Casual Pants Summer Loose Overalls Cargo Pants,16,59,1000,1,3.5,222,81,44,42,14,41,"joggingpant,Shorts,Casual pants,beachpant,pants,Overalls,Classics,tacticalpant,bermudashort,summerpant,Summer,Cargo pants,trackpant,Casual,looseshort",black,50,43,50,3743,3.89714133,3. Médio(1000),700,Preto,4. Alto Impacto,None,0,FALSE,FALSE,FALSE,1,Standard Delivery,2. Barato,2. Normal,15. Calçados / Numerações,"Calça, Jardineira/Macacão, Shorts","Algodão/Poliéster, Denim, Algodão",FALSE,CN,retail_maior,269,TRUE
263,5e843aabcde5b602e21d1e83,Plus Size Ladies Short Sleeve Summer Loose Denim Midi Dress Women Jeans Dresses,11,10,100,0,3.29,38,13,5,8,4,8,"Jeans,Plus Size,Sleeve,Summer,Dress,Denim,summer dress,denimjeansdres,short sleeves,casual dresses,Ladies,Women's Fashion,Shorts,minishirtdres,Lines,mididre,Women",blue,50,80,50,168,3.732142857,2. Baixo(100),658,Azul,3. Médio Impacto,Scarcity,0,FALSE,FALSE,FALSE,0,Standard Delivery,2. Barato,2. Normal,07. M,"Vestido, Jeans, Camisa, Camiseta, Shorts","Algodão/Poliéster, Algodão/Viscose, Denim, Algodão",TRUE,CN,price_maior,-9,FALSE
264,5c36df7cc86a911c10f32184,Women's Fashion Sexy Deep U Neck Sleeveless Package Hip Dress Summer Pure Color Casual Knee Length Slim Dress Club Party Night Dress Women's Clothing Plus Size S-5XL,5.77,5,10000,0,3.85,2892,1352,574,443,227,296,"Summer,Plus Size,Dress,slim,Fitted Dress,clubwear,bodycon,Women's Fashion,Fashion,knee,Party Dresses,Clothing,Casual,sexy dresses,slim dress,short dress,Dresses,Pure Color,Necks,midilength,Cocktail Dress,party,sexy,sleeveless",black,50,43,50,19735,3.975069673,4. Alto(10000),770,Preto,4. Alto Impacto,None,0,FALSE,FALSE,FALSE,0,Standard Delivery,2. Barato,2. Normal,06. P (S),Vestido,"Algodão/Poliéster, Poliéster, Poliéster/Elastano, Algodão/Elastano, Algodão",FALSE,CN,price_maior,-13,FALSE
265,594dcfd3346d4b7048be7495,Women's One Piece Push Up Padded Bikini Swimsuit Swimwear Bathing Monokini HOT,8,84,10000,0,4.19,3679,2077,783,446,192,181,"bathing suit,Bikinis Set,women beachwear,Lace Bikini,summerwomenbikini,One Piece Swimsuits,Push up bikini,padded,Swimwear,Women's Fashion,Fashion,womenmonokini,Bikini,womenswimwearbikini,Swimsuit,onepiece,Swimming",black,50,37,50,80713,4.187813611,4. Alto(10000),838,Preto,4. Alto Impacto,Scarcity,1,FALSE,TRUE,FALSE,0,Standard Delivery,2. Barato,2. Normal,07. M,"Biquíni, Conjunto/Terno, Maiô/Biquíni, Moda Praia","Algodão/Poliéster, Nilon/Elastano, Renda, Poliéster/Borracha, Poliéster/Algodão, Algodão",TRUE,CN,retail_maior,950,FALSE
266,5cece97854680c605d708db0,5 Color Large Size Camouflage Dress Women's Fashion Print Dress Summer Fashion Slim Sexy Sleeveless Dress High Waist Lace Long Skirt Casual Loose Pocket Skirt S ~ 5XL,14,13,100,0,4.5,113,82,17,7,3,4,"Summer,long skirt,Fashion,Lace,Dress,camouflagewomensdre,Pocket,Women's Fashion,lace skirts,camouflagedre,sexy,Summer Fashion,summer dresses,sleevelessskirt,slim,Casual,Waist,printeddre,high waist,Skirts,pocketskirt,camouflage,Sleeveless dress,t,print dress,mini skirt,Print,sleeveless",grey,50,40,50,7627,4.047725187,2. Baixo(100),900,Cinzento,2. Baixo a Médio Impacto,Scarcity,1,FALSE,TRUE,FALSE,0,Standard Delivery,2. Barato,2. Normal,06. P (S),Vestido,"Algodão/Poliéster, Renda, Poliéster, Poliéster/Viscose, Poliéster/Elastano, Algodão/Viscose, Algodão/Elastano, Algodão",TRUE,CN,price_maior,-7,FALSE
267,5e6b0d747962cf365c8085dc,Summer Women s  Fashion  Lace Up Tie Pants  Plus Size Casual High Waist Short Pants,6,26,100,0,3.25,12,2,2,6,1,1,"Summer,Shorts,high waist shorts,high waist,Casual pants,pants,Short pants,Waist,Slim Fit,summer shorts,Women's Fashion,Plus Size,Lace Up,Women,Fashion,Casual,Lace",black,50,40,50,99,3.646464646,2. Baixo(100),650,Preto,4. Alto Impacto,Scarcity,0,FALSE,FALSE,FALSE,0,Standard Delivery,2. Barato,2. Normal,05. P (XS),"Calça, Shorts","Algodão/Poliéster, Renda, Algodão/Elastano, Algodão",TRUE,CN,retail_maior,333,FALSE
268,5ec3740fa7ed5d2fbc7460a5,Women Fashion Sexy Tie Dye Printed Two Piece Sets Summer T-shirt + Shorts 2 Piece Set Slim Fit Outfit Suits,13,11,100,1,4,4,3,0,0,0,1,"Summer,Plus Size,2pieceset,Women,slim,T Shirts,Shorts,tshirtandtop,Women's Fashion,twopieceoutfit,printed,Tie Dye,Dyes,sexy,shortsforwomen,Outfits,Fashion,Women Fashion,Slim Fit",yellow,29,42,50,45151,4.032956081,2. Baixo(100),800,Laranja/Amarelo,3. Médio Impacto,None,0,FALSE,FALSE,FALSE,1,Standard Shipping,2. Barato,2. Normal,06. P (S),"Camisa, Shorts, Camiseta","Algodão/Poliéster, Poliéster, Poliéster/Elastano, Algodão/Elastano, Algodão",FALSE,CN,price_maior,-15,TRUE
269,5c3d7f9c4cd456252b1aaf7b,Women Fashion Spaghetti Strap Jumpsuits Rompers Summer Casual Slim Fit Drawstring Waist One Piece Suits Sexy Sleeveless Bodycon Playsuit Outfits Set Ladies Short Rompers Bodysuits for Beachwear,11,50,20000,0,4.22,2878,1646,632,324,126,150,"Summer,Fashion,slim,shortjumpsuit,romperoutfit,sleeveless,spaghettistrapjumpsuit,sexy,Spaghetti,jumpsuitsampromper,Women,playsuitforwomen,Shorts,Waist,onepiece,Slim Fit,bodysuitsjumpsuit,beach wear,Casual,Ladies,Women's Fashion,sexy jumpsuit,jumpsuit,women Jumpsuit",White,50,43,50,36361,3.967520145,5. Muito Alto(20000),844,Branco,1. Baixo Impacto,None,1,FALSE,TRUE,FALSE,0,Standard Delivery,2. Barato,2. Normal,07. M,"Moda Praia, Macacão, Shorts, Conjunto/Terno","Algodão/Poliéster, Nilon/Elastano, Poliéster/Elastano, Algodão/Elastano, Poliéster/Algodão, Algodão",FALSE,CN,retail_maior,355,FALSE
270,5cb0c8ce99b2203478a63abb,2019 New Fashion Women Blouse Tops Sleeveless Spaghetti Strap Criss Cross V-neck T Shirt Tops Summer Casual Blouse Shirts,4,4,5000,0,3.39,783,268,129,155,102,129,"blouse,Summer,Fashion,Shirt,Spaghetti,Tops,Spaghetti Strap,Cross,tank top,T Shirts,V-neck,sleeveless,Women's Fashion,Casual,Women",pink,7,48,50,32168,3.884543646,4. Alto(10000),678,Rosa,3. Médio Impacto,None,0,FALSE,FALSE,FALSE,0,Standard Shipping,2. Barato,2. Normal,06. P (S),"Blusa, Camisa, Camiseta, Regata, Top","Poliéster/Viscose, Algodão/Poliéster, Poliéster/Elastano, Algodão",FALSE,CN,iguais,0,FALSE
271,5b4706f2b0674e4982445092,Fashion Women Black Sleeveless Summer Beach Bodysuits Back Cross Slim Cami Jumpsuit,5.77,16,1000,0,3.72,687,281,151,114,61,80,"Summer,Underwear,Fashion,Beach,Tops,slim,Sexy Swimwear,beach wear,Cross,Women,black,sleeveless,sexy,Body Suit,Women's Fashion,jumpsuit",black,50,44,50,6570,4.220091324,3. Médio(1000),744,Preto,4. Alto Impacto,None,0,FALSE,FALSE,FALSE,0,Standard Delivery,2. Barato,2. Normal,08. G (L),"Moda Praia, Macacão, Top","Algodão/Poliéster, Nilon/Elastano, Poliéster/Elastano, Algodão/Elastano, Algodão",FALSE,CN,retail_maior,177,FALSE
272,5c554a96f0a57768026f4891,Plus Size 5XL Summer Sexy Hot Fashion Women's Flower Skull Digital Print Round Neck Sleeveless Tank Camisole,9,50,20000,0,4.17,2440,1415,448,305,116,156,"vesttop,Summer,Plus Size,Tank,camisole,skullprint,Necks,summer t-shirts,tank top,Round neck,Women's Fashion,Fashion,skull,sexy,Print,sleeveless,Casual,Flowers,Lace",black,50,41,50,15106,4.007149477,5. Muito Alto(20000),834,Preto,4. Alto Impacto,None,0,FALSE,FALSE,FALSE,0,Standard Delivery,2. Barato,2. Normal,07. M,"Camisete, Camisa, Camiseta, Regata","Algodão/Poliéster, Poliéster/Viscose, Renda, Poliéster, Poliéster/Elastano, Algodão",FALSE,CN,retail_maior,456,FALSE
273,59a6a209d2bcb73a60589e00,Women Retro V-neck Print Fitted Jumpsuit Straps Mini Rompers Trousers Dress,11,16,10000,1,3.75,1586,716,284,260,118,208,"blouse,Mini,Fashion,Fitted,Dress,Overalls,V-neck,strap,Women's Fashion,Shorts,retro,Print,Women,Rompers,trousers,jumpsuit",black,50,42,50,120781,4.152399798,4. Alto(10000),750,Preto,4. Alto Impacto,None,0,FALSE,FALSE,FALSE,1,Standard Delivery,2. Barato,2. Normal,05. P (XS),"Blusa, Vestido, Macacão, Jardineira/Macacão, Shorts","Poliéster/Viscose, Algodão/Poliéster, Denim, Poliéster, Algodão",FALSE,CN,retail_maior,45,TRUE
275,5d35305c24357406456ff507,2019 Women Fashion Spaghetti Strap Jumpsuits Rompers Summer Casual Slim Fit Drawstring Waist One Piece Suits Sexy Sleeveless Bodycon Playsuit Outfits Set Ladies Short Rompers Bodysuits for Beachwear,9,22,1000,1,4.24,131,79,25,14,6,7,"Summer,Fashion,Waist,Spaghetti,Women Set,Slim Fit,beach wear,jumpsuit,Shorts,summerset,Women's Fashion,slim,sexy,onepiece,bodyconset,sleeveless,sexy jumpsuit,Ladies,women Jumpsuit,Casual,Women",grey,7,51,50,4516,4.231842338,3. Médio(1000),848,Cinzento,2. Baixo a Médio Impacto,None,0,FALSE,FALSE,FALSE,1,Standard Delivery,2. Barato,2. Normal,06. P (S),"Moda Praia, Macacão, Shorts","Algodão/Poliéster, Nilon/Elastano, Poliéster/Elastano, Algodão/Elastano, Algodão",FALSE,CN,retail_maior,144,TRUE
276,5eb639aaab882b0f466bf02e,Women Summer Fashion V-neck Short Sleeve Floral Printing High Waist Mini Dress,5.81,34,1000,1,3.54,54,19,8,17,3,7,"Mini,Shorts,high waist,Sleeve,Summer,Dress,summer dress,short sleeves,Floral dress,Mini dress,Women's Fashion,Fashion,V-neck,print dress,Sexy Dress,Floral,Women,Women Fashion,Waist",red,2,43,50,80093,4.00669222,3. Médio(1000),708,Vermelho,4. Alto Impacto,None,0,FALSE,FALSE,FALSE,1,Standard Delivery,2. Barato,2. Normal,05. P (XS),"Vestido, Camiseta, Shorts","Algodão/Poliéster, Poliéster/Viscose, Poliéster/Elastano, Poliéster, Algodão/Viscose, Algodão",FALSE,CN,retail_maior,485,TRUE
277,5df1d9818b8232096b1f153b,5 Colors Summer Fashion Women Sexy Bikini Charming Flower Print Swimsuit Push Up Swimwear Two Pieces Casual Slim Fit Beach Wear Swimming Set S~3XL,11,59,100,0,3.66,56,20,14,10,7,5,"Women's Fashion,Summer,Fashion,Womens Swimsuit,Women,Beach,Slim Fit,sexy bikini,beach wear,Swimsuit,Swimwear,Bikini,Flowers,beachsuitforwomen,Print,sexy,Push up bikini,slim,Casual,Swimming",winered,50,54,50,4811,4.194554147,2. Baixo(100),732,Vermelho,4. Alto Impacto,Scarcity,0,FALSE,FALSE,FALSE,0,Standard Delivery,2. Barato,2. Normal,07. M,"Moda Praia, Biquíni, Maiô/Biquíni","Algodão/Poliéster, Nilon/Elastano, Poliéster, Poliéster/Elastano, Algodão/Elastano, Algodão",TRUE,CN,retail_maior,436,FALSE
278,5dc3800976a1ec057a02a047,2019 New Fashion Women's Slim Plus Size Maxi Dress Ink Printing Spaghetti Strap Dress,11,10,20000,0,3.69,2160,985,356,320,156,343,"slim dress,dressesforwomen,halter dress,Dresses,Spaghetti,Plus Size,Spaghetti Strap,slim,Women's Fashion,Sleeveless dress,maxi dress,Fashion,Dress,Women",red,50,37,50,5281,4.023291043,5. Muito Alto(20000),738,Vermelho,4. Alto Impacto,Scarcity,0,FALSE,FALSE,FALSE,0,Standard Delivery,2. Barato,2. Normal,06. P (S),Vestido,"Algodão/Poliéster, Viscose/Poliéster, Algodão/Viscose, Algodão/Elastano, Poliéster/Elastano, Algodão",TRUE,CN,price_maior,-9,FALSE
279,5ced017c4e909a5584d1ff08,Women Fashion Floral Print Overlap Sleeveless Top Casual Loose Party Shirt Irregular Elegant Tops Plus Size XS-6XL,8,7,5000,1,3.53,876,355,168,112,70,171,"party,Plus Size,Floral print,Shirt,partyshirt,Tops,Loose,Floral,irregualr,Elegant,Women's Fashion,Fashion,Tops & T-Shirts,sexy,Print,sleeveless,Casual,Women",blue,50,42,50,2510,3.903585657,4. Alto(10000),706,Azul,3. Médio Impacto,Scarcity,0,FALSE,FALSE,FALSE,1,Standard Delivery,2. Barato,2. Normal,04. PP (XXS),"Camisa, Top","Algodão/Poliéster, Poliéster/Viscose, Poliéster, Poliéster/Elastano, Algodão",TRUE,CN,price_maior,-12,TRUE
280,591c6e86681f5f27332330ce,Women Lace Stitching Blouses Sexy Hollow Out Off Shoulder Long Flare Sleeve T Shirts White Tops,11,10,10000,0,3.65,2422,1056,419,375,190,382,"blouse,Women,off shoulder top,Lace,Hollow-out,Tops,sexyblouse,lace shirts,flaresleeve,T Shirts,backless,Long sleeve top,Summer Fashion,sexy,white,women top,Women's Fashion,Sleeve,Shirt",white,50,46,50,78616,4.310432991,4. Alto(10000),730,Branco,1. Baixo Impacto,Scarcity,0,FALSE,FALSE,FALSE,0,Standard Delivery,2. Barato,2. Normal,06. P (S),"Blusa, Camisa, Camiseta, Top","Poliéster/Elastano, Poliéster/Viscose, Algodão/Poliéster, Renda, Renda/Poliéster, Algodão",TRUE,CN,price_maior,-9,FALSE
281,5c975ab7ba7ed20eb805a242,Women Fashion Loose Casual Pure Color Plus Size Sexy Vest Sleeveless Summer Sleeveless Dress,6,6,5000,0,4.07,844,440,187,114,44,59,"Summer,Vest,Plus Size,Pure Color,Loose,Casual,Women's Fashion,Sleeveless dress,sexy,sleeveless,Fashion,Dress,Women",white,50,24,50,10474,3.908535421,4. Alto(10000),814,Branco,1. Baixo Impacto,None,0,FALSE,FALSE,FALSE,0,Standard Delivery,2. Barato,2. Normal,05. P (XS),Vestido,"Algodão/Poliéster, Poliéster/Elastano, Algodão/Viscose, Algodão",FALSE,CN,iguais,0,FALSE
282,5a38f6e0fc8e5b063a250db6,Summer Crop Top Women Tank Tops Halter Vest Casual Camisole Croped Shirt Women Tops,5,6,5000,0,4.07,824,441,165,112,43,63,"Fashion,Shirt,Corset,pants,Tops,Women's Fashion,homeampliving,boho,lace lingerie,Sleepwear,Casual,Bras,Women",gray,50,41,50,32778,4.048355604,4. Alto(10000),814,Cinzento,2. Baixo a Médio Impacto,Scarcity,0,FALSE,FALSE,FALSE,0,Standard Delivery,2. Barato,2. Normal,06. P (S),"Sutiã, Calça, Camisa, Roupa de Dormir, Top","Nilon/Elastano, Algodão/Poliéster, Renda, Algodão/Viscose, Algodão",TRUE,CN,retail_maior,20,FALSE
283,5d16d575190e3f48ec7061ed,Women's Punk Tank Top with Skull Print Summer Beach Sleeveless Tank Top,6,6,5000,1,3.92,609,306,112,88,41,62,"Summer,Fashion,Tank,skull,Tops,punk,tank top,Print,sleeveless,Beach,womens vest",purple,50,38,50,1411,3.92345854,4. Alto(10000),784,Roxo,3. Médio Impacto,None,0,FALSE,FALSE,FALSE,1,Standard Delivery,2. Barato,2. Normal,05. P (XS),"Regata, Top, Colete","Algodão/Poliéster, Poliéster, Algodão",FALSE,CN,iguais,0,TRUE
284,5acb0ab0a69e66115b133cec,Summer Fashion Funny Letter Print Cotton Vest Tank Top Slim Fit Crop Top Black Camisole T  Shirt Ladies Crop Tops Plus Size,8,7,5000,1,4.02,1061,536,212,180,63,70,"Summer,Vest,Fashion,women crop top,letter print,slimfittop,Slim Fit,slim,strapless crop top,tank top,Ladies,Women's Fashion,Plus Size,sexy,sexy tank top,summercroptop,Funny,Tank,Shirt,sexy shirts,SEXY CROP TOP,Print,sleeveless crop top,black,sexy camisole,Cotton,Tops,sexy lingerie",black,50,43,50,42919,4.105967054,4. Alto(10000),804,Preto,4. Alto Impacto,Scarcity,0,FALSE,FALSE,FALSE,1,Standard Delivery,2. Barato,2. Normal,06. P (S),"Camisete, Cropped, Camisa, Regata, Top","Algodão/Poliéster, Poliéster/Viscose, Algodão, Poliéster, Poliéster/Elastano, Algodão/Elastano",TRUE,CN,price_maior,-12,TRUE
285,5c935aa8778e8274b0bdcead,New Mini Solar Floating Water Fountain for  Spring Summer Home Garden Pool Pond Decoration 13.5x13.5x3.8cm,13,26,100,0,4.06,113,65,16,15,8,9,"Mini,Garden,Home & Living,water,gardenponddecor,waterfloatingpump,Sprays,Fountain,solarfountain,waterpump,poolfloatingpanel,Home,Garden Decor,decoration,Home & Kitchen,pool,Solar",no_color_specified,50,35,50,3682,4.463063552,2. Baixo(100),812,Não Informado,0. Não Informado,None,0,FALSE,FALSE,FALSE,0,Standard Delivery,2. Barato,2. Normal,16. Outros Itens (Dimensões/Kits/Objetos),Não Especificado,"Algodão/Poliéster, Algodão",FALSE,CN,retail_maior,100,FALSE
286,5e97fdc8a558b636a9f4b239,170cm Inflatable Spray Water Cushion Summer Kids Play Water Mat Lawn Games Pad Sprinkler Play Toys Outdoor Tub Swiming Pool ,11,10,100,0,3.73,22,9,5,4,1,3,"Summer,Outdoor,swimmingpoolspraypad,Children's Toys,Inflatable,Children,water,summerfamilyentertainmenttoy,Sprays,Toy,sprayer,Cushions,wateringchildrenstoy,outdoorwatergamepad,Tub,Swimming Pools,pool,kids",yellow,5,68,50,1746,4.024054983,2. Baixo(100),746,Laranja/Amarelo,3. Médio Impacto,None,0,FALSE,FALSE,FALSE,0,Standard Delivery,2. Barato,2. Normal,16. Outros Itens (Dimensões/Kits/Objetos),Não Especificado,"Algodão/Poliéster, Nilon/Elastano, Algodão",FALSE,CN,price_maior,-9,FALSE
287,5eaa763d431fea1e04e210ea,Women Fashion Boho Gradient Color Head Scarf Quick Dry Sport Sweat-absorbent Turban Stretchy Cotton Headband Summer Workout Yoga Headband Stretchy Head Scarf Fashion Accessories,5.65,25,10000,0,3.65,418,180,74,65,36,63,"Cotton,Summer,Head,Fashion,Yoga,boho,Head Bands,headbandsturban,Fashion Accessories,head scarf,Accessories,Hair Band,Running,bohoheadband,Women's Fashion,Sport,heandband,Hair Accessories,scarf,Women",purple,50,43,50,23465,4.017600682,4. Alto(10000),730,Roxo,3. Médio Impacto,None,0,FALSE,FALSE,FALSE,0,Standard Delivery,2. Barato,2. Normal,02. Tamanho Único,Não Especificado,"Algodão, Algodão/Poliéster, Nilon/Elastano",FALSE,CN,retail_maior,342,FALSE
289,592bc443f4fbb234d2e85852,Women Sexy Sleeveless Open Back Shirt Knotted Tank Top Blouse Sport Vest Tops Tshirt AST,8,16,10000,0,4.04,1589,770,391,248,77,103,"blouse,Vest,backlessshirt,backless tank tops,suntop,cowlbacktshirt,Tank,Tops,T Shirts,tank top,women's sleeveless tank,Fashion,Sexy Tshirt,sleeveless,sexy,Sport,Women",white,9,43,50,3665,4.194270123,4. Alto(10000),808,Branco,1. Baixo Impacto,Scarcity,0,FALSE,FALSE,FALSE,0,Standard Delivery,2. Barato,2. Normal,06. P (S),"Blusa, Camisa, Camiseta, Regata, Top","Poliéster/Elastano, Poliéster/Viscose, Algodão/Poliéster, Algodão",TRUE,CN,retail_maior,100,FALSE
290,5cde56ea6bbbd86b1cbab4a8,Women Tops Tank Bandage Feather Print Sleeveless O-Neck Vest Summer Sport Tank Tops Casual Ladies Blouse T Shirt Tops Plus Size,3,3,100,1,4.29,58,36,13,3,2,4,"blouse,Summer,Vest,Plus Size,Tank,Shirt,Women Blouse,Short Sleeve Blouses,Tops,Ladies,Women's Fashion,Fashion,chiffon blouse,Print,sleeveless,feather,Sport,Casual,Women",black,5,34,50,1050,3.883809524,2. Baixo(100),858,Preto,4. Alto Impacto,Scarcity,1,FALSE,TRUE,FALSE,1,Standard Delivery,2. Barato,2. Normal,06. P (S),"Blusa, Camisa, Top","Poliéster/Viscose, Algodão/Poliéster, Poliéster, Algodão",TRUE,CN,iguais,0,TRUE
291,5ea91e4d29b81241e1d43b27,Women's Summer Fashion Spaghetti Strap Dress Floral Print Tie Front Mini Dress Sexy Dress Plus Size S-5XL,8,7,50,0,3.88,8,5,1,0,0,2,"Mini,floralprinteddre,Plus Size,Floral print,Summer,Spaghetti,Dress,summer dress,Party Dress,beach dress,Mini dress,Print,Women's Fashion,Sleeveless dress,Sexy Dress,Floral,women dress,sexy,Fashion",yellow,1,25,50,334,3.736526946,2. Baixo(100),776,Laranja/Amarelo,3. Médio Impacto,None,0,FALSE,FALSE,FALSE,0,Standard Delivery,2. Barato,2. Normal,05. P (XS),Vestido,"Algodão/Poliéster, Algodão/Viscose, Poliéster/Viscose, Poliéster/Elastano, Poliéster, Algodão",FALSE,CN,price_maior,-12,FALSE
292,5d1460e2aec1fd1f8cc82be5,Women Ladies Summer Sleeveless Long Dress Plus Size Loose Casual Elegant Butterfly Beach Dress Maxi Dress,13,14,10000,0,3.74,1938,870,366,287,159,256,"butterfly,Summer,Plus Size,long dress,Dress,summer dress,Women's Fashion,Casual,Elegant,beach dress,Sleeveless dress,women long dress,Elegant Dress,Ladies,maxi dress,Beach,loose dress,sleeveless,Women",blue,50,18,50,5466,3.941090377,4. Alto(10000),748,Azul,3. Médio Impacto,None,0,FALSE,FALSE,FALSE,0,Standard Delivery,2. Barato,2. Normal,06. P (S),Vestido,"Algodão/Poliéster, Algodão/Viscose, Viscose/Poliéster, Viscose/Algodão, Algodão",FALSE,CN,retail_maior,8,FALSE
293,5ae5ad725194c9720b59d1d2,18 Styles Women Summer Sexy Printing Buttons Off Shoulder Sleeveless Dress Princess Dress Spaghetti Straps Dresses,11,88,5000,0,4.1,1514,819,323,188,71,113,"buttondres,Summer,dressesforwomen,Princess,sundress,Dresses,spaghettistrapsdres,summercasualdres,strap,Women's Fashion,Sleeveless dress,Sexy Dress,maxi dress,sexy,princess dress,Spaghetti,Dress,sleeveless,Women",star,25,35,50,35751,4.022153226,4. Alto(10000),820,Multicor/Estampado,4. Alto Impacto,None,0,FALSE,FALSE,FALSE,0,Standard Delivery,2. Barato,2. Normal,06. P (S),Vestido,"Plástico/Metal, Algodão/Poliéster, Viscose/Poliéster, Poliéster/Elastano, Algodão/Viscose, Algodão",FALSE,CN,retail_maior,700,FALSE
294,5e47d0ff641421625f0c94ca, Women's Fashion Graphic \Don't Flatter Yourself....\Tee for Women Summer Casual Tee T Shirts for Girls,7,22,10,0,3.5,4,1,1,1,1,0,"Summer,Funny T Shirt,Shirt,summer t-shirts,Casual,Women's Fashion,Women Clothing,Women,Short Sleeve T-Shirt,Fashion,tops for women,Graphic T-Shirt",pink,3,37,50,1531,3.760287394,1. Micro(10),700,Rosa,3. Médio Impacto,None,0,FALSE,FALSE,FALSE,0,Standard Delivery,2. Barato,2. Normal,05. P (XS),"Camisa, Camiseta, Top","Algodão/Poliéster, Algodão",FALSE,CN,retail_maior,214,FALSE
295,5cf73fa7b5db0b19a2c59bb2,XS-8XL Women Summer Tops O-neck Sleeveless Shirts Print Cotton Vest Loose T-shirt Ladies Fashion Casual Plus Size Tank Tops Lady Pullovers Blouse,5,5,5000,0,3.97,538,287,90,69,41,51,"Summer,Vest,womens top,Cotton T Shirt,summer t-shirts,tank top,Ladies,Women's Fashion,Fashion,sleeveless tops,sleeveless,Tank,Casual,Ladies Fashion,blouse,Plus Size,Cotton,Tops & Blouses,Shirt,Tops,T Shirts,Pullovers,Print,loose t-shirt,Women",white,6,29,50,6876,3.775450844,4. Alto(10000),794,Branco,1. Baixo Impacto,Scarcity,0,FALSE,FALSE,FALSE,0,Standard Delivery,2. Barato,2. Normal,05. P (XS),"Blusa, Camiseta, Pulôver, Camisa, Top, Regata","Poliéster/Viscose, Algodão/Poliéster, Algodão, Poliéster",TRUE,CN,iguais,0,FALSE
296,5cef78be3219e2346a96779e,2019 Women Sleeveless Solid Color Lace Halter Yoga Vest  Cotton Slim Fit Tank Top,6,6,1000,0,3.84,309,146,53,51,32,27,"Tank,Vest,Fashion,Yoga,camisole,Halter,lace top,Tops,Slim Fit,tank top,haltertshirt,Women's Fashion,yogavest,women tank top,solid color,sleeveless,Women,slim,Cotton,Women Fashion,Lace",black,50,39,50,24564,3.928879661,3. Médio(1000),768,Preto,4. Alto Impacto,Scarcity,0,FALSE,FALSE,FALSE,0,Standard Delivery,2. Barato,2. Normal,10. XG (2XL),"Camisete, Top, Camisa, Regata","Algodão/Poliéster, Poliéster/Viscose, Algodão, Renda, Renda/Poliéster, Algodão/Elastano, Nilon/Elastano",TRUE,CN,iguais,0,FALSE
298,5c9853b1d2430a5b7500f4b6,2019 Summer Plus Size Tank Top for Women Spaghetti Strap  Flower Print Sleeveless Casual Top (S-6XL),3,3,20000,1,4.12,2826,1573,546,374,147,186,"Summer,Plus Size,Tank,Spaghetti,Tops,Spaghetti Strap,tank top,Women's Fashion,Flowers,flowerprint,Print,sleeveless,Fashion,Casual,Women",purple,6,49,50,55670,4.121483743,5. Muito Alto(20000),824,Roxo,3. Médio Impacto,None,0,FALSE,FALSE,FALSE,1,Standard Delivery,2. Barato,2. Normal,06. P (S),"Regata, Top","Algodão/Poliéster, Poliéster, Poliéster/Elastano, Algodão",FALSE,CN,iguais,0,TRUE
299,5ccd5797cb8529092f1cace5,Side Split Letter Print Curved Hem Casual Dress Summer Sport Style T Shirt Dress Plus Size,12,26,5000,0,4.16,663,385,119,84,28,47,"Summer,Plus Size,Shirt,letter print,splitdre,Dress,Mini dress,Women's Fashion,Fashion,splits,Print,Sport,Casual",white,50,43,50,18029,4.100615675,4. Alto(10000),832,Branco,1. Baixo Impacto,None,0,FALSE,FALSE,FALSE,0,Standard Delivery,2. Barato,2. Normal,06. P (S),"Vestido, Camisa","Algodão/Poliéster, Poliéster/Elastano, Poliéster, Algodão",FALSE,CN,retail_maior,117,FALSE
300,5c90908b8625751a972408f1,2019 Women Ladies Fashion Crocheted Lace Summer Dress Maxi Dress Long Dress,11,10,100,1,3.09,22,5,5,4,3,5,"Summer,Fashion,Lace,long dress,Dress,Lace Dress,Women's Fashion,beach dress,Sleeveless dress,summer dress,maxi dress,Ladies,summer dresses,Women,Ladies Fashion,casual dress",black,50,38,50,16487,3.967610845,2. Baixo(100),618,Preto,4. Alto Impacto,Scarcity,0,FALSE,FALSE,FALSE,1,Standard Delivery,2. Barato,2. Normal,06. P (S),Vestido,"Algodão/Poliéster, Algodão/Viscose, Renda, Viscose/Poliéster",TRUE,CN,price_maior,-9,TRUE
301,5c107c373a0d72228ee96207,2019 Summer 2 Color Women Fashion Bikini Set Spaghetti Strap Crop Top High Waist Triangle Swimwear Leopard Print Two Piece Push Up Bathing Suit Swimsuit,8,118,10000,0,3.85,2519,1158,545,370,181,265,"Summer,summer bikini,Triangles,bikini set,leopard print,bathing suit cover ups,Spaghetti Strap,Leopard,fashion bikini,Women's Fashion,Fashion,high waist bikini,Summer Fashion,Spaghetti,two piece bathing suit,high waist,Tops,Waist,Swimwear,Swimsuit,beach swimwear,Bikini,Suits,Print,Women,Swimming",white & black,50,43,50,23485,4.024696615,4. Alto(10000),770,Multicor/Estampado,1. Baixo Impacto,None,0,FALSE,FALSE,FALSE,0,Standard Delivery,2. Barato,2. Normal,06. P (S),"Biquíni, Conjunto/Terno, Maiô/Biquíni, Moda Praia, Top","Algodão/Poliéster, Nilon/Elastano, Poliéster, Poliéster/Elastano, Poliéster/Algodão, Algodão",FALSE,CN,retail_maior,1375,FALSE
303,5e1eae0d2823cf0ad7d20358,Women Summer V Neck Mini Swing Dress Sunflower Print Sleeveless Spaghetti Strap Party Dresses Plus Size S-5XL,6,6,100,0,3.07,55,17,6,11,6,15,"Mini,Plus Size,Summer,ladies dress,Dress,Floral dress,Mini dress,beach dress,Party Dress,party,V-neck Dresses,Spaghetti,Women,Swing dress,Necks,Sunflowers,summer dress,Women's Fashion,Sleeveless dress,retro,Swing,Print,women dress,sleeveless",black,1,27,50,23161,3.930572946,2. Baixo(100),614,Preto,4. Alto Impacto,None,0,FALSE,FALSE,FALSE,0,Standard Delivery,2. Barato,2. Normal,05. P (XS),Vestido,"Algodão/Poliéster, Algodão/Viscose, Poliéster/Viscose, Poliéster/Elastano, Poliéster, Algodão",FALSE,CN,iguais,0,FALSE
304,5e53ed365c21a20c1bf9b8cb,Women Push-up Padded Bra Bandage Bikini Set Swimsuit Triangle Swimwear Bathing,9,57,1000,0,3.63,146,61,32,15,14,24,"bathing suit,Fashion,Triangles,bikini set,Swimsuit,beach wear,Swimwear,padded,pushuppaddedbra,women swimwear,Bandages,brazilian,Bikini,Women,swimwea,Swimming,Women's Fashion,Bras,high waist",black,50,71,50,14442,4.143054979,3. Médio(1000),726,Preto,4. Alto Impacto,None,0,FALSE,FALSE,FALSE,0,Standard Delivery,2. Barato,2. Normal,06. P (S),"Moda Praia, Biquíni, Sutiã, Maiô/Biquíni","Poliéster/Elastano, Algodão/Poliéster, Nilon/Elastano, Poliéster/Borracha, Algodão",FALSE,US,retail_maior,533,FALSE
305,5e9810834500da4e8d0c2376,Summer Women Fashion Sleeveless Shirt Bohemian Casual Printed Loose Sling  V Neck Blouse  Tank Top Vest,8,7,1000,0,3.6,141,64,22,19,7,29,"blouse,Summer,Vest,Plus Size,Tank,Necks,Shirt,Tops,Women's Fashion,tank top,boho,Fashion,printed,sleeveless,bohemian,Casual,Women",pink,50,24,50,3771,3.881463803,3. Médio(1000),720,Rosa,3. Médio Impacto,None,0,FALSE,FALSE,FALSE,0,Standard Delivery,2. Barato,2. Normal,06. P (S),"Blusa, Camisa, Regata, Top","Poliéster/Viscose, Algodão/Poliéster, Poliéster, Algodão",FALSE,CN,price_maior,-12,FALSE
306,5ea27636bea0a409031ae82f,Fashion Crop Top for Women Spaghetti Strap V Neck Tank Top Summer Top Plus Size S-5XL,5,5,100,0,5,2,2,0,0,0,0,"Summer,Plus Size,crop top,clubwear,Tank,Tops,Slim Fit,tank top,Casual,Spaghetti Strap,Women's Fashion,Fashion,sexy,Women,Spaghetti,summer tops,Necks",black,13,41,50,5316,4.224604966,2. Baixo(100),1000,Preto,4. Alto Impacto,None,0,FALSE,FALSE,FALSE,0,Standard Delivery,2. Barato,2. Normal,08. G (L),"Top, Regata","Algodão/Poliéster, Poliéster/Elastano, Algodão/Elastano, Algodão",FALSE,CN,iguais,0,FALSE
307,5ed70273653d316c5a04335b,Hollowing Out Halter Dress Women Summer V Neck Sleeveless Dress,8,7,50,0,3.71,7,4,0,1,1,1,"Summer,Plus Size,halter dress,Necks,Halter,Dresses,Dress,Loose,V-neck,Women's Fashion,Sleeveless dress,off shoulder,summer dress,sleeveless,women dress,Women,Casual,Cotton",grey,5,23,50,211,3.545023697,2. Baixo(100),742,Cinzento,2. Baixo a Médio Impacto,None,0,FALSE,FALSE,FALSE,0,Standard Delivery,2. Barato,2. Normal,05. P (XS),Vestido,"Algodão/Poliéster, Algodão, Poliéster/Elastano, Algodão/Viscose",FALSE,CN,price_maior,-12,FALSE
308,5bb6cfd4e0334021219d5d2f,Women's Sleeveless Deep V-neck Package Hip Zipper Tunic Shirt Vest Casual Women Fashion Slim Fit Cotton Tee Tank Top ,9,8,20000,1,3.94,4304,2089,901,650,287,377,"tank top women,Vest,Fashion,Cotton T Shirt,tunic top,slim,tank top,Women's Fashion,tanktopforwomen,V-neck,tunic,zippers,summer tops,Women,Deep V-Neck,Cotton,Tank,Shirt,Tops,Slim Fit,Casual,womens sexy tops,tunicsforwomen,sleeveless,deep v neck top,bodycon top",white,50,41,50,18877,4.079885575,5. Muito Alto(20000),788,Branco,1. Baixo Impacto,Scarcity,0,FALSE,FALSE,FALSE,1,Standard Delivery,2. Barato,2. Normal,07. M,"Camiseta, Camisa, Top, Regata, Túnica","Algodão/Poliéster, Algodão, Poliéster/Elastano, Algodão/Elastano, Algodão/Viscose, Metal/Plástico",TRUE,CN,price_maior,-11,TRUE
309,5d3fa6df99a3f92b0a400e46,New Fashion Women Plus Size Casual T-shirt 3/4 Sleeve Blouse Button Printing Loose Tops,8,7,10000,1,3.32,1061,351,192,184,110,224,"blouse,Plus Size,34sleeve,Sleeve,Tops,Loose,Women's Fashion,T Shirts,Fashion,printed,button,Casual,Women Fashion,Women",purple,30,28,50,88193,4.080890774,4. Alto(10000),664,Roxo,3. Médio Impacto,None,0,FALSE,FALSE,FALSE,1,Standard Delivery,2. Barato,2. Normal,07. M,"Blusa, Camisa, Camiseta, Top","Poliéster/Viscose, Plástico/Metal, Algodão/Poliéster, Poliéster, Algodão",FALSE,CN,price_maior,-12,TRUE
310,5edda5aeb7160e568443c6e7,Ladies Summer Tie Dye Print Short Sleeve Off Shoulder Casual Plus Size Dress,4.81,5,100,1,5,0,0,0,0,0,0,"Summer,Plus Size,Tie Dye,tiedyeprint,Dyes,Dress,summer dress,short sleeves,Ladies,Women's Fashion,Shorts,off shoulder dress,Sleeve,Print,women dress,Casual,casual dress",yellow,5,47,50,6,4.333333333,2. Baixo(100),1000,Laranja/Amarelo,3. Médio Impacto,Scarcity,0,FALSE,FALSE,FALSE,1,Standard Shipping,2. Barato,2. Normal,05. P (XS),"Vestido, Camiseta, Shorts","Algodão/Poliéster, Algodão/Viscose, Poliéster/Elastano, Poliéster, Algodão",TRUE,CN,retail_maior,4,TRUE
311,5eb658630aac0c435be0b210,2020 New Summer T-shirt Paul Men's Short-sleeved Shirt Popular Fashion Polo Shirt Print,14,104,100,1,3.44,71,20,17,19,4,11,"Summer,Fashion,Shirt,Mens T Shirt,slim,hellyhansen,Print,shirts for men,poloshirtsformen,T Shirts,Fashion Men,Polos,Casual",orange,50,31,50,151,3.761589404,2. Baixo(100),688,Laranja/Amarelo,3. Médio Impacto,None,0,FALSE,FALSE,FALSE,1,Standard Delivery,2. Barato,2. Normal,06. P (S),"Camisa, Camiseta","Algodão/Poliéster, Poliéster, Algodão/Elastano, Algodão",FALSE,CN,retail_maior,643,TRUE
313,5ef0ef11f30aba4e22166d4b,Summer New Europe and The United States Sexy Round Neck Pocket Stripes Printed Hip Dress Women,8,26,100,0,5,13,13,0,0,0,0,"Summer,Flowers,Necks,printed,Pocket,fashion dress,Dress,beach dress,Round neck,women dress,Women's Fashion,Stripes,Vintage,bohemian dress,sexy,Beach,Women",yellow,50,33,50,138,3.65942029,2. Baixo(100),1000,Laranja/Amarelo,3. Médio Impacto,Scarcity,0,FALSE,FALSE,FALSE,0,Standard Delivery,2. Barato,2. Normal,06. P (S),Vestido,"Algodão/Poliéster, Algodão/Viscose, Poliéster/Viscose, Poliéster, Poliéster/Elastano, Algodão, Algodão/Denim",TRUE,CN,retail_maior,225,FALSE
314,5e5cae2fa25ca51880cf47ef,Dragonfly Tee 2020 New Women Summer Fashion Comfy High-quality Graphic Short Sleeve  T-shirt Casual Cotton Print,7,81,100,1,3.57,23,10,2,5,3,3,"blouse,Summer,Fashion,Shirt,Sleeve,trendshirtwomen,Tops,short sleeves,comfy,Long Sleeve,T Shirts,Shorts,Print,Cotton,Women's Fashion,Casual,Women",green,30,43,50,7602,3.85661668,2. Baixo(100),714,Verde,3. Médio Impacto,None,0,FALSE,FALSE,FALSE,1,Standard Delivery,2. Barato,2. Normal,05. P (XS),"Blusa, Camisa, Camiseta, Shorts, Top","Poliéster/Viscose, Algodão/Poliéster, Algodão, Poliéster",FALSE,CN,retail_maior,1057,TRUE
315,5e93d87e2e87d8b154dd238e,New Fashion Summer Women Casual Dress Round Neck Loose Big Swing Skirt Sleeveless Soild Color Beach dress,3,3,100,0,3.67,12,4,3,3,1,1,"Summer,Fashion,Necks,Skirts,Dress,Loose,Women's Fashion,Round neck,beach dress,sleeveless,Beach,Casual,Women",white,2,40,50,38100,4.291469816,2. Baixo(100),734,Branco,1. Baixo Impacto,Scarcity,0,FALSE,FALSE,FALSE,0,Standard Delivery,2. Barato,2. Normal,04. PP (XXS),Vestido,"Algodão/Poliéster, Algodão/Viscose, Algodão",TRUE,CN,iguais,0,FALSE
316,5c273b6f959812232228099c,AH Women's Waist Lace Splicing Suspenders Low Cut Backless Off Shoulder Expansion A-line Mini Dress,8,8,1000,0,3.63,187,80,33,31,11,32,"Summer,Fashion,vest dress,Lace,Dress,Mini dress,Women's Fashion,A line dress,sexy,party,backless,Women Fashion,Waist",white,50,38,50,1761,4.089721749,3. Médio(1000),726,Branco,1. Baixo Impacto,Scarcity,0,FALSE,FALSE,FALSE,0,Standard Delivery,2. Barato,2. Normal,06. P (S),Vestido,"Poliéster/Elastano, Algodão/Poliéster, Renda, Poliéster, Algodão",TRUE,CN,iguais,0,FALSE
317,5ec4bf87c2112615ba1c66d4,Short Sleeve Beach Dress Women Summer Print V Neck Dress Loose Casual Pullover Midi Dress,8,10,100,0,3.5,6,3,0,1,1,1,"Summer,short sleeve dress,neck dress,Necks,Sleeve,Beach,Dress,Loose,short sleeves,V-neck,Shorts,beach dress,Plus Size,Midi Dress,summer dress,Print,Pullovers,Women's Fashion,Casual,Women",yellow,5,20,50,117,3.786324786,2. Baixo(100),700,Laranja/Amarelo,3. Médio Impacto,Scarcity,0,FALSE,FALSE,FALSE,0,Standard Delivery,2. Barato,2. Normal,05. P (XS),"Vestido, Pulôver, Camiseta, Shorts","Algodão/Poliéster, Algodão/Viscose, Poliéster, Algodão",TRUE,CN,retail_maior,25,FALSE
318,5d156736078e6e75b5404077,Summer Short Sleeve Casual Loose Dress Women Plus Size V-neck Floral Dress,12,11,5000,0,3.34,887,305,161,140,97,184,"Summer,Plus Size,Sleeve,Dress,short sleeves,V-neck,Casual,Women's Fashion,Shorts,Floral dress,Floral,women dress,Women,loose dress,printed",blue,50,14,50,1021,3.681684623,4. Alto(10000),668,Azul,3. Médio Impacto,None,0,FALSE,FALSE,FALSE,0,Standard Delivery,2. Barato,2. Normal,06. P (S),"Vestido, Camiseta, Shorts","Algodão/Poliéster, Poliéster/Viscose, Viscose/Algodão, Poliéster, Algodão",FALSE,CN,price_maior,-8,FALSE
319,5de8c7d46beed03182792ce7,Women Summer Beach Halter Asymmetric Hem Top High Waist Bottom Printed Tankini Set Two Piece Swimsuit Beachwear,11,22,100,1,2.71,24,6,2,5,1,10,"bathing suit,Fashion,women beachwear,Waist,Halter,Summer,asymmetric,swim dress,Tops,Women's Fashion,Swimsuit,Tankinis,Bikini,printed,Swimming,Women,halter tankini,Beach,printbikini,high waist",black,1,43,50,746,4.018766756,2. Baixo(100),542,Preto,4. Alto Impacto,None,2,TRUE,FALSE,TRUE,1,Standard Delivery,2. Barato,2. Normal,12. Plus Size (4XL),"Biquíni, Vestido, Maiô/Biquíni, Top, Moda Praia","Algodão/Poliéster, Nilon/Elastano, Poliéster, Algodão",FALSE,CN,retail_maior,100,TRUE
320,5ebf9b2a6e0bd84bbf5edb18,Casual Boho Beach Dresses Womens O-Neck Party Summer Dress Short Sleeve Loose Mini Dress,8,7,100,1,3,11,3,1,3,1,3,"Mini,Summer,Dress,short sleeves,Mini dress,T Shirts,Casual,Shorts,Sleeve,summer dress,Women's Fashion,boho,Women S Clothing,T-Shirt womens,party,Beach",white,50,35,50,5768,4.484396671,2. Baixo(100),600,Branco,1. Baixo Impacto,None,0,FALSE,FALSE,FALSE,1,Standard Delivery,2. Barato,2. Normal,06. P (S),"Vestido, Camisa, Camiseta, Shorts","Algodão/Poliéster, Poliéster/Elastano, Poliéster, Algodão/Viscose, Algodão",FALSE,CN,price_maior,-12,TRUE
321,5c6782e351aa00744af69565,2019 New Fashion Women Casual Shorts Suit Summer Tie-Dye Print Halter Bandage Sleeveless Backless Crop Top And Elastic Waist Shorts Pants Two Piece Set,8,7,100,0,4.39,111,77,14,10,6,4,"bandage top,Fashion,crop top,Halter,Summer,Women Set,elasticwaistshort,Women's Fashion,elastic waist,Casual,Women,Shorts,Waist,Elastic,Tops,pants,shortssuit,backless,Suits,Print,sleeveless,twopiecesset",multicolor,50,38,50,1290,4.212403101,2. Baixo(100),878,Multicor/Estampado,4. Alto Impacto,None,1,FALSE,TRUE,FALSE,0,Standard Shipping,2. Barato,2. Normal,06. P (S),"Calça, Shorts, Conjunto/Terno, Top","Poliéster/Elastano, Algodão/Poliéster, Elastano, Poliéster, Poliéster/Algodão, Algodão",FALSE,CN,price_maior,-12,FALSE
322,5d688e832a3d8d5ba95c15c1,2019 New Summer Women Sleeveless Flower Print Spaghetti Straps Long Dresses Big Swing Loose Casual Plus Size Long Maxi Dresses Tank Dress,6,30,1000,0,3.53,325,130,61,48,24,62,"Summer,Plus Size,Tank,camisole,long dress,Spaghetti,Dress,strap,Print,Women's Fashion,Flowers,print dress,sleeveless,Floral,women dress,Skirts,Casual,Women",blue,50,41,50,383,3.793733681,3. Médio(1000),706,Azul,3. Médio Impacto,None,0,FALSE,FALSE,FALSE,0,Standard Delivery,2. Barato,2. Normal,06. P (S),"Camisete, Vestido","Algodão/Poliéster, Poliéster/Viscose, Viscose/Poliéster, Poliéster, Poliéster/Elastano, Algodão",FALSE,CN,retail_maior,400,FALSE
323,5ccd4ae4400cf976a05bea6e,25 Styles Women Summer Sleeveless Crop Top Free Size Printed Slim Sling Vest Spaghetti Strap Printed Shirt,11,26,100,0,4.25,12,8,2,0,1,1,"Summer,Vest,skeletonvest,digitalprintingvesttop,Fashion,Spaghetti,Tops,summer dress,skullshirtwomen,Spaghetti Strap,Women's Fashion,cannabisleafprint,printed,Tops & T-Shirts,sleeveless,Women,slim,printvest,Shirt",multicolor,50,70,50,874,4.054919908,2. Baixo(100),850,Multicor/Estampado,4. Alto Impacto,None,0,FALSE,FALSE,FALSE,0,Standard Delivery,2. Barato,2. Normal,15. Calçados / Numerações,"Vestido, Camisa, Top","Algodão/Poliéster, Poliéster, Algodão/Elastano, Poliéster/Elastano, Algodão/Viscose, Algodão",FALSE,CN,retail_maior,136,FALSE
324,5d832e8bdfe9c5124cb98bd2,Summer New Fashion Women Two Pieces Sleepwear Soft Silk Casual Pajama Sets(5 Colors) ,8,7,100,1,3.86,28,14,4,5,2,3,"pajamaset,Fashion,sexy pajamas for womens,silksleepwearforwomen,silksleepwear,pajamassuit,Casual,Women's Fashion,Summer,Sleepwear,pajamasforwomen,silksleepwearnightgown,silk,pajamassleepwear,women's pajamas,Women",red,2,28,50,889,4.390326209,2. Baixo(100),772,Vermelho,4. Alto Impacto,Scarcity,0,FALSE,FALSE,FALSE,1,Standard Delivery,2. Barato,2. Normal,05. P (XS),"Pijama, Roupa de Dormir","Algodão/Poliéster, Algodão/Viscose, Poliéster/Elastano, Algodão",TRUE,CN,price_maior,-12,TRUE
325,5c8a111f4caa1626abc98d55,11 Colors V Neck Women Sleeveless Tops Halter Neck Plus Size Chiffon CropTops(S~5XL),8,7,1000,0,3.58,605,210,144,117,56,78,"Halterneck Top,Plus Size,crop top,Halter,chiffon,Tops,womens top,Necks,Women's Fashion,chiffonesummertop,halterneck,sleeveless,Women Sleeveless Top,Chiffon top,Women,tops for women,sleeveless tops",white,24,36,50,21226,4.014180722,3. Médio(1000),716,Branco,1. Baixo Impacto,None,0,FALSE,FALSE,FALSE,0,Standard Delivery,2. Barato,2. Normal,06. P (S),Top,"Poliéster, Algodão/Poliéster, Algodão",FALSE,CN,price_maior,-12,FALSE
326,5aa37d856d638a7ee5469a6c,Fashion Women Sexy Bikini Leaf Printed Two Piece Split Bikini Set Summer Beach Swimsuit Bathing Suit Swimwear,9,9,10000,1,3.74,2148,822,539,410,169,208,"bathing suit,two piece swimsuit,leaf,bikini set,Summer,sexy bikini,Swimwear,Swimsuit,Bikini,Women's Fashion,Fashion,printed,Suits,Swimming,sexy,Women,Beach,splits",white,50,44,50,246312,4.203725356,4. Alto(10000),748,Branco,1. Baixo Impacto,None,0,FALSE,FALSE,FALSE,1,Standard Delivery,2. Barato,2. Normal,06. P (S),"Biquíni, Conjunto/Terno, Maiô/Biquíni, Moda Praia","Algodão/Poliéster, Nilon/Elastano, Poliéster, Poliéster/Elastano, Poliéster/Algodão, Algodão",FALSE,CN,iguais,0,TRUE
327,5e90074a5dd4013b350b81e4,"Anti-Fog Summer Swimming Full Face Mask Surface Diving Snorkel Scuba for GoPro (S/M ,L/XL)",14,12,10,0,5,1,1,0,0,0,0,"divingsnorkel,divingmask,Summer,divingequipment,Masks,antifoggoggle,swimmingmask,swimmingfacemask,fullfacemask,siliconedivingmask,divingsnorkeling,Swimming",pink,5,41,50,9217,4.173049799,1. Micro(10),1000,Rosa,3. Médio Impacto,None,0,FALSE,FALSE,FALSE,0,Standard Delivery,2. Barato,2. Normal,01. Infantil,Não Especificado,"Algodão/Poliéster, Nilon/Elastano, Algodão",FALSE,CN,price_maior,-14,FALSE
328,5c89fb9f548adf55f587bb22,Women Sleeveless V Neck Backless Drawstring Jumpsuits Side Split Pants Rompers with Pockets,13,11,5000,1,3.88,1224,569,278,175,67,135,"Necks,pants,splits,jumpsuit,Rompers,Women's Fashion,rompers womens jumpsuit,Women's Jumpsuits,sleeveless,playsuit,women Jumpsuit,jumpsuitsampromper,Women",red,34,19,50,56745,3.981073222,4. Alto(10000),776,Vermelho,4. Alto Impacto,None,0,FALSE,FALSE,FALSE,1,Standard Delivery,2. Barato,2. Normal,09. GG (XL),"Macacão, Calça, Conjunto/Terno","Algodão/Poliéster, Poliéster/Algodão, Algodão",FALSE,CN,price_maior,-15,TRUE
329,5e65f92959cd5fc3e2ebf080,2020 Women's Fashion Summer Casual Short Sleeve Round Neck T-shirt Cute Funny Cotton Shirt Tops,4.84,5,100,1,4.09,57,30,12,10,0,5,"Summer,Shorts,Shirt,Sleeve,cute,Tops,Necks,short sleeves,Round neck,Funny,Women's Fashion,Fashion,Casual,T Shirts,Cotton",white,2,43,50,16099,3.95148767,2. Baixo(100),818,Branco,1. Baixo Impacto,None,0,FALSE,FALSE,FALSE,1,Standard Delivery,2. Barato,2. Normal,05. P (XS),"Camisa, Camiseta, Shorts, Top","Algodão/Poliéster, Algodão",FALSE,CN,retail_maior,3,TRUE
330,5c10aebf9b427b638743a490,Women's Fashion Sleeveless Pleated Flowy Spaghetti Strap V-Neck Casual Sexy Summer Tank Top,5,5,1000,0,4.11,94,54,16,13,2,9,"Summer,Spaghetti Strap,Tank,summer tank top,Pleated,Tops,Loose,V-neck,Women's Fashion,Fashion,Cami Tank Tops,tank top,sexy,sleeveless,Spaghetti,Casual,flowytanktop",purple,50,43,50,10436,4.044844768,3. Médio(1000),822,Roxo,3. Médio Impacto,None,0,FALSE,FALSE,FALSE,0,Standard Delivery,2. Barato,2. Normal,08. G (L),"Camisete, Regata, Top","Algodão/Poliéster, Poliéster/Elastano, Algodão",FALSE,CN,iguais,0,FALSE
331,5d5bdbeb59a0f0065186c860,ZANZEA Vintage Womens Short Sleeve V Neck Casual Loose Beach Dress Tunic Kaftan Dresses,14,89,5000,1,3.43,647,227,134,98,64,124,"damenkleid,Shorts,tunic,plaincolordres,Sleeve,highwaistdres,Evening Dress,Dress,Necks,short sleeves,Beach,summercocktaildres,beach dress,Party Dress,femmerobe,women dress,sommerkleid,Women's Fashion,Casual,Vintage dress",orange-red,9,40,50,5985,4.231746032,4. Alto(10000),686,Vermelho,3. Médio Impacto,None,0,FALSE,FALSE,FALSE,1,Standard Delivery,2. Barato,2. Normal,06. P (S),"Vestido, Camiseta, Shorts, Túnica","Algodão/Poliéster, Algodão/Viscose, Poliéster, Poliéster/Elastano, Algodão, Algodão/Denim",FALSE,CN,retail_maior,536,TRUE
332,5ebb6e21224e2e1e5929be1a,Summer loose sling gradually dyed printed one-piece trousers,3,60,100,1,3.57,28,12,6,2,2,6,"Deep V-Neck,Summer,trousers,onepiece,Jumpsuits & Rompers,Women's Fashion,backless,printed,Print,sleeveless,women Jumpsuit,Casual,jumpsuit",grey,1,27,50,1500,3.952,2. Baixo(100),714,Cinzento,2. Baixo a Médio Impacto,None,1,FALSE,FALSE,TRUE,1,Standard Delivery,2. Barato,2. Normal,03. PP (XXXS),"Macacão, Conjunto/Terno","Poliéster/Elastano, Algodão/Poliéster, Poliéster, Poliéster/Algodão, Algodão",FALSE,CN,retail_maior,1900,TRUE
333,5d332bbdc15e48119789c2ae,Women Summer Off Sholuder V-Neck Printed Big Swing Loose Casual Plus Size Holiday  Beach Gradient Color Long Dress Sling Dress Plus Size,7,6,10000,0,3.35,1786,660,264,301,162,399,"bigswing,Summer,Plus Size,Sling,long dress,Dress,Loose,V-neck,letterprinted,Women's Fashion,printed,sleeveless,offsholuder,Holiday,Beach,Casual,Women",pink,4,47,50,3566,3.73247336,4. Alto(10000),670,Rosa,3. Médio Impacto,None,0,FALSE,FALSE,FALSE,0,Standard Delivery,2. Barato,2. Normal,06. P (S),Vestido,"Algodão/Poliéster, Algodão/Viscose, Viscose/Poliéster, Poliéster, Algodão",FALSE,CN,price_maior,-14,FALSE
334,5b07f4f16e42c03e6eb4b1f6,Summer Women Chiffon Solid Color O-neck Sleeveless Top Sling Sexy Off Shoulder Loose Pleated T-shirt Blouse Casual Tank Top Plus Size S-6XL,5,5,50000,0,3.93,7088,3367,1510,1148,469,594,"blouse,Summer,o-neck,Tops & Blouses,Shirt,chiffon,Tank,Pleated,Tops,T Shirts,tank top,Women's Fashion,Plus Size,sleeveless tops,sexy,loose t-shirt,women top,Fashion,Casual,sleeveless,Women",blue,50,29,50,11481,4.095287867,6. Crítico(>20000),786,Azul,3. Médio Impacto,None,0,FALSE,FALSE,FALSE,0,Standard Delivery,2. Barato,2. Normal,06. P (S),"Blusa, Camiseta, Camisa, Top, Regata","Poliéster/Viscose, Algodão/Poliéster, Poliéster, Algodão, Poliéster/Elastano",FALSE,CN,iguais,0,FALSE
335,5d26a954b93be477634336ab,2019 Summer Women Floral Dress Printing Off-Shoulder Short Sleeved Mini Dress Beach Mini Sundress Women's Casual Cotton Lace Dress Robe Female Floral Sleeveless Backless V Neck Mini Dress Boho Dresses,9,8,100,0,4.07,27,14,8,1,1,3,"Mini,Lace Dress,Lace,Summer,Dress,Mini dress,Women's Fashion,Floral,Spaghetti,Casual,Women Fashion,Women,Shorts,sexy dresses,Necks,summer dress,beach dress,boho,backless,sleeveless,Robes,Cotton,Beach",yellow,50,22,50,34975,4.336583274,2. Baixo(100),814,Laranja/Amarelo,3. Médio Impacto,None,0,FALSE,FALSE,FALSE,0,Standard Delivery,2. Barato,2. Normal,07. M,"Vestido, Robe, Shorts","Poliéster/Elastano, Algodão/Poliéster, Algodão/Viscose, Algodão, Poliéster/Viscose, Renda, Poliéster/Algodão",FALSE,US,price_maior,-11,FALSE
336,5d0c8e125adf55596cf111bd,5 Colors Fashion Women Push Up Bikini Set Sexy Solid Color Summer Hot Bathing Suit Swimsuit Casual Beachwear Bra + Bikini Bottom,9,8,1000,1,4.22,237,138,50,26,9,14,"Summer,Fashion,Women's Fashion,Swimsuit,Bikini,Suits,sexy,Women,Casual,Bras,Swimming",black,50,138,50,96838,4.264658502,3. Médio(1000),844,Preto,4. Alto Impacto,None,0,FALSE,FALSE,FALSE,1,Standard Delivery,2. Barato,2. Normal,07. M,"Biquíni, Sutiã, Conjunto/Terno, Maiô/Biquíni","Nilon/Elastano, Algodão/Poliéster, Poliéster/Elastano, Poliéster/Algodão, Algodão",FALSE,CN,price_maior,-11,TRUE
337,5df58b3dfcc85c5bf78552eb,Women Sleeveless Floral Print Dress V-neck Sling Dress Casual Loose Beach Dress,8,11,1000,0,4.13,127,70,30,10,7,10,"Summer,Floral print,women dresses,fashion dress,Dress,beach dress,Floral dress,Print,slingdre,Sleeveless dress,Lace Up,V-neck,print dress,Floral,sleeveless,V-neck Dresses,Beach,Women's Fashion,Casual,Women",apricot,50,15,50,173,4.306358382,3. Médio(1000),826,Tons Neutros,2. Baixo a Médio Impacto,Scarcity,0,FALSE,FALSE,FALSE,0,Standard Delivery,2. Barato,2. Normal,06. P (S),Vestido,"Algodão/Poliéster, Algodão/Viscose, Poliéster/Viscose, Renda, Poliéster, Algodão",TRUE,CN,retail_maior,38,FALSE
338,5ed8983fb83b7828822ad26a,Women Plaid Stripes T Shirt V-neck Short Sleeve Blouse,11,10,2,0,2,1,0,0,0,1,0,"sleeve v-neck,plaid shirt,fashion women,Short Sleeve T-Shirt,sunmmertshirt,Shirt,Sleeve,Shorts,blouse,short sleeves,V-neck,plaid,Women's Fashion,Fashion,T-Shirt womens,Women,Casual T-Shirt,Tops & Blouses,Printed T Shirts,summer tops,Stripes",yellow,50,19,50,21307,3.999061341,1. Micro(10),400,Laranja/Amarelo,3. Médio Impacto,None,0,FALSE,FALSE,FALSE,0,Standard Delivery,2. Barato,2. Normal,06. P (S),"Blusa, Camiseta, Camisa, Shorts, Top","Poliéster/Viscose, Algodão/Poliéster, Algodão, Poliéster",FALSE,CN,price_maior,-9,FALSE
339,5b238ab1ddaa9221a9b9249c,Lazy Lay Bag High Quality Fast Inflatable Lazy Sofa Lounger Air Sofa Unicorn Bean Bag Chair Outdoor Beach Lounger,19,17,5000,0,3.77,1163,559,212,135,77,180,"inflatablebed,inflatablelounger,Outdoor,Home Decor,camping,Hobbies,Sofas,Inflatable,outdoorampcampingaccessorie,Bags,inflatablesofa,unicorn,Chair,Travel Accessories,Beach",skyblue,2,27,50,15173,3.959994727,4. Alto(10000),754,Azul,3. Médio Impacto,Scarcity,1,TRUE,FALSE,FALSE,0,Standard Delivery,2. Barato,2. Normal,00. Não Informado,Não Especificado,"Algodão/Poliéster, Algodão",TRUE,CN,price_maior,-11,FALSE
340,584e5c5190e8175031339254,Sexy Women Crop Tops High Waist Shorts Floral Bikini Set Beach Swimwear Swimsuit BRE,8,25,10000,0,3.65,2324,1009,401,358,212,344,"Shorts,Swimming,bikini set,Beach,Tops,Waist,Swimwear,Swimsuit,Bikini,Women S Clothing,Fashion,Floral,sexy,bre,Women,Women's Fashion,crop tops fashion,high waist",yellow,50,39,50,30292,4.227584841,4. Alto(10000),730,Laranja/Amarelo,3. Médio Impacto,None,0,FALSE,FALSE,FALSE,0,Standard Delivery,2. Barato,2. Normal,06. P (S),"Biquíni, Shorts, Maiô/Biquíni, Moda Praia, Top","Algodão/Poliéster, Nilon/Elastano, Poliéster/Viscose, Poliéster/Elastano, Algodão",FALSE,CN,retail_maior,212,FALSE
341,5b133d8edfd6302a48963642,7 Colors Tops 2018 Women Lady Sexy Summer Sleeveless Top Blouse Lace Vest Tank Shirt,7,6,10000,0,3.91,1797,885,366,230,139,177,"blouse,Summer,Vest,Fashion,Tank,Shirt,sexy shirts,Chiffon Shirt,Women's Fashion,tank top,Sleeveless Shirt,women shirt,sleeveless,sexy,Women,Tops,Lace",burgundy,50,32,50,9938,4.12487422,4. Alto(10000),782,Vermelho,4. Alto Impacto,None,0,FALSE,FALSE,FALSE,0,Standard Delivery,2. Barato,2. Normal,06. P (S),"Blusa, Camisa, Regata, Top","Poliéster/Viscose, Poliéster, Algodão/Poliéster, Renda, Poliéster/Elastano, Algodão",FALSE,CN,price_maior,-14,FALSE
343,5e59d0872190531f19135384,XS-8XL New Women's Fashion Summer Sleeveless Spaghetti Strap Dress Casual Deep V-Neck Letters Gradient Printing Boho Long Maxi Dress Holiday Vest Beach Dresses Loose Plus Size Sling Dress Ladies Sexy Party Dress,12,11,5000,0,3.11,434,146,58,59,38,133,"Summer,Vest,Fashion,Evening Dress,Dress,V-neck,beach dress,Party Dress,party,sexy,Spaghetti,Casual,casual dress,Deep V-Neck,Plus Size,summer dress,Women's Fashion,boho,Sleeveless dress,print dress,plus size dress,Ladies,women dress,Holiday,Beach,sleeveless",pink,3,29,50,6876,3.775450844,4. Alto(10000),622,Rosa,3. Médio Impacto,None,0,FALSE,FALSE,FALSE,0,Standard Shipping,2. Barato,2. Normal,05. P (XS),Vestido,"Algodão/Poliéster, Algodão/Viscose, Poliéster/Elastano, Poliéster, Poliéster/Viscose, Algodão",FALSE,CN,price_maior,-8,FALSE
345,5cd8e61e943cd76a7c2d0be0,2019 Summer Fashion Women Sleeveless Lace Tank Top Spaghetti Strap Tops Casual Tank Top V Neck Shirt Plus Size,7,6,1000,0,3.19,245,77,44,39,19,66,"Summer,strappytop,Plus Size,Lace,Shirt,Plus size top,tank top,Women's Fashion,Fashion,sleeveless tops,Casual T-Shirt,Spaghetti,summer tops,Women,lace trim,spaghetti strap top,Tank,Necks,Tops,Casual,Cami Tank Tops,sleeveless,deep v neck top,Loose tank tops",armygreen,50,43,50,9341,4.012953645,3. Médio(1000),638,Verde,3. Médio Impacto,None,0,FALSE,FALSE,FALSE,0,Standard Delivery,2. Barato,2. Normal,07. M,"Camisete, Camiseta, Camisa, Top, Regata","Algodão/Poliéster, Algodão, Renda, Poliéster/Elastano",FALSE,CN,price_maior,-14,FALSE
346,5c30694985fe9b55be100665,3 Colors Fashion Summer Women Sexy Sleeveless Crop Top Cotton Letter Print Sports Bra Top Ladies Casual Vest Tops,8,17,1000,1,3.93,426,216,77,60,34,39,"vesttop,Summer,Vest,Sports Bra,crop top,letter print,Cotton,Tops,cottontop,Ladies,Women's Fashion,Fashion,Sport,printed,sexy,Print,sleeveless,Women,Casual,Bras,sportstop",black,50,41,50,5807,3.984157052,3. Médio(1000),786,Preto,4. Alto Impacto,None,0,FALSE,FALSE,FALSE,1,Standard Delivery,2. Barato,2. Normal,07. M,"Sutiã, Top","Nilon/Elastano, Algodão/Poliéster, Algodão, Poliéster, Poliéster/Elastano",FALSE,CN,retail_maior,112,TRUE
347,5eccb8aa18e87d64f13e012c,2020 New  Women Summer Fashion O-neck Sleeveless Stripes Printing Slim Fit Casual Cotton Tank Tops,8,7,10,1,5,0,0,0,0,0,0,"Summer,Slim  Fitting,Tank,summer tank top,Tops,slim,tank top,Slim Fit,Women's Fashion,Fashion,Stripes,sleeveless,Cotton,Casual,Women Fashion,Women",grey,50,10,50,27175,3.966034959,1. Micro(10),1000,Cinzento,2. Baixo a Médio Impacto,None,0,FALSE,FALSE,FALSE,1,Standard Delivery,2. Barato,2. Normal,07. M,"Regata, Top","Algodão/Poliéster, Algodão, Algodão/Elastano",FALSE,CN,price_maior,-12,TRUE
348,5b0cb6869019fa04b1e83f3f, Summer Students Style Bodycon Rompers Womens Slim Fit Jumpsuit Chest Zipper Contrast Color Short Sleeve V-neck Shorts Bodysuit,11,10,20000,0,4.32,3648,2418,548,327,126,229,"sleeve v-neck,Summer,Shorts,Sleeve,zippers,studentsstyle,slim,short sleeves,V-neck,bodycon,Summer Fashion,contrastcolor,Body Suit,women Jumpsuit,jumpsuit,Slim Fit",black,1,39,1,4448,4.292266187,5. Muito Alto(20000),864,Preto,4. Alto Impacto,None,1,FALSE,TRUE,FALSE,0,Standard Delivery,2. Barato,2. Normal,09. GG (XL),"Macacão, Camiseta, Shorts","Algodão/Poliéster, Algodão/Elastano, Algodão, Metal/Plástico",FALSE,CN,price_maior,-9,FALSE
349,5ebfdd5bebac37702b0b207b,Women Summer Fashion Cotton Overalls Sleeveless Casual Jumpsuits,11,30,1,0,5,0,0,0,0,0,0,"Summer,Fashion,Cotton,Casual pants,rompersforwomen,Overalls,Women's Fashion,summerpant,overallsforwomen,sleeveless,Women,women Jumpsuit,Casual,jumpsuit",armygreen,10,33,50,1380,4.007246377,1. Micro(10),1000,Verde,3. Médio Impacto,None,0,FALSE,FALSE,FALSE,0,Standard Delivery,2. Barato,2. Normal,05. P (XS),"Calça, Macacão, Jardineira/Macacão","Algodão/Poliéster, Algodão, Denim",FALSE,CN,retail_maior,173,FALSE
350,5ea914e163d59930cccc879c,2020 Plus Size Fashion Women Summer Casual Tank Tops Loose Beach Blouses Sleeveless Bohemia Printed Cotton Beach T Shirt,3.7,47,100,1,3.18,11,4,1,1,3,2,"bohemia,Summer,Plus Size,Loose,tank top,Women's Fashion,Fashion,sleeveless tops,Summer Fashion,Casual,Cotton,blouse,beachtshirt,Tank,Shirt,Tops,boho,women shirt,sleeveless,Women,Beach,printed",pink,9,38,50,359,3.409470752,2. Baixo(100),636,Rosa,3. Médio Impacto,None,0,FALSE,FALSE,FALSE,1,Standard Delivery,2. Barato,2. Normal,04. PP (XXS),"Blusa, Camisa, Top, Regata","Algodão/Poliéster, Poliéster/Viscose, Algodão, Poliéster",FALSE,CN,retail_maior,1170,TRUE
351,5b5c11f425298226bf0cfad6,Women's Fashion Pure Color Dress Round Neck Casual Dress Sleeveless Summer Dresses for Women,14,12,5000,1,3.75,1892,780,431,317,147,217,"Summer,dressesforwomen,irregulardres,Necks,Dresses,Dress,Party Dress,Casual,Round neck,Women's Fashion,Sleeveless dress,Pure Color,Sexy Dress,sleeveless,Women,Fashion,Bodycon Dress,casual dress",black,48,37,50,16447,4.030461482,4. Alto(10000),750,Preto,4. Alto Impacto,None,0,FALSE,FALSE,FALSE,1,Standard Delivery,2. Barato,2. Normal,07. M,Vestido,"Poliéster/Elastano, Algodão/Poliéster, Algodão/Viscose, Poliéster, Algodão",FALSE,CN,price_maior,-14,TRUE
352,5ac31900e114ef38d7fb09dc,Boho Style Women Spaghetti Strap Halter Summer Long Dress Floral Print Side Slit Beach Dress ,11,10,5000,1,4.26,1273,735,295,134,55,54,"Women's Fashion,Summer,halter dress,Halter,long dress,Evening Dress,Dress,Spaghetti Strap,boho,Floral print,Print,beach dress,bohemian,print dress,Floral,maxi dress,Beach,Spaghetti,Women",multicolor,50,38,50,67171,4.102320942,4. Alto(10000),852,Multicor/Estampado,4. Alto Impacto,Scarcity,1,FALSE,TRUE,FALSE,1,Standard Delivery,2. Barato,2. Normal,05. P (XS),Vestido,"Algodão/Poliéster, Algodão/Viscose, Poliéster/Viscose, Viscose/Poliéster, Poliéster, Poliéster/Elastano, Algodão",TRUE,CN,price_maior,-9,TRUE
353,5cf611aee7e9e650150d59f9,Summer Women Boho Maxi Polka Dot Dress Cocktail Party Evening Beach Dress ZM,18,16,1000,1,3.63,477,181,112,75,43,66,"Women's Fashion,dressforwomen,Cocktail,Summer,Dresses,Dress,summer dress,Polkas,boho,beach dress,Party Dress,party,women dress,Beach,polka dot,Women",yellow,50,27,50,2116,4.146030246,3. Médio(1000),726,Laranja/Amarelo,3. Médio Impacto,Scarcity,1,FALSE,FALSE,TRUE,1,Standard Delivery,2. Barato,2. Normal,06. P (S),Vestido,"Algodão/Poliéster, Algodão/Viscose, Poliéster, Poliéster/Elastano, Algodão",TRUE,CN,price_maior,-11,TRUE
354,56a88f23e726b165ec424c94,Women Lace Floral White Long Maxi Dress Boho Cardigan Jacket Coat Kimono Kaftan,12,118,20000,1,4.29,4266,2611,850,449,145,211,"Sheer,cardigan,Lace,Long Coat,Long Sleeve,Coat,Dress,Women's Fashion,Hollow,Jacket,boho,Fashion,kaftandresse,Floral,white,Women,kimono",black,50,38,50,165915,4.256076907,5. Muito Alto(20000),858,Preto,4. Alto Impacto,None,1,FALSE,TRUE,FALSE,1,Standard Delivery,2. Barato,2. Normal,06. P (S),"Cardigan, Casaco, Vestido, Quimono","Algodão/Poliéster, Poliéster/Algodão, Poliéster/Viscose, Viscose/Poliéster, Renda, Algodão",FALSE,CN,retail_maior,883,TRUE
355,5df202bb707508021388614a,2020 New Arrival Women Spring and Summer Beach Wear Long Thin Cardigan Open Front Kimono Green Leaf Printed Chiffon Cardigan S-5XL,14,43,1000,1,4.05,167,93,32,18,5,19,"Summer,kimonosforwomen,women beachwear,chiffon,Spring,summercardigan,openfront,short sleeves,Women's Fashion,kimono,Green,printed,Women,longcardigan,Beach,kimonocardigan,Cover Ups,leaf",leopard,50,43,50,22711,3.872044384,3. Médio(1000),810,Multicor/Estampado,3. Médio Impacto,None,0,FALSE,FALSE,FALSE,1,Standard Delivery,2. Barato,2. Normal,06. P (S),"Cardigan, Quimono, Camiseta, Moda Praia","Algodão/Poliéster, Poliéster, Viscose/Poliéster, Algodão, Nilon/Elastano",FALSE,CN,retail_maior,207,TRUE
356,5ea90d795a7b8a3ab73de10d,Women Fashion's Lace Sexy Elastic Yoga Shorts Summer Casual Sport Gym Leggings Workout Skinny Short Pants,8,75,50,0,4.33,3,1,2,0,0,0,"runningshort,Leggings,Shorts,Yoga,Lace,Elastic,Summer,pants,Bottom,Short pants,gymshort,Women's Fashion,Women,sexy,shortsforwomen,Sport,Casual,leggingforwomen",black,50,41,50,4773,4.002933166,2. Baixo(100),866,Preto,4. Alto Impacto,None,0,FALSE,FALSE,FALSE,0,Standard Delivery,2. Barato,2. Normal,06. P (S),"Parte de Baixo, Calça, Shorts","Algodão/Poliéster, Elastano, Renda, Poliéster/Elastano, Algodão, Nilon/Elastano",FALSE,CN,retail_maior,838,FALSE
357,5e75b2e213e56742f2907368,Men's Low Cut Socks Shallow Invisible Socks Spring and Summer Short Socks Pure Cotton Breathable Socks Medias Femininas Socks for Men,1.77,2,10000,1,4.03,510,267,103,67,35,38,"Summer,Shorts,Breathable,Spring,Men,Socks,Men's Fashion,low,pure,Invisible,Cotton",white,50,45,50,783,4.237547893,4. Alto(10000),806,Branco,1. Baixo Impacto,None,0,FALSE,FALSE,FALSE,1,Standard Delivery,2. Barato,2. Normal,16. Outros Itens (Dimensões/Kits/Objetos),Shorts,"Algodão, Algodão/Poliéster",FALSE,CN,retail_maior,13,TRUE
358,5b03c5328b3f0e17fcf0faf1,Summer Crop Top Women Tank Tops Halter Vest Casual Camisole Croped Shirt Women Tops,3.73,9,5000,0,4.14,856,475,171,112,49,49,"Summer,Underwear,Fashion,Tank,Shirt,Corset,pants,Home & Living,Tops,Women's Fashion,Vest,Halter,lace lingerie,Sleepwear,sexy,Casual,Bras,Women",grey,50,44,50,2293,4.145660706,4. Alto(10000),828,Cinzento,2. Baixo a Médio Impacto,None,0,FALSE,FALSE,FALSE,0,Standard Delivery,2. Barato,2. Normal,06. P (S),"Sutiã, Calça, Camisa, Roupa de Dormir, Top","Nilon/Elastano, Algodão/Poliéster, Renda, Poliéster/Elastano, Algodão/Viscose, Algodão",FALSE,CN,retail_maior,141,FALSE
359,5e8eb0f1ac17f03b1d4c585d,Joe Exotic Tiger King Print Women Summer O-neck Short Sleeve T-Shirt Casual Graphic Tees Plus Size,8,22,100,0,3.92,12,7,1,2,0,2,"Exotic,Summer,Plus Size,Sleeve,King,graphic tee,Tiger,short sleeves,joeexotic,Casual,T Shirts,Shorts,women shirt,Print,Women's Fashion,tigerking,Women",black,47,43,50,65189,4.049640277,2. Baixo(100),784,Preto,4. Alto Impacto,Scarcity,0,FALSE,FALSE,FALSE,0,Standard Delivery,2. Barato,2. Normal,06. P (S),"Camisa, Camiseta, Shorts","Algodão/Poliéster, Poliéster, Algodão",TRUE,CN,retail_maior,175,FALSE
360,5b88da661a62df412262441f,Men Fashion Plus Size S-3XL Denim Shorts Men Summer Autumn Fashion Vintage Style Jeans,18,27,5000,1,4.09,1903,994,449,234,85,141,"men jeans,Shorts,Summer,Vintage,Denim,Men,casualstyle,loosejean,Men's Fashion,Plus Size,Denim Shorts,Men Shorts,Summer Fashion,oldschool,vintagejean,Fashion,Jeans,shortjean",blue,50,42,50,15855,4.052917061,4. Alto(10000),818,Azul,3. Médio Impacto,None,0,FALSE,FALSE,FALSE,1,Standard Delivery,2. Barato,2. Normal,07. M,"Jeans, Shorts","Algodão/Poliéster, Denim, Algodão, Algodão/Denim",FALSE,CN,retail_maior,50,TRUE
361,5ebbd192c1b69c3de34286cc,Women's Summer Sleeveless Blouses Casual Sling Stitching Print Camisole Tank Tops Printed Shirts Large Size Loose Vest,4,4,100,1,4.07,46,23,12,6,1,4,"blouse,Summer,Vest,Tank,Shirt,Tops,Loose,Women's Fashion,printed,Tops & T-Shirts,Print,sleeveless,Casual",yellow,50,48,50,32168,3.884543646,2. Baixo(100),814,Laranja/Amarelo,3. Médio Impacto,None,0,FALSE,FALSE,FALSE,1,Standard Delivery,2. Barato,2. Normal,06. P (S),"Blusa, Camisa, Top","Poliéster/Viscose, Algodão/Poliéster, Poliéster, Algodão",FALSE,CN,iguais,0,TRUE
362,5c40402ec4dae35993974402,4 Color New Arrival Women's Fashion Casual Sexy Vest Summer Fashion Solid Color Spaghetti Strap Halter Tank Top O-neck Cotton Leisure Brief Sexy Slim Fit Top Plus Size Pure Color Vest Tank Top Tunic Top Backless Top,5.68,7,10000,0,3.89,1232,588,250,188,81,125,"Women Vest,Vest,Plus Size,tunic top,Summer,Slim Fit,Tops,casual shirt,Pure Color,Women's Fashion,Fashion,tank top,sexy,Tank,slim,Casual,Cotton,tunic,Halter,Spaghetti,sexy shirts,haltershirt,Cotton Vest,backless,women tank top,solid color,summer shirt",blue,50,41,50,7544,4.054480382,4. Alto(10000),778,Azul,3. Médio Impacto,None,0,FALSE,FALSE,FALSE,0,Standard Delivery,2. Barato,2. Normal,11. Plus Size (3XL),"Colete, Camisa, Regata, Top, Túnica","Poliéster/Elastano, Algodão/Poliéster, Algodão, Algodão/Elastano, Algodão/Viscose",FALSE,CN,retail_maior,23,FALSE
364,5edf3082e066d71501a40c73,Fabric Waist Trainer Vest Hot Shaper Summer Shaperwear Slimming Adjustable Sweat Belt Body Shaper,1.75,6,50,1,3,2,0,1,0,1,0,"slimming,wasitcincher,Fashion,waistgirdle,slimmingcorset,Corset,Summer,Waist,waist trainer,Fashion Accessory,Vest,shaperwear,belt",black,1,35,50,2782,4.069015097,2. Baixo(100),600,Preto,4. Alto Impacto,None,0,FALSE,FALSE,FALSE,1,Standard Delivery,2. Barato,2. Normal,04. PP (XXS),Não Especificado,"Algodão/Poliéster, Algodão/Elastano, Algodão",FALSE,CN,retail_maior,243,TRUE
365,5e670a1bfdfc802659966971,2020 NEW Women's Fashion Floral Print Harem Pants 7 Colors Wide Leg Long Pants Palazzo Trousers Yoga Pants Women Casual Trousers Spring Summer Plus Size,14,84,100,1,4.13,60,35,10,7,4,4,"Summer,harem,Plus Size,Spring/Autumn,Casual pants,pants,Spring,Long pants,Women's Fashion,Fashion,loosepant,Floral,Floral print,Casual,trousers,Women,Wool,cottonpant,harem pants,women trousers,Print,Yoga",white,2,43,50,849,3.707891637,2. Baixo(100),826,Branco,1. Baixo Impacto,None,0,FALSE,FALSE,FALSE,1,Standard Delivery,2. Barato,2. Normal,06. P (S),Calça,"Algodão/Poliéster, Algodão, Poliéster/Viscose, Poliéster, Nilon/Elastano",FALSE,CN,retail_maior,500,TRUE
366,5e8c22c6e4ca5f4a4e5b2bbe,Summer Men's Fashion Short Pants Trousers Loose Shorts for Men,8,7,1000,1,2.75,127,29,17,19,17,45,"Summer,Shorts,Men's Fashion,pants,beachpant,Short pants,mens Trousers,Cargo pants,pantsformen,Fashion,Men's pants,trousersformen,Men Shorts,trousers,Men",claret,5,25,50,9470,3.956810982,3. Médio(1000),550,Vermelho,4. Alto Impacto,None,0,FALSE,FALSE,FALSE,1,Standard Delivery,2. Barato,2. Normal,04. PP (XXS),"Calça, Shorts","Algodão/Poliéster, Algodão",FALSE,CN,price_maior,-12,TRUE
367,5b0927944d25b81c6083a63f,Women Summer LOVE Printed Sleeveless Tank Top T-shirt,6,9,10000,0,4.04,2211,1123,468,354,117,149,"Summer,Fashion,crop top,Love,Tank,Tops,summer t-shirts,short sleeves,tank top,Crewneck,women t shirt,Casual T-Shirt,Ladies,sleeveless,Women,Women's Fashion,T Shirts,printed",pink,50,41,50,55089,4.032946686,4. Alto(10000),808,Rosa,3. Médio Impacto,None,0,FALSE,FALSE,FALSE,0,Standard Delivery,2. Barato,2. Normal,06. P (S),"Camiseta, Camisa, Regata, Top","Algodão/Poliéster, Algodão, Poliéster",FALSE,CN,retail_maior,50,FALSE
368,5e943811e6cd6f1680c64414,Women Loose Casual Printed V Neck Long Dress Plus Size  Wave Point Dress Summer Dress,5.89,5,5000,0,3.25,392,127,65,69,40,91,"Summer,Plus Size,summer dress,Necks,long dress,Dress,Loose,V-neck,Women's Fashion,printed,wavepoint,Casual,Women",red,2,24,50,4295,3.849592549,4. Alto(10000),650,Vermelho,4. Alto Impacto,None,0,FALSE,FALSE,FALSE,0,Standard Delivery,2. Barato,2. Normal,05. P (XS),Vestido,"Algodão/Poliéster, Viscose/Poliéster, Poliéster, Algodão/Viscose, Algodão",FALSE,CN,price_maior,-15,FALSE
369,5cabfcdc32227053f6254ee6,Sexy Womens Padded Bra Tops V Neck Camisole Straps Push Up Bra Vest Tank,5,5,1000,1,3.77,435,191,87,69,41,47,"tank top women,Vest,bra top,Necks,vesttank,Women Vest,Tank,Tops,strap,padded,Women's Fashion,sexy,crop top,vneckcamisole",white,50,39,50,3883,4.288179243,3. Médio(1000),754,Branco,1. Baixo Impacto,None,0,FALSE,FALSE,FALSE,1,Standard Delivery,2. Barato,2. Normal,07. M,"Camisete, Regata, Top, Colete","Algodão/Poliéster, Poliéster/Viscose, Poliéster/Borracha, Poliéster/Elastano, Algodão",FALSE,CN,iguais,0,TRUE
370,586f25ca9365e96fd0d1c09f,Summer Crop Top Women Tank Tops Halter Vest Casual Camisole Croped Shirt Women Tops ,2.71,3,20000,0,4.03,7022,3502,1523,1145,416,436,"Summer,Vest,Fashion,Tank,camisole,Halter,Tops,crops,Women's Fashion,tank top,Ladies,sexy,Women,Casual,Shirt",grey,50,38,50,151249,4.04915735,5. Muito Alto(20000),806,Cinzento,2. Baixo a Médio Impacto,Scarcity,0,FALSE,FALSE,FALSE,0,Standard Delivery,2. Barato,2. Normal,06. P (S),"Camisete, Camisa, Regata, Top","Algodão/Poliéster, Poliéster/Viscose, Poliéster/Elastano, Algodão",TRUE,CN,retail_maior,11,FALSE
371,5ed3bc0f48c418059f206943,2020 New Upgrade 170/150/100/30CM Inflatable Spray Water Cushion Summer Kids Play Water Mat Lawn Games Pad Sprinkler Play Toys Outdoor Tub Swiming Pool,11,10,100,0,5,3,3,0,0,0,0,"Summer,children39stoy,Outdoor,summerswimming,swimmingpoolspraypad,Children's Toys,Inflatable,summertool,water,Sprays,Toy,inflatablepool,pool,Cushions,Tub,Sport & Outdoor,outdoorpool,swimming pool supplies,kids",blue,3,42,50,299,4.247491639,2. Baixo(100),1000,Azul,3. Médio Impacto,None,0,FALSE,FALSE,FALSE,0,Standard Delivery,2. Barato,2. Normal,16. Outros Itens (Dimensões/Kits/Objetos),Não Especificado,"Algodão/Poliéster, Nilon/Elastano, Algodão",FALSE,CN,price_maior,-9,FALSE
372,5e1e7173813e9901fe03beb9,Women Fashion High Waist Denim Shorts Stretch Skinny Short Jeans Summer Casual Shorts Plus Size,16,14,100,0,4.1,10,6,1,2,0,1,"Blues,Summer,Shorts,high waist,pants,casualshort,Waist,Women's Fashion,skinnyshort,women shorts,Plus Size,Denim Shorts,Denim pants,Jeans,Women,Fashion,trousers,Women Fashion,stretch",blue,50,44,50,16803,4.15503184,2. Baixo(100),820,Azul,3. Médio Impacto,None,0,FALSE,FALSE,FALSE,0,Standard Delivery,2. Barato,2. Normal,06. P (S),"Jeans, Calça, Shorts","Algodão/Poliéster, Denim, Algodão",FALSE,CN,price_maior,-12,FALSE
373,5cee1ddd050d347f75e6668e,Womens Floral Print Cold Shoulder Ruffled Summer Short Sleeve Flowy Blouse Plus Size Sexy Tops,7,26,5000,0,4.01,542,283,111,69,29,50,"blouse,Summer,off shoulder top,Plus Size,Floral print,ruffled,Sleeve,Tops,sexyblouse,short sleeves,Print,Women's Fashion,Shorts,Tops & T-Shirts,Floral,sexy,Fashion",white,50,37,50,8242,4.216694977,4. Alto(10000),802,Branco,1. Baixo Impacto,None,0,FALSE,FALSE,FALSE,0,Standard Delivery,2. Barato,2. Normal,06. P (S),"Blusa, Camisa, Camiseta, Shorts, Top","Poliéster/Viscose, Algodão/Poliéster, Poliéster/Elastano, Poliéster, Algodão",FALSE,CN,retail_maior,271,FALSE
374,5ed9de39b6befd33de8dd908,Women Summer Elegant Floral Print Sleeveless Deep V Neck Casual Print Jumpsuit Summer Romper Women Jumpsuit,4,4,50,1,1,1,0,0,0,0,1,"Summer,Plus Size,Floral print,summerjumpsuit,Rompers,Women,Necks,Casual,Elegant,Women's Fashion,offshoulderjumpsuit,sleevelessjumpsuit,Print,sleeveless,printjumpsuit,women Jumpsuit,Causal,Floral,jumpsuit",blue,20,44,50,254,3.515748031,2. Baixo(100),200,Azul,3. Médio Impacto,Scarcity,0,FALSE,FALSE,FALSE,1,Standard Delivery,2. Barato,2. Normal,05. P (XS),Macacão,"Algodão/Poliéster, Poliéster/Viscose, Poliéster, Algodão",TRUE,CN,iguais,0,TRUE
375,5e69cad1c01db73c10b938e7,Women's Fashion Summer Casual Short Sleeve Round Neck Printed Not Today Letter T-shirt Cute Funny Printing Cotton Shirt Tops,6,6,100,1,3.13,8,3,1,1,0,3,"Summer,Fashion,Necks,Printed Tee,Funny,printed shirts,summer t-shirts,T Shirts,Casual,Round neck,Women's Fashion,women shirt,printed,loose t-shirt,Women,Tops,Cotton",pink,50,41,50,18877,4.079885575,2. Baixo(100),626,Rosa,3. Médio Impacto,None,0,FALSE,FALSE,FALSE,1,Standard Delivery,2. Barato,2. Normal,06. P (S),"Camiseta, Camisa, Top","Algodão/Poliéster, Algodão, Poliéster",FALSE,CN,iguais,0,TRUE
376,5ec48b4f504db2c516aad131,Vintage Kawaii Harajuku T Shirt Women Ullzang Cute 90S summer T-shirt Funny Cartoon Graphic Tshirt 90s Fashion  Tees Female,8,17,10,0,5,0,0,0,0,0,0,"90sfashion,Summer,Fashion,Princess,cute,Kawaii,Shirt,comfy,Leisure,short sleeves,Funny,Women's Fashion,women t shirt,Vintage,Cartoons,Women,Harajuku,Casual,T Shirts,Cotton",white,50,48,50,8,3.625,1. Micro(10),1000,Branco,1. Baixo Impacto,Scarcity,0,FALSE,FALSE,FALSE,0,Standard Delivery,2. Barato,2. Normal,06. P (S),"Camisa, Camiseta","Algodão/Poliéster, Algodão, Algodão/Denim",TRUE,CN,retail_maior,112,FALSE
377,5e8d7de13fe07502b8f48c70,New Women's Fashion Summer O-neck Cotton T-shirt Loose Printed Blouse Casual Short Sleeve Tops Ladies Fashion Plus Size Shirt,4,4,100,1,4.24,41,25,6,7,1,2,"blouse,Summer,Plus Size,Cotton,Shirt,Sleeve,Tops,slim,short sleeves,Women's Fashion,Shorts,printed,Ladies,o-neck,Fashion,Casual,T Shirts,Ladies Fashion",winered,50,50,50,3053,3.858499836,2. Baixo(100),848,Vermelho,4. Alto Impacto,None,1,FALSE,TRUE,FALSE,1,Standard Delivery,2. Barato,2. Normal,06. P (S),"Blusa, Camisa, Camiseta, Shorts, Top","Poliéster/Viscose, Algodão/Poliéster, Algodão, Poliéster, Algodão/Elastano",FALSE,CN,iguais,0,TRUE
378,5b1b4f77b1e26e24b3058773,Womens Stripes Lined Up Double Up Tankini Top Swimwear(Plus Size),11,20,10000,0,3.92,2841,1352,636,397,185,271,"strapless,Fashion,Plus Size Swimwear,sexyplussizetankini,Tops,Women's Fashion,Swimsuit,Tankinis,Bikini,Stripes,sexy tankini",blue,16,41,50,12371,3.871635276,4. Alto(10000),784,Azul,3. Médio Impacto,Scarcity,0,FALSE,FALSE,FALSE,0,Standard Delivery,2. Barato,2. Normal,06. P (S),"Biquíni, Maiô/Biquíni, Moda Praia, Top","Nilon/Elastano, Algodão/Poliéster, Poliéster/Elastano, Algodão",TRUE,CN,retail_maior,82,FALSE
379,5e1441859fe5367b00bb3b54,7 Colors Women Summer Fashion Bikini Set Floral Print High Waist Swimsuit Casual Sexy Crop Tops + Shorts Two Piece Set Bathing Suit Swimwear Beach Wear Halter Tankinis Plus Size,12,59,5000,0,3.47,371,137,64,69,40,61,"Summer,Plus Size,Halter,Women's Fashion,Shorts,BikiniWomen,Floral,sexy,Swimsuit,Casual,Waist,Bikinis Set,Floral print,high waist,women swimsuit,Beach,Tops,Swimwear,Two piece set,Bikini,Suits,Print,sleeveless,Women,Fashion,Swimming",white,50,41,50,3592,4.062360802,4. Alto(10000),694,Branco,1. Baixo Impacto,None,0,FALSE,FALSE,FALSE,0,Standard Shipping,2. Barato,2. Normal,06. P (S),"Biquíni, Shorts, Conjunto/Terno, Maiô/Biquíni, Moda Praia, Top","Algodão/Poliéster, Nilon/Elastano, Poliéster/Viscose, Poliéster, Poliéster/Elastano, Poliéster/Algodão, Algodão",FALSE,CN,retail_maior,392,FALSE
380,5d410e4a11512c51311ad3d3,Women Summer Casual Loose Solid Color Vintage Overalls Strap Long Pants Jumpsuits Rompers Plus Size,11,11,1000,0,2.99,228,59,38,36,32,63,"Summer,Women Rompers,Plus Size,women long pants,linenjumpsuit,pants,Overalls,Loose,plussizejumpsuit,Women's Fashion,strappant,Long pants,Jumpsuits & Rompers,rompers womens jumpsuit,Vintage,Women,women Jumpsuit,Casual,jumpsuit",winered,50,17,50,5264,4.032864742,3. Médio(1000),598,Vermelho,4. Alto Impacto,None,0,FALSE,FALSE,FALSE,0,Standard Delivery,2. Barato,2. Normal,06. P (S),"Macacão, Jardineira/Macacão, Calça, Conjunto/Terno","Algodão/Poliéster, Denim, Poliéster/Algodão, Algodão, Algodão/Denim",FALSE,CN,iguais,0,FALSE
381,5e3e69f009a91d0893974dab,XS-8XL Women Faashion Summer V-neck Sleeveless Tops Loose Pleated Tank Tops Ladies Fashion Swing Flowy Hem Shirs Summer Vest Shirs Tunic Cotton Blouses,1.91,2,10000,0,4.05,697,385,125,81,48,58,"Summer,Vest,Fashion,camisole,tunic top,Pleated,womens top,V-neck,Ladies,Women's Fashion,sleeveless tops,loose t-shirt,tunic,summer tops,Women,blouse,Tank,Ladies Fashion,Tops,Tops & T-Shirts,women tank top,pleatedtop,Casual Tops,Cotton,sleeveless",blue,2,22,50,2399,4.105460609,4. Alto(10000),810,Azul,3. Médio Impacto,None,0,FALSE,FALSE,FALSE,0,Standard Delivery,2. Barato,2. Normal,05. P (XS),"Blusa, Camisete, Top, Camiseta, Camisa, Regata, Túnica","Poliéster/Viscose, Algodão/Poliéster, Algodão, Algodão/Viscose",FALSE,CN,retail_maior,5,FALSE
382,56553387a03eee0826acb151,Sexy Thong Cheeky Bottom Women Beachwear Brazilian Bikini Bra Swimwear Bathing S M L XL,5.7,58,50000,0,3.45,8164,2936,1396,1547,970,1315,"beach wear women,bathing suit,Brazilian Bikini bottom,sexy brazilian bikinis,girlsbowknotbikini,ruched bikini bottom,Thong,sexythongswimwear,Womens swimwear,Swimwear,cheeky bikini bottom,Women's Fashion,brazilian,Bikini,sexy,Women,Bras,Glasses",black,50,45,50,96276,4.096233745,6. Crítico(>20000),690,Preto,4. Alto Impacto,None,0,FALSE,FALSE,FALSE,0,Standard Delivery,2. Barato,2. Normal,09. GG (XL),"Moda Praia, Biquíni, Parte de Baixo, Sutiã","Algodão/Poliéster, Nilon/Elastano, Poliéster/Elastano, Algodão",FALSE,CN,retail_maior,918,FALSE
383,5cc2af5ba1aa1959ad4341b8,Summer Sexy Womens Bag Buckle Tank Tops Crop Top Vest,8,17,5000,0,4.47,907,601,187,84,16,19,"Summer,Vest,Fashion,crop top,women crop top,Tank,Buckles,Tops,tank top,Bags,Tops & T-Shirts,Casual Tops,sexy,women top,summer tops,Women Fashion",black,50,40,50,1963,4.397350993,4. Alto(10000),894,Preto,4. Alto Impacto,None,1,FALSE,TRUE,FALSE,0,Standard Delivery,2. Barato,2. Normal,06. P (S),"Top, Camisa, Regata","Algodão/Poliéster, Poliéster/Elastano, Algodão",FALSE,CN,retail_maior,112,FALSE
384,5d68bd0b1b88a17f1aebbc8b,2019 New Women Fashion S-5XL Casual Blouse Women Solid Color One Shoulder Summer Tops Plus Size Sleeveless Women Loose Blouse,9,8,1000,0,3.58,81,29,20,13,7,12,"blouse,Summer,Plus Size,one-shoulder,Tops,Loose,blousesampshirt,Women's Fashion,Fashion,Women Blouse,solid color,sleeveless,women top,Casual,Women",purple,50,43,50,13814,3.85688432,3. Médio(1000),716,Roxo,3. Médio Impacto,None,0,FALSE,FALSE,FALSE,0,Standard Delivery,2. Barato,2. Normal,06. P (S),"Blusa, Camisa, Top","Poliéster/Viscose, Algodão/Poliéster, Algodão",FALSE,CN,price_maior,-11,FALSE
385,5eafa3137a265f22445c1482,New Women Ladies Fashion Elastic Waist 3/4 Jogging Capri Summer Faith Printed Drawstring Casual Sport Fitness Pants,5.72,9,100,0,2.5,4,1,0,0,2,1,"Women Pants,capripant,elastic waist,Waist,Elastic,pants,Summer,Fitness,jogging,Ladies Fashion,harem pants,Women's Fashion,trousers,34pant,printed,Ladies,Sport,Fashion,Casual,Women",grey,5,33,50,1373,3.899490168,2. Baixo(100),500,Cinzento,2. Baixo a Médio Impacto,None,0,FALSE,FALSE,FALSE,0,Standard Shipping,2. Barato,2. Normal,05. P (XS),Calça,"Algodão/Poliéster, Elastano, Poliéster, Algodão",FALSE,CN,retail_maior,57,FALSE
386,5eb38309fa6f111ca122bed4,New Fashion Summer Women Casual Dress Round Neck Loose Big Swing Skirt Sleeveless Soild Color Beach dress,2,10,100,0,3.2,10,3,1,3,1,2,"Summer,Fashion,Necks,Skirts,Dress,Loose,Women's Fashion,Round neck,beach dress,sleeveless,Beach,Casual,Women",white,1,41,50,8225,3.990638298,2. Baixo(100),640,Branco,1. Baixo Impacto,Scarcity,0,FALSE,FALSE,FALSE,0,Standard Delivery,2. Barato,2. Normal,04. PP (XXS),Vestido,"Algodão/Poliéster, Algodão/Viscose, Algodão",TRUE,CN,retail_maior,400,FALSE
387,5cf0ee81f1dc9f714cd38255,Women Fashion Cute Ruffle Tops Summer Spaghetti Strap Sleeveless Tees Pretty Summer Vest Women's Clothes,9,9,1000,0,4.16,129,81,19,12,3,14,"Women Vest,Vest,Fashion,ruffle,cute,Tops,Plus size top,ruffle top,summer tops,Cotton Vest,Women's Fashion,Summer,sleeveless tops,Pretty,sleeveless,solidtop,Clothes,Spaghetti,tops for women,Women",purple,50,43,50,16527,3.940158528,3. Médio(1000),832,Roxo,3. Médio Impacto,None,0,FALSE,FALSE,FALSE,0,Standard Delivery,2. Barato,2. Normal,06. P (S),"Colete, Top","Algodão, Algodão/Poliéster, Poliéster/Elastano",FALSE,CN,iguais,0,FALSE
388,5ec49a2f9b4280aee762a72d,2020 Men Summer Fashion Brand Summer Suits Casual Athletic Set Short Sleeve Tracksuits 2Pc,15,13,10,0,4,4,2,1,0,1,0,"Summer,Shorts,shortsleeveset,mensjoggersuit,summersuitset,summersportssuit,jogging suit,Outfits & Sets,Sport Suits,mentracksuit,men's suits,Sports Wear",white,50,42,50,331,4.021148036,1. Micro(10),800,Branco,1. Baixo Impacto,None,0,FALSE,FALSE,FALSE,0,Standard Delivery,2. Barato,2. Normal,06. P (S),"Shorts, Conjunto/Terno","Algodão/Poliéster, Poliéster/Algodão, Algodão",FALSE,CN,price_maior,-13,FALSE
389,5e98015614b1cf44d90910da,Summer women's cool Wear Casual sport Jogging Suits men's Short Sleeve short pants Outfit Sets,20,17,50,0,4.17,12,7,2,2,0,1,"Summer,Shorts,Sleeve,pants,shortsleeveset,mensjoggersuit,sweat suit,Short pants,short sleeves,Outfits,Women's Fashion,Sport Suits,short sleeve shirt,Sport,men's suits,Casual",red,50,36,50,26,3.923076923,2. Baixo(100),834,Vermelho,4. Alto Impacto,None,0,FALSE,FALSE,FALSE,0,Standard Delivery,3. Médio,2. Normal,06. P (S),"Calça, Camisa, Shorts, Camiseta, Conjunto/Terno","Algodão/Poliéster, Poliéster/Algodão, Algodão",FALSE,CN,price_maior,-15,FALSE
390,5cda82293eec43037143a061,8 Colors Women New Fashion Tops Blouse Sleeveless Round Neck Love Print Tops T Shirts Summer Casual Women Tops Shirts,6,9,1000,1,3.67,304,126,66,44,23,45,"blouse,Summer,Fashion,Love,Shirt,letter print,Tops,T Shirts,tank top,Round neck,Women's Fashion,Women,topsampblouse,Print,sleeveless,women top,Casual,Necks",white,50,42,50,3300,4.024242424,3. Médio(1000),734,Branco,1. Baixo Impacto,None,0,FALSE,FALSE,FALSE,1,Standard Delivery,2. Barato,2. Normal,06. P (S),"Blusa, Camisa, Camiseta, Regata, Top","Poliéster/Viscose, Algodão/Poliéster, Poliéster, Algodão",FALSE,CN,retail_maior,50,TRUE
391,5db3bb3bede8100679c50fb7,Fashion Summer Dress Sexy Women Casual Sleeveless Beach Short Dress Tassel Solid White Mini Lace Dress Plus Size,3,3,1000,1,3.08,109,26,25,17,14,27,"Mini,plus,Plus Size,short dress,Summer,solid,Dress,Lace Dress,Tassels,Casual,Women's Fashion,Shorts,summer dress,Fashion,sleeveless,sexy,Women,Beach,white,Lace",black,1,38,50,7936,3.964591734,3. Médio(1000),616,Preto,4. Alto Impacto,None,0,FALSE,FALSE,FALSE,1,Standard Delivery,2. Barato,2. Normal,04. PP (XXS),"Vestido, Shorts","Algodão/Poliéster, Renda, Poliéster/Elastano, Algodão/Viscose, Algodão",FALSE,CN,iguais,0,TRUE
392,5ba4f816c1a38516a0cb12d9,plus size Women Ladies Fashion Wide Strap Polka Dot Swimdress and Short XS-8XL,9,10,10000,0,4.15,2587,1511,479,275,115,207,"Women,Shorts,bikini set,polka dot,Polkas,Swimwear,Swimsuit,Swimdresses,Tankinis,Bikini,Plus Size,Fashion,Ladies,Women's Fashion,Wool,Tankini Set,Ladies Fashion",red,50,31,50,5808,4.306990358,4. Alto(10000),830,Vermelho,4. Alto Impacto,Scarcity,0,FALSE,FALSE,FALSE,0,Standard Delivery,2. Barato,2. Normal,05. P (XS),"Biquíni, Vestido, Shorts, Maiô/Biquíni, Moda Praia","Nilon/Elastano, Algodão/Poliéster, Poliéster, Algodão",TRUE,CN,retail_maior,11,FALSE
393,5c6bb167314806702b1b55ca,Summer Fashion Moon Phases Printed Shirt T-shirt Ladies Casual Short Sleeve V-neck Tee Tops,8,8,10000,1,3.98,1612,777,367,241,112,115,"sleeve v-neck,Fashion,Cotton T Shirt,Summer,short sleeves,V-neck,Women's Fashion,printed,Casual T-Shirt,summer tops,Shirt,Deep V-Neck,Shorts,basictee,moonphase,Sleeve,shortsleevetop,Tops,Ladies Top,T Shirts,Moon,Casual,Ladies",black,50,42,50,35262,3.939481595,4. Alto(10000),796,Preto,4. Alto Impacto,None,0,FALSE,FALSE,FALSE,1,Standard Delivery,2. Barato,2. Normal,06. P (S),"Camiseta, Camisa, Shorts, Top","Algodão/Poliéster, Algodão, Poliéster/Elastano, Poliéster",FALSE,CN,iguais,0,TRUE
394,5ea67bbe87683f3ad5bc83f3,Summer New Women's Fashion V-neck Floral Printed Loose Dress Sleeveless Elegant Maxi Dress Halter Dress XS-5XL,12,75,100,1,2.82,28,7,3,6,2,10,"Deep V-Neck,Swing dress,Plus Size,Floral print,Fashion,Halter,Summer,long dress,Dress,Women's Fashion,V-neck,Elegant,beach dress,Sleeveless dress,retro,sleeveless,Floral,halter dress,Beach,Casual,printed",whitefloral,1,38,50,29,3.034482759,2. Baixo(100),564,Multicor/Estampado,1. Baixo Impacto,None,0,FALSE,FALSE,FALSE,1,Standard Delivery,2. Barato,2. Normal,05. P (XS),Vestido,"Algodão/Poliéster, Algodão/Viscose, Poliéster/Elastano, Poliéster/Viscose, Viscose/Poliéster, Poliéster, Algodão",FALSE,US,retail_maior,525,TRUE
395,5ec23bea8bef5b2d1d994b95,2020 New Fashion Women's Colorful Mouth Butterfly Print Yoga Suit Sexy Sleeveless Fitness Sports Jumpsuit Bodycon Shorts Summer Rompers Plus Size S-5XL,11,13,100,1,3.8,5,2,2,0,0,1,"butterfly,Summer,Plus Size,Colorful,Fitness,Women's Fashion,stretchshort,mouth,sexy,yogasuit,jumpsuit,bodycon jumpsuits,Shorts,Yoga,sportset,jumpsuitromper,Sport,sleevelessjumpsuit,Suits,Print,sleeveless,fitness leggings,Fashion",blue,10,41,50,23832,4.02043471,2. Baixo(100),760,Azul,3. Médio Impacto,Scarcity,0,FALSE,FALSE,FALSE,1,Standard Delivery,2. Barato,2. Normal,09. GG (XL),"Macacão, Shorts, Conjunto/Terno","Algodão/Poliéster, Poliéster, Poliéster/Elastano, Poliéster/Algodão, Algodão, Nilon/Elastano",TRUE,CN,retail_maior,18,TRUE
396,5e95381c6072db2941108f3f,2020 Women Girl Fashion Cute Printed Ribbed Cherry Tank Top Cropped Sleeveless Summer Top Vest Crop Tops,9,22,100,1,3.3,10,2,2,4,1,1,"Summer,Vest,Fashion,crop top,Cherry,cute,Tank,Tops,girltanktop,tank top,cute crop tops,Women's Fashion,sleeveless tops,women tank top,sexy,Women,sleeveless,printed",white,50,43,50,16099,3.95148767,2. Baixo(100),660,Branco,1. Baixo Impacto,None,0,FALSE,FALSE,FALSE,1,Standard Delivery,2. Barato,2. Normal,06. P (S),"Top, Regata","Algodão/Poliéster, Poliéster, Poliéster/Elastano, Algodão",FALSE,CN,retail_maior,144,TRUE
397,5d19cb1bf558224b10ed6352,Woman Fashion Sexy Bow Top Strap Sling Vest Top,7,6,1000,0,4.33,144,91,28,15,2,8,"Summer,Vest,Fashion,Women Vest,fashion vest,Tops,Women's Fashion,Bow,women's wear,sexy,sexyvest",white,50,34,50,10963,4.32390769,3. Médio(1000),866,Branco,1. Baixo Impacto,None,1,FALSE,TRUE,FALSE,0,Standard Delivery,2. Barato,2. Normal,07. M,"Colete, Top","Algodão/Poliéster, Poliéster/Elastano, Algodão",FALSE,CN,price_maior,-14,FALSE
398,5e59c5f9bd11e71903d79ec3,New Summer Fashion Hot Sale Pingu Noot Noot Motherfu*kers Vintage Women Casual Cotton Short Sleeve Cartoon T Shirts Plus Size S-5XL,5.92,9,100,1,3.71,17,7,3,4,1,2,"Summer,Plus Size,Shirt,letter print,Graphic Shirt,Vintage,short sleeves,vintageshirt,Cartoons,Round neck,Women's Fashion,Shorts,women t shirt,Tops & T-Shirts,Sleeve,nootnoot,Cotton,Fashion,Casual,Women",blue,18,43,50,5106,4.2128868,2. Baixo(100),742,Azul,3. Médio Impacto,None,0,FALSE,FALSE,FALSE,1,Standard Delivery,2. Barato,2. Normal,05. P (XS),"Camisa, Camiseta, Shorts, Top","Algodão/Poliéster, Algodão, Poliéster, Algodão/Denim",FALSE,CN,retail_maior,52,TRUE
399,5b17b34f5272053200439a7a,Women Fashion Casual Summer Sleeveless Blackless Vests Tank Tops Spaghetti Strap Floral Printed Chiffon Off Shoulder Blouse,8,48,1000,0,4.34,794,500,152,86,26,30,"blouse,Summer,Plus Size,Floral print,chiffon,Women Vest,Tank,Tops,Women's Fashion,Fashion,printed,chiffon blouse,Floral,sleeveless,Spaghetti,Casual,Women",blue,50,9,50,3403,4.337349398,3. Médio(1000),868,Azul,3. Médio Impacto,None,1,FALSE,TRUE,FALSE,0,Standard Delivery,2. Barato,2. Normal,05. P (XS),"Blusa, Top, Colete","Poliéster/Viscose, Algodão/Poliéster, Poliéster, Poliéster/Elastano, Algodão",FALSE,CN,retail_maior,500,FALSE
400,5d1060d39ed281190dfcec91,Womens Short Sleeve Baggy Summer Beach Midi Dress Ladies Shift Kaftan Dresses S-5XL,11,134,100,1,3.54,28,7,11,4,2,4,"Summer,Shift Dress,Sleeve,shirt dress,long dress,Beach,Dress,short sleeves,beach dress,Shorts,Midi Dress,Ladies,Women's Fashion,loose dress,kaftandre",black,50,46,50,1926,4.07165109,2. Baixo(100),708,Preto,4. Alto Impacto,Scarcity,0,FALSE,FALSE,FALSE,1,Standard Delivery,2. Barato,2. Normal,06. P (S),"Vestido, Camisa, Camiseta, Shorts","Algodão/Poliéster, Algodão/Viscose, Viscose/Poliéster, Viscose/Algodão, Algodão",TRUE,CN,retail_maior,1118,TRUE
401,5d14546bf5eab044136b2540,2019 Summer Women S  Fashion  Lace Up Tie Pants  Plus Size Casual High Waist Short Pants(S-5XL),8,7,10000,1,3.62,2069,884,343,331,184,327,"Summer,Shorts,Lace,pants,Short pants,Yellow,high waist,Women's Fashion,Plus Size,Lace Up,Women,Fashion,Casual,Waist",black,50,38,50,12006,3.901216059,4. Alto(10000),724,Preto,4. Alto Impacto,Scarcity,0,FALSE,FALSE,FALSE,1,Standard Delivery,2. Barato,2. Normal,13. Plus Size (5XL),"Calça, Shorts","Algodão/Poliéster, Renda, Algodão",TRUE,CN,price_maior,-12,TRUE
402,563707b0e5be09157176fe80,Women Lace Beach Boho Maxi Sundress Sleeveless Long Dress Party Holiday Strapless Dresses,15,115,50000,1,3.94,6735,3278,1411,998,431,617,"bathing suit,strapless,Lace,women dresses,long dress,Beach,Dress,Lace Dress,boho,Women's Fashion,Party Dress,boho dress,Sexy Dress,party,Holiday,sheertop,sleeveless,Women",white,2,38,50,165915,4.256076907,6. Crítico(>20000),788,Branco,1. Baixo Impacto,None,0,FALSE,FALSE,FALSE,1,Standard Delivery,2. Barato,2. Normal,07. M,Vestido,"Algodão/Poliéster, Viscose/Poliéster, Algodão/Viscose, Renda, Poliéster, Poliéster/Elastano, Algodão",FALSE,CN,retail_maior,667,TRUE
403,5d00c646e1fe9971cb8aeb9a,Women's Fashion Lace-up Solid Summer Shorts Ladies Casual Short Pants Plus Size(S-5XL),8,7,20000,1,3.59,2189,917,374,331,223,344,"Summer,Plus Size,pants,women's pants,Short pants,Women's Fashion,Shorts,Lace Up,Ladies,Fashion,Casual",beige,38,23,50,12309,4.045170201,5. Muito Alto(20000),718,Tons Neutros,2. Baixo a Médio Impacto,None,0,FALSE,FALSE,FALSE,1,Standard Delivery,2. Barato,2. Normal,07. M,"Calça, Shorts","Algodão/Poliéster, Renda, Algodão",FALSE,CN,price_maior,-12,TRUE
404,5e6881d5e045550e433acc50,Women Summer New Flip Flops Sandals Beach Shoes Slipper Shoes Comfortable Open Toe Sandals Vintage Anti-slip Breathable Summer Casual Shoes Plus Size ,1.68,2,1000,1,3.95,238,129,42,27,7,33,"Summer,Flip Flops,Sandals,Vintage,antislip,Slippers,Women's Fashion,open toe,Shoes,Plus Size,Beach,Casual,Women",red,1,23,50,12309,4.045170201,3. Médio(1000),790,Vermelho,4. Alto Impacto,None,0,FALSE,FALSE,FALSE,1,Standard Delivery,2. Barato,2. Normal,15. Calçados / Numerações,Não Especificado,"Algodão/Poliéster, Algodão, Algodão/Denim",FALSE,CN,retail_maior,19,TRUE
405,5ac1d7201a8c21778e2a2482,Water toys row float ,24,59,1000,1,4.21,762,461,150,64,24,63,"Toy,Inflatable,paddle,the new,water,Equipment,Game,inflation,competitive,Suits,ittakestwo",beige,50,26,50,4084,4.3082762,3. Médio(1000),842,Tons Neutros,2. Baixo a Médio Impacto,None,0,FALSE,FALSE,FALSE,1,Standard Delivery,3. Médio,2. Normal,00. Não Informado,Conjunto/Terno,"Poliéster/Algodão, Algodão",FALSE,CN,retail_maior,146,TRUE
406,5e60961c7ba7dc614091b57f,Puppy Dog Cat Canvas Baseball Cap Outdoor Pet Sun Hat Pet Supplies Virsor Caps,5.65,26,100,0,3.67,33,14,7,4,3,5,"Outdoor,doghat,Pets,Cap,sunhatfordog,Dogs,Cats,dogcap,Fashion,Baseball,Pet Supplies,Baseball Cap,Canvas,puppyhat,virsorcap,puppy,Hats,cathat,Dog Supplies",blue,50,32,50,3028,4.299207398,2. Baixo(100),734,Azul,3. Médio Impacto,None,0,FALSE,FALSE,FALSE,0,Standard Delivery,2. Barato,2. Normal,07. M,Não Especificado,"Algodão/Poliéster, Algodão",FALSE,CN,retail_maior,360,FALSE
407,5e9ee02987ac3b0f75279756,Spring and Summer New Tik Tok Ing Endless Loose Large Size Short Sleeve Crop Top and Shorts Set,13,11,100,0,4.35,26,18,4,1,1,2,"2pieceset,Shorts,crop top,Sleeve,Summer,tiktok,Spring,Tops,Spaghetti Strap,short sleeves,Fashion",pink & white,50,139,50,21,4.047619048,2. Baixo(100),870,Multicor/Estampado,1. Baixo Impacto,Scarcity,1,FALSE,TRUE,FALSE,0,Standard Delivery,2. Barato,2. Normal,05. P (XS),"Camiseta, Shorts, Top","Algodão/Poliéster, Poliéster/Elastano, Algodão",TRUE,US,price_maior,-15,FALSE
408,5dc935a53c6ea501005741ce,Women Summer Sundress Gown Flare Tiered Crochet Floral Lace Dress,16,106,100,0,4.07,76,38,21,5,8,4,"crochet,gowns,Club Dress,Plus Size,short dress,Summer,robefemme,Dress,Lace Dress,Women's Fashion,Mini dress,floral lace,beach dress,coldshoulder,Sexy Dress,Floral,Women,Lace,lanternsleeve",white,50,40,50,15551,4.233682721,2. Baixo(100),814,Branco,1. Baixo Impacto,None,0,FALSE,FALSE,FALSE,0,Standard Delivery,2. Barato,2. Normal,07. M,Vestido,"Algodão/Poliéster, Algodão/Viscose, 5.Misto/Crochê, Poliéster/Viscose, Renda, Poliéster/Elastano, Algodão",FALSE,CN,retail_maior,562,FALSE
409,5e9932cab3eafb25c00ba79f,Plus Size Women's Fashion Loose Casual sleeveless Floral print Round neck Summer Vest camisole,5.83,5,100,0,4.36,22,13,5,3,1,0,"Summer,Vest,Plus Size,Floral print,camisole,Loose,Round neck,Print,Women's Fashion,Fashion,Floral,sleeveless,Casual,Necks",yellow,3,24,50,17471,3.952836128,2. Baixo(100),872,Laranja/Amarelo,3. Médio Impacto,None,0,FALSE,FALSE,FALSE,0,Standard Delivery,2. Barato,2. Normal,05. P (XS),Camisete,"Algodão/Poliéster, Poliéster/Viscose, Poliéster, Algodão",FALSE,CN,price_maior,-14,FALSE
410,5ca219bb68678434f74cc82a,Women Summer Print Striped Casual Dress Tank Dress Vest T Shirt Blouse,7,7,5000,0,3.32,579,190,108,94,70,117,"Women Vest,Vest,Fashion,Women Blouse,long dress,Dress,beach dress,Party Dress,Summer,Casual T-Shirt,Striped,Casual,casual dress,blouse,Tank,Shirt,summer dress,Women's Fashion,Sleeveless dress,Print,women dress,Women",black,50,31,50,4213,4.058390695,4. Alto(10000),664,Preto,4. Alto Impacto,None,0,FALSE,FALSE,FALSE,0,Standard Delivery,2. Barato,2. Normal,05. P (XS),"Vestido, Blusa, Camiseta, Camisa, Colete","Algodão/Poliéster, Algodão/Viscose, Poliéster/Viscose, Algodão, Viscose/Poliéster, Poliéster, Poliéster/Elastano",FALSE,CN,iguais,0,FALSE
411,5b0e75f106c2bc706f82561e,Women Wrap Banded Draped Out Hi Low Asymmetrical High Waist Open Maxi Skirt,8,27,5000,1,3.98,921,447,203,145,62,64,"long skirt,summer skirt,high waist,Dresses,slim,Draped,maxi skirt,Women's Fashion,Fashion,splits,Women,Skirts,Waist",black,1,43,50,41906,4.216412924,4. Alto(10000),796,Preto,4. Alto Impacto,None,0,FALSE,FALSE,FALSE,1,Standard Delivery,2. Barato,2. Normal,06. P (S),Vestido,"Algodão/Poliéster, Algodão/Elastano, Algodão",FALSE,CN,retail_maior,238,TRUE
413,5c3ee10631d4665298c01dec,XS-8XL Ladies Summer Tunic Tops Sleeveless Off Shoulder Shirts Womens Fashion Casual Loose Cotton Blouse T Shirts Backless Camisole Vest Solid Color Plus Size Tank Tops,5.65,9,5000,0,4.23,1002,590,195,124,41,52,"Tops & Tees,off shoulder top,Plus Size,Women Blouse,tunic,Vest,tank top,Women's Fashion,Fashion,Summer,sleeveless tops,sleeveless,Tank,summer tops,Cotton,blouse,Tops & Blouses,Shirt,Tops,Casual,backless,Ladies,loose t-shirt,women top",winered,50,20,50,5534,4.088904951,4. Alto(10000),846,Vermelho,4. Alto Impacto,Scarcity,0,FALSE,FALSE,FALSE,0,Standard Delivery,2. Barato,2. Normal,08. G (L),"Blusa, Camiseta, Camisa, Top, Regata, Túnica","Poliéster/Elastano, Poliéster/Viscose, Algodão/Poliéster, Algodão, Algodão/Viscose",TRUE,CN,retail_maior,59,FALSE
414,5e46bea2659a6838000f1255,Plus Size Fashion Dresses Summer Clothes Women's Casual Cotton Sleeveless Dress Loose Solid Color Pleated Tank Top Mini Dress Ladies Deep V-neck Beach Wear Party Dress,1.8,2,1000,1,3.68,76,35,10,13,8,10,"Mini,Fashion,Summer,Pleated,Dress,V-neck,Mini dress,beach dress,Party Dress,tank top,party,Party Dresses,Casual,casual dress,Deep V-Neck,Plus Size,Cotton,Tank,Tops,summer dress,Women's Fashion,Cotton Dress,Sleeveless dress,Ladies,women dress,Clothes,Beach,loose dress,sleeveless",lightgreen,4,20,50,4230,4.041371158,3. Médio(1000),736,Verde,3. Médio Impacto,None,0,FALSE,FALSE,FALSE,1,Standard Delivery,2. Barato,2. Normal,05. P (XS),"Vestido, Regata, Top","Algodão/Poliéster, Algodão/Viscose, Algodão, Poliéster/Elastano, Viscose/Algodão, Poliéster",FALSE,CN,retail_maior,11,TRUE
415,5ea8cfb44e671a04ca0e5b79,Fabric Waist Trainer Vest Hot Shaper Summer Shaperwear Slimming Adjustable Sweat Belt Body Shaper,7,6,100,1,3,22,5,3,7,1,6,"slimming,wasitcincher,Fashion,waistgirdle,slimmingcorset,Corset,Summer,Waist,waist trainer,Fashion Accessory,Vest,shaperwear,belt",black,50,41,50,3060,3.93496732,2. Baixo(100),600,Preto,4. Alto Impacto,Scarcity,0,FALSE,FALSE,FALSE,1,Standard Delivery,2. Barato,2. Normal,10. XG (2XL),Não Especificado,"Algodão/Poliéster, Algodão/Elastano, Algodão",TRUE,CN,price_maior,-14,TRUE
417,5ce25f6abcd1323e12e5da97,Summer New Women's Fashion Jeans Denim Shorts Loose Casual Curling Shorts Elastic Band Jeans,9,108,1000,0,4.06,252,136,52,31,10,23,"Summer,Shorts,Elastic,pants,Denim,Loose,Women's Fashion,trousers,Denim Shorts,elasticband,Jeans,Fashion,Casual",black,50,42,50,5934,3.849511291,3. Médio(1000),812,Preto,4. Alto Impacto,None,0,FALSE,FALSE,FALSE,0,Standard Delivery,2. Barato,2. Normal,06. P (S),"Jeans, Calça, Shorts","Algodão/Poliéster, Denim, Elastano, Algodão",FALSE,CN,retail_maior,1100,FALSE
418,5df9c78eb66d8b0afed110c4,Plus Size S-5XL Ladies Short Sleeve Summer Loose Denim Midi Dress Women Jeans Dresses,12,11,1000,0,3.49,201,73,44,29,18,37,"Summer,Lines,Plus Size,Sleeve,Dress,Denim,summer dress,denimjeansdres,short sleeves,casual dresses,Ladies,Women's Fashion,Shorts,minishirtdres,Jeans,mididre,Women",blue,50,139,50,779,3.776636714,3. Médio(1000),698,Azul,3. Médio Impacto,None,0,FALSE,FALSE,FALSE,0,Standard Delivery,2. Barato,2. Normal,07. M,"Vestido, Jeans, Camisa, Camiseta, Shorts","Algodão/Poliéster, Algodão/Viscose, Denim, Algodão",FALSE,CN,price_maior,-8,FALSE
419,5e16bfe7dbbd26008904fe6e,Women's Fashion T-Shirts Let It ~ Bee Printed Casual Round Neck Graphic Tee Cute Short Sleeve T-shirts Summer Top,8,7,1000,0,3.84,132,56,34,20,9,13,"Summer,Tees & T-Shirts,Necks,Sleeve,cute,graphic tee,Tops,summer t-shirts,short sleeves,Round neck,T Shirts,Shorts,Fashion,Tops & T-Shirts,Women's Fashion,Casual,Women Fashion,printed",white,50,31,50,2055,3.837956204,3. Médio(1000),768,Branco,1. Baixo Impacto,None,0,FALSE,FALSE,FALSE,0,Standard Delivery,2. Barato,2. Normal,06. P (S),"Camisa, Camiseta, Shorts, Top","Algodão/Poliéster, Poliéster, Algodão",FALSE,CN,price_maior,-12,FALSE
421,5e93d2215a3eed0c80ed2e56,New Fashion Summer Women Casual Dress Round Neck Loose Big Swing Skirt Sleeveless Soild Color Beach dress,11,10,1000,1,3.74,54,23,11,10,3,7,"Summer,Fashion,Necks,Beach,Dress,Loose,beach dress,Round neck,Women's Fashion,sleeveless,Skirts,Casual,Women",black,50,41,50,73271,3.954443095,3. Médio(1000),748,Preto,4. Alto Impacto,None,0,FALSE,FALSE,FALSE,1,Standard Delivery,2. Barato,2. Normal,05. P (XS),Vestido,"Algodão/Poliéster, Algodão/Viscose, Algodão",FALSE,CN,price_maior,-9,TRUE
422,5c984d7e082de24a302cc559,Women Summer Fashion Double-layer Printed Sleeveless Round Neck Dress Casual Plus Size Loose Sundress,8,7,10000,0,3.54,2006,748,417,331,194,316,"Summer,Fashion,Necks,Dress,neck dress,Round neck,Women's Fashion,Plus Size,printed,sleeveless,Casual,Women Fashion,Women",white,50,31,50,13946,4.00014341,4. Alto(10000),708,Branco,1. Baixo Impacto,Scarcity,0,FALSE,FALSE,FALSE,0,Standard Shipping,2. Barato,2. Normal,05. P (XS),Vestido,"Algodão/Poliéster, Poliéster, Algodão",TRUE,CN,price_maior,-12,FALSE
423,5ed6032d69876d3e38e34bcc,Plus Size Women's Fashion Loose Casual Leaf printing Floral print short sleeves V neck summer dress,7,6,100,0,4,6,3,1,1,1,0,"Summer,Plus Size,Floral print,Necks,Sleeve,Dress,Loose,short sleeves,V-neck,Floral,Women's Fashion,Shorts,summer dress,leafprinting,Print,leaf,Fashion,Casual",beige,7,24,50,1559,4.039127646,2. Baixo(100),800,Tons Neutros,2. Baixo a Médio Impacto,Scarcity,0,FALSE,FALSE,FALSE,0,Standard Delivery,2. Barato,2. Normal,05. P (XS),"Vestido, Camiseta, Shorts","Algodão/Poliéster, Poliéster/Viscose, Poliéster, Algodão/Viscose, Algodão",TRUE,CN,price_maior,-14,FALSE
424,5e686ca2d57c632500ba6543,2020 Plus Size Fashion Women Summer Casual Tank Tops Loose Beach Blouses Sleeveless Bohemia Printed Cotton Beach T Shirt,6,13,1000,0,3.51,79,26,17,18,7,11,"bohemia,Summer,Plus Size,Loose,tank top,Women's Fashion,Fashion,sleeveless tops,Summer Fashion,Casual,Cotton,blouse,beachtshirt,Tank,Shirt,Tops,boho,women shirt,sleeveless,Women,Beach,printed",pink,50,43,50,13979,3.870734673,3. Médio(1000),702,Rosa,3. Médio Impacto,None,0,FALSE,FALSE,FALSE,0,Standard Delivery,2. Barato,2. Normal,06. P (S),"Blusa, Camisa, Top, Regata","Algodão/Poliéster, Poliéster/Viscose, Algodão, Poliéster",FALSE,CN,retail_maior,117,FALSE
425,5e7dcf204fb94d0505f3af99,Outdoor Sand-proof and Waterproof Pocket Beach Blanket Portable Compact Multifunctional Lightweight Outdoor Travel Blanket  Nylon Mat for Beach Picnic Camping Hiking Activities,6,22,1000,1,4.19,201,108,50,27,6,10,"Pocket,Hiking,Outdoor,waterproofmat,Mats,camping,Waterproof,Blanket,nylonmat,Travel,outdoormat,Picnic,Nylon,Beach,picnicmat,beachblanket,beachmat",blue,3,55,50,3439,4.417272463,3. Médio(1000),838,Azul,3. Médio Impacto,Scarcity,0,FALSE,FALSE,FALSE,1,Standard Delivery,2. Barato,2. Normal,16. Outros Itens (Dimensões/Kits/Objetos),Não Especificado,"Algodão/Poliéster, Algodão",TRUE,CN,retail_maior,267,TRUE
426,5d2eb8028c9c606b3e2f99cc,Summer Women Fashion Floral Short Dress Spaghetti Strap Sweetheart Sheath Dress,13,25,100,1,3.42,79,29,16,10,7,17,"Summer,sweetheart,Fashion,short dress,strappydres,goingout,Slim Fit,Floral dress,Shorts,Floral,Women's Fashion,Sheath Dress,A line dress,sweetheartdres,sexy,Above Knee dresses,Spaghetti,Dress,Women",rosered,50,41,50,27764,3.9504034,2. Baixo(100),684,Vermelho,3. Médio Impacto,Scarcity,0,FALSE,FALSE,FALSE,1,Standard Delivery,2. Barato,2. Normal,06. P (S),"Vestido, Shorts","Algodão/Poliéster, Poliéster/Viscose, Poliéster/Elastano, Algodão/Elastano, Algodão",TRUE,CN,retail_maior,92,TRUE
427,5c6e63c954bd610ed2bebe4f,Fashion Women's Black Tanks Feather Print Workout Fitness Vest Top Sexy Summer Sleeveless O Neck T Shirt Tops,7,50,1000,1,4.08,408,212,89,56,29,22,"Summer,Vest,Plus Size,camisole,Fitness,Shirt,Tops,topsamptshirt,Necks,tank top,Cotton Vest,Women's Fashion,Fashion,black,print t-shirt,sexy,Print,sleeveless,feather,Casual,summer tank top",black,50,41,50,12763,3.967484134,3. Médio(1000),816,Preto,4. Alto Impacto,Scarcity,0,FALSE,FALSE,FALSE,1,Standard Shipping,2. Barato,2. Normal,06. P (S),"Camisete, Colete, Camisa, Regata, Top","Algodão/Poliéster, Poliéster/Viscose, Algodão, Poliéster, Poliéster/Elastano",TRUE,CN,retail_maior,614,TRUE
428,5e661829f862cad5bb9a224f,Women Summer Fashion Bikini Set Floral Print High Waist Swimsuit Casual Sexy Crop Tops + Shorts Two Piece Set Bathing Suit Swimwear Beach Wear Halter Tankinis Plus Size,13,11,1000,1,3.5,64,28,7,9,9,11,"bathing suit,Plus Size,Halter,Summer,Swimwear,Women's Fashion,Fashion,printed,Floral,sexy,Two piece set,Casual,Women,Shorts,Floral print,high waist,Sunflowers,Tops,Waist,beach wear,Swimsuit,Bikini,Suits,Print,Beach,Swimming",red,10,30,50,12919,4.024460098,3. Médio(1000),700,Vermelho,4. Alto Impacto,None,0,FALSE,FALSE,FALSE,1,Standard Delivery,2. Barato,2. Normal,06. P (S),"Moda Praia, Biquíni, Shorts, Conjunto/Terno, Maiô/Biquíni, Top","Algodão/Poliéster, Nilon/Elastano, Poliéster/Viscose, Poliéster, Poliéster/Elastano, Poliéster/Algodão, Algodão",FALSE,CN,price_maior,-15,TRUE
429,5ea7e2d9d113700dcbc76b82,NEW Red Bull Summer Mens Casual Shorts Pants Loose Cotton Movement Dry Quickly Fitness Shorts,12,14,50,0,3.88,8,2,4,1,1,0,"Summer,Shorts,pants,Fitness,Short pants,runningpant,Men's Fashion,Casual,Red,Cotton",black,50,22,50,52,3.884615385,2. Baixo(100),776,Preto,4. Alto Impacto,None,0,FALSE,FALSE,FALSE,0,Standard Delivery,2. Barato,2. Normal,06. P (S),"Calça, Shorts","Algodão/Poliéster, Algodão",FALSE,CN,retail_maior,17,FALSE
430,5d0c79efd805290e2ab8d712,Summer Womens Bow Tie Plaid Romper Dress Jumpsuit Shorts Suspended Checked Pants Beach Dress,5.71,13,1000,1,4.23,317,194,59,29,13,22,"Summer,Shorts,pants,women Jumpsuit,Dress,Jumpsuits & Rompers,Bow,beach dress,plaid,suspended,loosejumpsuit,Women's Fashion,Beach,Rompers,jumpsuit",red,50,38,50,3709,4.242653006,3. Médio(1000),846,Vermelho,4. Alto Impacto,None,1,FALSE,TRUE,FALSE,1,Standard Delivery,2. Barato,2. Normal,06. P (S),"Vestido, Macacão, Calça, Shorts, Conjunto/Terno","Algodão/Poliéster, Algodão/Viscose, Poliéster/Algodão, Algodão",FALSE,CN,retail_maior,128,TRUE
431,5e799a568b59163b8a9d2c21,"2020 New Arrival Women's Fashion Funny ""HIPPIE SOUL"" Printed Cute T-shirts Summer Short Sleeve Tops Shirts Graphic Tees Plus Size S-5XL",11,51,100,1,3,4,1,1,0,1,1,"Summer,Plus Size,Shirt,Sleeve,Funny,graphic tee,Tops,short sleeves,Tee,Women's Fashion,Shorts,cute,printed,Fashion,Casual,T Shirts,hippie",white,50,43,50,17222,4.001277436,2. Baixo(100),600,Branco,1. Baixo Impacto,None,0,FALSE,FALSE,FALSE,1,Standard Delivery,2. Barato,2. Normal,06. P (S),"Camisa, Camiseta, Shorts, Top","Algodão/Poliéster, Poliéster, Algodão",FALSE,CN,retail_maior,364,TRUE
432,5ac085a66d638a3b2bc434d5,2018 Plus Size Summer Women Fashion Sexy V-neck Lace Up Plaid Blouse Tops Irregular Short Sleeve Shirt（S-5XL）,3.79,49,20000,0,3.93,8412,4299,1527,1177,527,882,"blouse,Summer,Fashion,Lace,Sleeve,Shorts,Tops,womens top,short sleeves,Clothes for women,Casual,Women's Fashion,Plus Size,Lace Up,V-neck,plaid,sexy,tops for women,Women",red,2,8,50,56999,4.046825383,5. Muito Alto(20000),786,Vermelho,4. Alto Impacto,None,0,FALSE,FALSE,FALSE,0,Standard Delivery,2. Barato,2. Normal,05. P (XS),"Blusa, Camiseta, Shorts, Top","Poliéster/Viscose, Algodão/Poliéster, Renda, Poliéster/Elastano, Algodão",FALSE,CN,retail_maior,1193,FALSE
433,5ec5e362dfb6fa1a150123b5,Women Summer Floral Printed Short Sleeve Dress Ladies Casual V Neck Dresses Plus Size Dress XS-5XL,8,10,100,0,3.39,18,5,6,1,3,3,"Summer,Plus Size,sleeve dress,Necks,Sleeve,Dress,short sleeves,V-neck,Ladies,Women,Shorts,printed,Floral,women dress,Short Sleeved,casual dress,Women's Fashion,Casual,Cotton",navyblue,3,23,50,290,3.682758621,2. Baixo(100),678,Azul,3. Médio Impacto,None,0,FALSE,FALSE,FALSE,0,Standard Shipping,2. Barato,2. Normal,05. P (XS),"Vestido, Camiseta, Shorts","Algodão/Poliéster, Algodão/Viscose, Algodão, Poliéster/Viscose, Poliéster",FALSE,CN,retail_maior,25,FALSE
434,590c2cf4ff4b3e7b335e6a7e,Sexy Womens Casual Slim Sleeveless Tank Cami Vest Blouse Crop Top Fitness Vest,2,3,20000,0,4.09,6689,3566,1389,942,352,440,"blouse,Vest,Shorts,Tank,Shirt,Halter,Fitness,Tops,slim,Necks,Cami,sleeveless,crop top,Casual,Women",white,50,38,50,151249,4.04915735,5. Muito Alto(20000),818,Branco,1. Baixo Impacto,None,0,FALSE,FALSE,FALSE,0,Standard Delivery,2. Barato,2. Normal,06. P (S),"Blusa, Camisete, Camisa, Shorts, Top","Poliéster/Viscose, Algodão/Poliéster, Algodão/Elastano, Algodão",FALSE,CN,retail_maior,50,FALSE
435,5db3eae4119b010a435fa932,New Women Summer Fashion Womens Sleeveless Floral Print Sling Dress Party Evening Dresses Maxi Dress Beach Dress Sundress V-Neck Long Robes Plus Size S-5XL,6,22,1000,0,3.74,518,240,89,77,37,75,"sleeveless,Plus Size,Floral print,Summer,long dress,Evening Dress,Dress,Women's Fashion,V-neck,Floral,beach dress,Fashion,party,print dress,women dress,Print,maxi dress,Robes,Party Dresses,Beach,Women",yellow,50,38,50,4233,4.016772974,3. Médio(1000),748,Laranja/Amarelo,3. Médio Impacto,Scarcity,0,FALSE,FALSE,FALSE,0,Standard Delivery,2. Barato,2. Normal,06. P (S),"Vestido, Robe","Algodão/Poliéster, Algodão/Viscose, Poliéster/Viscose, Viscose/Poliéster, Poliéster, Poliéster/Elastano, Poliéster/Algodão, Algodão",TRUE,CN,retail_maior,267,FALSE
436,5ed1d078d8841a194fb87630,Summer Women Sling Dress V-neck Floral Pleated Strap Casual Pocket Large Dress,6,6,50,0,4.2,15,9,2,3,0,1,"Summer,Sling,Dresses,Dress,V-neck,Casual,Pocket,Women's Fashion,Sleeveless dress,women dress,Floral,sleeveless,Women,loose dress,Pleated,casual dress",white & green,5,20,50,144,3.722222222,2. Baixo(100),840,Multicor/Estampado,1. Baixo Impacto,None,0,FALSE,FALSE,FALSE,0,Standard Delivery,2. Barato,2. Normal,05. P (XS),Vestido,"Algodão/Poliéster, Algodão/Viscose, Poliéster/Viscose, Viscose/Algodão, Algodão",FALSE,CN,iguais,0,FALSE
437,5eaf98de05a9b4014db48b90,New Women Fashion Summer Two Pieces Set Ladies Female Pure Color Suit Sleeveless Tops Shirts Crop Top and Skinny Fitness Shorts Leggings,13,11,100,0,3.75,4,1,1,2,0,0,"Summer,Leggings,Shorts,crop top,Shirt,Fitness,Tops,sport2set,Women's Fashion,Fashion,Pure Color,Suits,women clothes,sleeveless,Ladies,twopiecesset,Women Fashion,Women",winered,35,43,50,18029,4.100615675,2. Baixo(100),750,Vermelho,4. Alto Impacto,None,0,FALSE,FALSE,FALSE,0,Standard Delivery,2. Barato,2. Normal,05. P (XS),"Camisa, Shorts, Conjunto/Terno, Top","Algodão/Poliéster, Poliéster/Algodão, Algodão",FALSE,CN,price_maior,-15,FALSE
438,5e39049345452705aa173fda,Shorts for Women Cotton Sport Yoga Shorts Women Fashion Lace Patchwork Fitness Panties Bottom Summer Athletic Lounge Short Pants,8,25,1000,1,4.25,220,136,35,28,9,12,"Summer,Fitness,Shorts,Yoga,Lace,pants,Athletics,yoga pants,Short pants,athleticpant,lounge,Women's Fashion,Panties,Sport,women trousers,Women,athleticshort,Fashion,Cotton",pink,50,43,50,4072,3.900294695,3. Médio(1000),850,Rosa,3. Médio Impacto,None,0,FALSE,FALSE,FALSE,1,Standard Delivery,2. Barato,2. Normal,07. M,"Calça, Shorts","Algodão, Algodão/Poliéster, Renda, Nilon/Elastano",FALSE,CN,retail_maior,212,TRUE
439,5f01c514792d0b94d29d0cb6,Women Off Shoulder Floral Print Boho Dress Women Beach Summer Dresses Ladies Strapless Long Maxi Dress Vestidos Female,7,6,100,0,5,0,0,0,0,0,0,"Summer,strapless,Floral print,Tops & T-Shirts,sundress,ladies dress,Beach,Dress,Blouses & Shirts,boho,Women,Print,beach dress,transparentdres,Black Top,Sexy Dress,Floral,women dress,Ladies,Women's Fashion,Women Clothing",tan,50,140,50,0,5,2. Baixo(100),1000,Tons Neutros,2. Baixo a Médio Impacto,None,0,FALSE,FALSE,FALSE,0,Standard Delivery,2. Barato,2. Normal,05. P (XS),"Vestido, Blusa, Camisa, Top","Algodão/Poliéster, Algodão/Viscose, Poliéster/Viscose, Poliéster, Poliéster/Elastano, Algodão",FALSE,AT,price_maior,-14,FALSE
440,5d2d750dc7bd0127fe8cc50e,4 Color New Summer Women Fashion Bee Pattern Print Cotton T-Shirt O-Neck Slim Fit Casual Tops Solid Color Funny Street Style Lady Tee Plus Size,11,10,5000,0,4.05,654,340,129,106,35,44,"Summer,Funny T Shirt,Cotton T Shirt,summer t-shirts,short sleeves,Women's Fashion,Plus Size,women t shirt,Casual T-Shirt,slim,Casual,Cotton,Funny,#fashion #tshirt,onecktshirt,Tops,Slim Fit,T Shirts,print t-shirt,Print,Women,Fashion",black,14,54,50,8117,4.064925465,4. Alto(10000),810,Preto,4. Alto Impacto,None,0,FALSE,FALSE,FALSE,0,Standard Delivery,2. Barato,2. Normal,07. M,"Camiseta, Camisa, Top","Algodão/Poliéster, Algodão, Poliéster, Algodão/Elastano",FALSE,CN,price_maior,-9,FALSE
441,5af40bb2f281cb017ec17012,Women's Fashion Summer Sexy Slimn Fit Denim Shorts High Waist Jean Shorts NS0122,11,152,1000,0,3.91,808,381,180,110,68,69,"Summer,Shorts,Waist,Women jeans,Denim,Slim Fit,summer shorts,jean shorts,women shorts,Fashion,Denim Shorts,high waisted shorts,sexy,Jeans,Women's Fashion,Casual,high waist",blue,50,43,50,87178,3.908359907,3. Médio(1000),782,Azul,3. Médio Impacto,None,0,FALSE,FALSE,FALSE,0,Standard Delivery,2. Barato,2. Normal,05. P (XS),"Jeans, Shorts","Algodão/Poliéster, Denim, Poliéster/Elastano, Algodão/Elastano, Algodão",FALSE,CN,retail_maior,1282,FALSE
442,5c9450f3dd30f5586dfa47f0,Women Lady Sports Shorts Gym Workout Skinny Elastic Fitness Yoga Leggings Pants Five-point Riding Pants Basic Slim Dance Sports Shorts,8,7,5000,1,3.8,757,360,132,116,55,94,"Leggings,Shorts,Yoga,Elastic,pants,ridingpant,Fitness,sport legging,Women's Fashion,Sport,slim,Women",grey,50,44,50,246312,4.203725356,4. Alto(10000),760,Cinzento,2. Baixo a Médio Impacto,None,0,FALSE,FALSE,FALSE,1,Standard Delivery,2. Barato,2. Normal,06. P (S),"Calça, Shorts","Elastano, Algodão/Poliéster, Algodão/Elastano, Algodão, Nilon/Elastano",FALSE,CN,price_maior,-12,TRUE
443,5df77ce97ad7980a900781e0,New Fashion Summer Women Casual Dress Round Neck Loose Big Swing Skirt Sleeveless Soild Color Beach dress,1.65,2,1000,1,3.67,191,89,26,31,14,31,"Summer,Fashion,Necks,Beach,Dress,Loose,beach dress,Round neck,Women's Fashion,sleeveless,Skirts,Casual,Women",white,1,38,50,5654,3.958790237,3. Médio(1000),734,Branco,1. Baixo Impacto,None,0,FALSE,FALSE,FALSE,1,Standard Delivery,2. Barato,2. Normal,04. PP (XXS),Vestido,"Algodão/Poliéster, Algodão/Viscose, Algodão",FALSE,CN,retail_maior,21,TRUE
444,5e5cb06e8ac7c478f8cc2cb5,Women Fashion Double-Layer Sports Shorts Quick-Drying Yoga Sports Leggings Fitness Shorts,8,22,10000,0,3.7,904,395,177,135,64,133,"Leggings,Shorts,loosecasualsweatpant,Sports & Outdoors,pants,casualshort,Fitness,high waisted,yogashort,Women's Fashion,bodybuildingshort,quickdryingshort,Yoga,skort,Sport,Fashion,Women",black,50,43,50,6651,4.084799278,4. Alto(10000),740,Preto,4. Alto Impacto,Scarcity,0,FALSE,FALSE,FALSE,0,Standard Delivery,2. Barato,2. Normal,06. P (S),"Calça, Shorts","Algodão/Poliéster, Algodão, Nilon/Elastano",TRUE,CN,retail_maior,175,FALSE
445,5b629b6da70ab967b5402657,Women Summer Fashion Double-layer Printed Sleeveless Round Neck Dress Casual Plus Size Loose Sundress,12,11,1000,1,3.76,899,390,198,130,65,116,"Summer,Plus size top,Dress,womens top,casual dresses,Women's Fashion,Plus Size,printed,sleeveless,Casual,Women Fashion,Women,vesttop,Floral print,Necks,Round neck,boho,Fashion,dailyclothe,neck dress,women summer dress",white,20,43,50,1990,4.046733668,3. Médio(1000),752,Branco,1. Baixo Impacto,None,0,FALSE,FALSE,FALSE,1,Standard Delivery,2. Barato,2. Normal,06. P (S),Vestido,"Algodão/Poliéster, Algodão/Viscose, Poliéster/Viscose, Poliéster, Algodão",FALSE,CN,price_maior,-8,TRUE
446,5c8622c240fb5753d489ae2e,Men's Fashion Summer Fitness T-Shirt Camouflage Print  Shirts Round Neck Short Sleeve Casual Tops,9,8,10000,1,3.84,1982,938,384,292,136,232,"Summer,Fashion,Polo Shirts,camouflageprint,Fitness,Shirt,Tops,topsamptshirt,short sleeves,camouflage,Round neck,Necks,Men's Fashion,Shorts,t,Sleeve,Print,Cotton,Casual,T Shirts,summerampspring",white,50,30,50,66644,4.137581778,4. Alto(10000),768,Branco,1. Baixo Impacto,None,0,FALSE,FALSE,FALSE,1,Standard Delivery,2. Barato,2. Normal,07. M,"Camisa, Camiseta, Shorts, Top","Algodão/Poliéster, Algodão, Poliéster",FALSE,CN,price_maior,-11,TRUE
447,5c3444e69740a97bc41bdb5e,2019 Summer Women Spaghetti Strap Mini Dress Women New Fashion Sleeveless Dress Sexy Women Package Hip Mini Dress Casual Style Slim Sexy Women Summer Dress Plus Size,8,7,20000,0,3.33,3216,1138,523,521,324,710,"Mini,slim dress,Plus Size,Summer,Spaghetti,Dress,summer dress,slim,Mini dress,Women's Fashion,package hip dress,Sleeveless dress,sexy,Summer Fashion,women dress,Women,Fashion,Casual,sleeveless,casual dress",black,50,43,50,54504,3.80168428,5. Muito Alto(20000),666,Preto,4. Alto Impacto,None,0,FALSE,FALSE,FALSE,0,Standard Delivery,2. Barato,2. Normal,07. M,Vestido,"Algodão/Poliéster, Algodão/Viscose, Poliéster/Elastano, Algodão/Elastano, Algodão",FALSE,CN,price_maior,-12,FALSE
449,5ea79fc6579d081c80f57b08,New Hot Sale Summer Fashion Women Girl A-line Mini Short Gress Loose Sleeveless Flamingo Vintage Floral Print Gress,11,50,100,1,3,9,2,1,3,1,2,"Summer,flamingo,Floral print,Mini,Shorts,Vintage,Dress,Loose,Mini dress,Print,Women's Fashion,Fashion,Sleeveless dress,Floral,sleeveless,Casual,Women",black,50,36,50,17,2.941176471,2. Baixo(100),600,Preto,4. Alto Impacto,None,0,FALSE,FALSE,FALSE,1,Standard Delivery,2. Barato,2. Normal,06. P (S),"Vestido, Shorts","Algodão/Poliéster, Poliéster, Poliéster/Viscose, Poliéster/Elastano, Algodão/Viscose, Algodão, Algodão/Denim",FALSE,CN,retail_maior,355,TRUE
450,5d24618d5b4a6c625d6e931a,Womens Swimsuit Bikini Trim Swimwear Beach Beach Wear Swim Wear Cover Up Dress Blouse T Shirt,11,10,1000,0,4.29,410,247,89,40,15,19,"blouse,Fashion,Shirt,Bikini,long dress,beach coverup,bathing suit cover ups,summer dress,Cover,Swimwear,coverupsbikini,swim suit cover up,beach dress,Beach,Casual T-Shirt,Dress,women dress,Swimsuit,Women's Fashion,Cover Ups,Swimming",blue,50,21,50,1733,3.842469706,3. Médio(1000),858,Azul,3. Médio Impacto,None,0,FALSE,FALSE,FALSE,0,Standard Delivery,2. Barato,2. Normal,05. P (XS),"Vestido, Biquíni, Blusa, Camiseta, Camisa, Maiô/Biquíni, Moda Praia","Algodão/Poliéster, Algodão/Viscose, Nilon/Elastano, Poliéster/Viscose, Algodão, Poliéster, Viscose/Poliéster",FALSE,CN,price_maior,-9,FALSE
451,5dd624d86c7b2c9de52362af,Women Fashion Halter Sequin Blouse Summer Casual Sleeveless Solid Color Tops T-shirts Plus Size S-5XL,9,8,5000,0,3.75,429,185,83,81,30,50,"blouse,Summer,Plus Size,Shirt,Halter,Tops,Women's Fashion,Casual,T Shirts,Fashion,sleeveless,solid color,sexy,Sequin,Women Fashion,Women",red,50,41,50,1029,3.821185617,4. Alto(10000),750,Vermelho,4. Alto Impacto,None,0,FALSE,FALSE,FALSE,0,Standard Delivery,2. Barato,2. Normal,06. P (S),"Blusa, Camisa, Camiseta, Top","Poliéster/Viscose, Algodão/Poliéster, Poliéster/Elastano, Algodão",FALSE,CN,price_maior,-11,FALSE
452,5dd39d1da55d5466dc560252,S-5XL New Fashion Women Tops Blouse Sleeveless V-neck Solid Color Tank Top Women Summer Shirt Tops Plus Size,7,13,10000,0,3.12,567,170,89,91,72,145,"blouse,Summer,Plus Size,Tops & Blouses,Shirt,Women Vest,Tank,Tops,tank top,Women's Fashion,Fashion,strappy,V-neck,sleeveless,women top,Casual,Women",armygreen,50,42,50,5934,3.849511291,4. Alto(10000),624,Verde,3. Médio Impacto,Scarcity,0,FALSE,FALSE,FALSE,0,Standard Shipping,2. Barato,2. Normal,07. M,"Blusa, Camisa, Regata, Top, Colete","Poliéster/Viscose, Algodão/Poliéster, Poliéster/Elastano, Algodão",TRUE,CN,retail_maior,86,FALSE
453,5cd3e833034a3c2ceeed0ba9,Women Lace Boho Bikini Cover Up Cardigan Blouse Long Sunscreen Blouse,6,6,100,0,3.93,41,20,7,9,1,4,"beachcardigan,Lace,cardigan,summer dress,Cover,beach wear,Sunscreen,Bikini,boho,beach dress,Fashion,Women,Bikini Cover-Up,Women's Fashion,Cover Ups,kimono",black,50,38,50,151249,4.04915735,2. Baixo(100),786,Preto,4. Alto Impacto,None,0,FALSE,FALSE,FALSE,0,Standard Delivery,2. Barato,2. Normal,06. P (S),"Vestido, Moda Praia, Biquíni, Cardigan, Quimono","Algodão/Poliéster, Algodão/Viscose, Nilon/Elastano, Poliéster, Viscose/Poliéster, Renda",FALSE,CN,iguais,0,FALSE
454,5e3684770ee1810ee4160d27,2020 5 Color Summer New Fashion Women Tops Blouse Plus Size Sleeveless Strappy Tank Tops Cross Back Tops Summer Causal Tops for Women S-5XL,7,14,100,0,4.24,50,29,12,4,2,3,"blouse,Summer,Plus Size,Tops & Blouses,Sexy Top,Tank,Tops,Cross,tank top,Women's Fashion,Fashion,strappy,solid color,sleeveless,women top,tops for women,Women",red,50,43,50,1160,4.143965517,2. Baixo(100),848,Vermelho,4. Alto Impacto,Scarcity,0,FALSE,FALSE,FALSE,0,Standard Delivery,2. Barato,2. Normal,08. G (L),"Blusa, Regata, Top","Poliéster/Viscose, Algodão/Poliéster, Poliéster/Elastano, Algodão",TRUE,CN,retail_maior,100,FALSE
456,5a211e5fb2f70e3fded9ea3e,Mayzero New Summer Women Long Beach Dress Boho Floral Print Sexy Split,11,106,20000,1,3.92,10150,4974,2091,1409,655,1021,"Summer,Floral print,long dress,Beach,Dress,boho,Print,beach dress,off shoulder,splits,sexy,Floral,maxi dress,Ladies,Women's Fashion,Women",white,12,45,50,25093,4.068664568,5. Muito Alto(20000),784,Branco,1. Baixo Impacto,Scarcity,1,FALSE,FALSE,TRUE,1,Standard Delivery,2. Barato,2. Normal,06. P (S),Vestido,"Algodão/Poliéster, Algodão/Viscose, Poliéster/Viscose, Viscose/Poliéster, Poliéster/Elastano, Poliéster, Algodão",TRUE,CN,retail_maior,864,TRUE
457,5d0214aff779d1671ecff865, 3 Colors New Fashion Summer Ladies Casual Jumpsuit Long Suspender Overalls Bib Pants,11,85,1000,1,4.08,454,231,118,49,21,35,"summertrouser,summerwear,casualjumpsuit,trousers,pants,jumpsuitsampromper,Body Suit,Casual,Fashion,Summer,Ladies,women Jumpsuit,Rompers,jumpsuit",green,50,40,50,895,4.334078212,3. Médio(1000),816,Verde,3. Médio Impacto,Scarcity,0,FALSE,FALSE,FALSE,1,Standard Delivery,2. Barato,2. Normal,06. P (S),"Macacão, Calça, Conjunto/Terno","Algodão/Poliéster, Poliéster/Algodão, Algodão",TRUE,CN,retail_maior,673,TRUE
458,5947a7f69009d76370a4cd97,Hot Sale Women Sexy Chest Strap Sling Vest Summer Style Top Soft and Comfotable Fitness Dress,7,6,1000,0,4.12,442,220,111,72,23,16,"Summer,Vest,Fashion,Fitness,Tops,cheststrapvest,charmingdres,womenfashionclothing,Charming,Fashion Accessories,fitness top,sexy,Women's Fashion,Dress,Women",black,50,47,50,1369,4.061358656,3. Médio(1000),824,Preto,4. Alto Impacto,Scarcity,0,FALSE,FALSE,FALSE,0,Standard Delivery,2. Barato,2. Normal,06. P (S),"Vestido, Top","Algodão/Poliéster, Poliéster/Elastano, Algodão",TRUE,CN,price_maior,-14,FALSE
459,5d0b42183ae5dc63a3a94efe,2019 Summer 2 Color Women Fashion Bikini Set Spaghetti Strap Crop Top High Waist Triangle Swimwear Leopard Print Two Piece Push Up Bathing Suit Swimsuit,8,72,1000,0,4.01,153,85,22,24,7,15,"Summer,summer bikini,Triangles,bikini set,leopard print,bathing suit cover ups,Spaghetti Strap,Leopard,fashion bikini,Women's Fashion,Fashion,high waist bikini,Summer Fashion,Spaghetti,two piece bathing suit,high waist,Tops,Waist,Swimwear,Swimsuit,beach swimwear,Bikini,Suits,Print,Women,Swimming",white & black,50,41,50,4136,3.912475822,3. Médio(1000),802,Multicor/Estampado,1. Baixo Impacto,None,0,FALSE,FALSE,FALSE,0,Standard Delivery,2. Barato,2. Normal,06. P (S),"Biquíni, Conjunto/Terno, Maiô/Biquíni, Moda Praia, Top","Algodão/Poliéster, Nilon/Elastano, Poliéster, Poliéster/Elastano, Poliéster/Algodão, Algodão",FALSE,CN,retail_maior,800,FALSE
460,5a4ef583061be948d524c8e8,The 2018 Summer Shorts Jeans Girl Hot Pocket Waist Casual Shorts Women Sexy Lace Blue Denim Shorts,15,13,5000,0,3.95,1632,836,306,221,103,166,"Blues,Summer,casualshort,Shorts,Waist,laceshort,Lace,Denim,summer shorts,Pocket,women fashion shorts,Women's Fashion,Fashion,sexy lace,Denim Shorts,sexy,Jeans,midshort,Casual,looseshort,Women",blue,34,41,50,32323,4.040497479,4. Alto(10000),790,Azul,3. Médio Impacto,None,0,FALSE,FALSE,FALSE,0,Standard Delivery,2. Barato,2. Normal,06. P (S),"Jeans, Shorts","Algodão/Poliéster, Denim, Renda, Poliéster/Elastano, Algodão",FALSE,CN,price_maior,-13,FALSE
461,5e70ba09e3d51e1002f7cf8e,100pcs Summer Disposable Sweat Pad Perspiration Absorbing Guard Underarm Armpit Sweat Pad Pure Antiperspirant Adhesive Underarm Pads,9,46,100,0,4.86,7,6,1,0,0,0,"underarm,Summer,sweatguardpad,perspirationpad,disposable,dressshield,sweatpad,armpitsweatpad,underarmshield,armpitguard",no_color_specified,30,74,30,2228,4.228007181,2. Baixo(100),972,Não Informado,0. Não Informado,None,0,FALSE,FALSE,FALSE,0,Standard Delivery,2. Barato,2. Normal,16. Outros Itens (Dimensões/Kits/Objetos),Vestido,"Algodão/Poliéster, Algodão",FALSE,CN,retail_maior,411,FALSE
462,5b039ca98d537915d3dd0071,COMENII Summer Women Sexy Tops Button Deep V-Neck Off Shoulder Shirts Cotton Blouse Casual Loose Sleeveless T Shirts Backless Camisole Ladies Fashion Vest Solid Color Sling Plus Size Tank Tops 4XL 5XL 6XL,7,6,10000,0,4.41,3078,2050,550,276,87,115,"Summer,Vest,Fashion,Cotton T Shirt,V-neck,summer t-shirts,sleeveless tops,casual shirt,Ladies,T Shirts,Plus Size,tank top,blouse,sexy,Casual,Ladies Fashion,Deep V-Neck,Cotton,Tank,Shirt,Tops,Women's Fashion,Women,backless,plussizeshirt,sleeveless,womens tank tops,button,vneckshirt",rosered,2,17,50,11264,4.101384943,4. Alto(10000),882,Vermelho,3. Médio Impacto,None,1,FALSE,TRUE,FALSE,0,Standard Delivery,2. Barato,2. Normal,06. P (S),"Blusa, Camiseta, Camisa, Top, Regata","Poliéster/Elastano, Poliéster/Viscose, Plástico/Metal, Algodão/Poliéster, Algodão",FALSE,CN,price_maior,-14,FALSE
463,5ed89213b14bb80600d2468a,Women's Fashion Summer Dresses V Neck Backless Lace Dress Beach Dresses White Dress Plus Size XS-5XL Robe Femme,11,10,100,1,3.08,39,11,8,3,7,10,"Summer,Plus Size,partydressesforwomen,Lace,robefemme,Dress,Lace Dress,casualdressesforwomen,Women's Fashion,white dress,sexydressesforwoman,beach dress,Fashion,backless,plus size dress,summerdressesforwomen,sundressesforwomen,Robes,Beach,white,Necks",pink,3,47,50,103,3.689320388,2. Baixo(100),616,Rosa,3. Médio Impacto,None,0,FALSE,FALSE,FALSE,1,Standard Delivery,2. Barato,2. Normal,05. P (XS),"Vestido, Robe","Poliéster/Elastano, Algodão/Poliéster, Algodão/Viscose, Renda, Poliéster, Poliéster/Algodão, Algodão",FALSE,CN,price_maior,-9,TRUE
464,5ebcdff977dea63a3bbc4e5d,XS-5XL Plus Size Short Sleeve Beach Dress Women Summer Print V Neck Dress Loose Casual Pullover Midi Dress,6,10,1000,0,3,87,22,10,23,10,22,"Summer,short sleeve dress,neck dress,Necks,Sleeve,Beach,Dress,Loose,short sleeves,V-neck,Shorts,beach dress,Plus Size,Midi Dress,summer dress,Print,Pullovers,Women's Fashion,Casual,Women",yellow,3,20,50,232,3.676724138,3. Médio(1000),600,Laranja/Amarelo,3. Médio Impacto,None,0,FALSE,FALSE,FALSE,0,Standard Delivery,2. Barato,2. Normal,05. P (XS),"Vestido, Pulôver, Camiseta, Shorts","Algodão/Poliéster, Algodão/Viscose, Poliéster, Algodão",FALSE,CN,retail_maior,67,FALSE
465,5ec5ef713c5b5f21ae984f89,Summer Women Sling Dress V-neck Floral Pleated Strap Casual Pocket Large Dress,8,10,100,0,4.07,58,27,18,7,2,4,"Summer,Sling,Dresses,Dress,V-neck,Casual,Pocket,Women's Fashion,Sleeveless dress,women dress,Floral,sleeveless,Women,loose dress,Pleated,casual dress",white & green,3,23,50,123,4.040650407,2. Baixo(100),814,Multicor/Estampado,1. Baixo Impacto,Scarcity,0,FALSE,FALSE,FALSE,0,Standard Delivery,2. Barato,2. Normal,05. P (XS),Vestido,"Algodão/Poliéster, Algodão/Viscose, Poliéster/Viscose, Viscose/Algodão, Algodão",TRUE,CN,retail_maior,25,FALSE
466,5ecc8472fe429946b009900e,Women Summer Shorts Lace Up Elastic Waistband Loose Panties Plus Size,2,2,100,1,2.92,12,2,2,4,1,3,"summerwear,Summer,elastic waist,drawstringshort,Casual pants,Panties,Womens shorts,Shorts,largecottonandlinenwomenstrouser,Women's Fashion,Plus Size,Lace Up,midriff,Elastic,slimpant,Women,croppedtrouser,Lace",lightblue,1,25,50,366,3.975409836,2. Baixo(100),584,Azul,3. Médio Impacto,Scarcity,0,FALSE,FALSE,FALSE,1,Standard Delivery,2. Barato,2. Normal,09. GG (XL),"Calça, Shorts","Algodão/Poliéster, Algodão, Elastano, Renda, Algodão/Elastano",TRUE,CN,iguais,0,TRUE
467,5d2c36f4010ae87eef758d55,6 Color Summer Women Printed Bckless Tank Tops Women New Fashion Slim Sleeveless Yoga Fitness Vest Casual Lady Tops Plus Size S-5XL,8,13,100,0,4.04,57,29,16,2,5,5,"Women Vest,Vest,Fashion,Summer,fashion vest,slim,tank top,Women's Fashion,Plus Size,sleeveless tops,Yoga,bcklessvest,fitnessvest,Women Fashion,Women,Tank,Tops,printedvest,Casual,casualvest,sleeveless,summervest,Fitness,printed",grey,50,51,50,4516,4.231842338,2. Baixo(100),808,Cinzento,2. Baixo a Médio Impacto,None,0,FALSE,FALSE,FALSE,0,Standard Delivery,2. Barato,2. Normal,07. M,"Top, Colete, Regata","Algodão/Poliéster, Poliéster, Algodão/Elastano, Algodão, Nilon/Elastano",FALSE,CN,retail_maior,62,FALSE
468,5e573e6360f35b2661fff9dc,Palm Angels Sanskrit Short T-shirt Hip Hop Streetwear Oversize Summer Kanye West Tops T shirt,22,159,1000,0,4.04,235,127,49,26,7,26,"shorttshirt,Fashion,Shirt,Angel,Summer,Tops,summer t-shirts,fearofgod,Hip Hop,T Shirts,Shorts,Oversize,kanyewest,sanskrit,streetwear,Women Fashion",black,50,80,50,541,4.097966728,3. Médio(1000),808,Preto,4. Alto Impacto,None,0,FALSE,FALSE,FALSE,0,Standard Delivery,2. Barato,2. Normal,06. P (S),"Camisa, Shorts, Camiseta, Top","Algodão/Poliéster, Algodão",FALSE,CN,retail_maior,623,FALSE
469,59438e8f609fe23d637ddf41,Women School Girls A-line Dress Summer Girls A Lattice Short Dress High Waist Pleated Tennis Skirt Uniform with Inner Shorts,11,10,1000,0,3.89,140,66,35,15,5,19,"Mini,School,summer skirt,collegegirlskirt,A-line,Summer,Pleated,Waist,Lines,schoolgirl,tennisskirt,Women Skirts,Women's Fashion,Shorts,fluffy,mini skirt,schoolskirt,Pleated Skirt,Women,short skirt,high waist",white,50,42,50,124563,4.193588786,3. Médio(1000),778,Branco,1. Baixo Impacto,None,0,FALSE,FALSE,FALSE,0,Standard Delivery,2. Barato,2. Normal,05. P (XS),Shorts,"Algodão/Poliéster, Algodão",FALSE,CN,price_maior,-9,FALSE
470,5e9141ec67b78030f67d01f8,Fashion Women Summer Casual Tank Tops Loose Beach Blouses Sleeveless Printed Cotton Beach T Shirt Plus Size,6,6,1000,1,3.73,142,56,32,30,8,16,"suspenders,Summer,Plus Size,Tank,Shirt,Beach,Tops,Loose,Women's Fashion,Fashion,printed,Summer Fashion,sleeveless,Cotton,blouse,Casual,Women",yellow,50,50,50,3053,3.858499836,3. Médio(1000),746,Laranja/Amarelo,3. Médio Impacto,None,0,FALSE,FALSE,FALSE,1,Standard Delivery,2. Barato,2. Normal,06. P (S),"Blusa, Camisa, Top","Algodão/Poliéster, Poliéster/Viscose, Algodão, Poliéster",FALSE,CN,iguais,0,TRUE
471,58e6e016b5b91e192b207346,Women Fashion Off-shoulder Tank Top Casual Blouses Crop Tops T-Shirt emilyandlily New Top,6,38,5000,0,4.22,958,571,171,116,53,47,"Summer,Shorts,Tank,Necks,Sleeve,short sleeves,Elegant,Women's Fashion,Fashion,sexy,shouldertop,Casual,Red,Women",black,50,40,50,213709,4.293899649,4. Alto(10000),844,Preto,4. Alto Impacto,Scarcity,0,FALSE,FALSE,FALSE,0,Standard Delivery,2. Barato,2. Normal,07. M,"Camiseta, Shorts","Algodão/Poliéster, Poliéster/Elastano, Algodão",TRUE,CN,retail_maior,533,FALSE
472,5e5b7192cf4480c25cbc626c,2020 Running Shorts High Waist Legging Plus Size S-3XL 3 Color Summer New Women Fashion Solid Color Safety Shorts Yoga,9,50,100,1,3.84,37,16,10,3,5,3,"Summer,Leggings,Shorts,Yoga,skinny pants,Waist,Short pants,Running,yoga leggings,Women's Fashion,Plus Size,Women,Soft and comfortable,Fashion,high waist",grey,50,42,50,3237,3.948409021,2. Baixo(100),768,Cinzento,2. Baixo a Médio Impacto,None,0,FALSE,FALSE,FALSE,1,Standard Delivery,2. Barato,2. Normal,06. P (S),"Calça, Shorts","Algodão/Poliéster, Algodão, Nilon/Elastano",FALSE,CN,retail_maior,456,TRUE
473,5cc40501e824b607860ec588,2019 New Women Fashion Loose Pants High Waist Ninth Pant Casual Trousers,12,11,20000,1,3.64,1711,702,339,272,144,254,"Summer,trousers,high waist,pants,Loose,Women's Fashion,Fashion,black,Women,Casual,Women Fashion,Waist",black,29,36,50,55499,4.138885385,5. Muito Alto(20000),728,Preto,4. Alto Impacto,None,0,FALSE,FALSE,FALSE,1,Standard Delivery,2. Barato,2. Normal,06. P (S),Calça,"Algodão/Poliéster, Algodão",FALSE,CN,price_maior,-8,TRUE
474,5abb034f5e2ae16763047591,Sleeveless Floral Print Elegant Dress Drawstring Waist Slim Party Beach Maxi Dress ,6,6,20000,1,3.71,2706,1095,597,464,222,328,"Waist,Floral print,short dress,long dress,Dress,slim,Floral,Elegant,Women's Fashion,boho dress,party,vestido,Print,women dress,Beach,sleeveless,Women",black,49,38,50,6714,4.073279714,5. Muito Alto(20000),742,Preto,4. Alto Impacto,Scarcity,0,FALSE,FALSE,FALSE,1,Standard Delivery,2. Barato,2. Normal,04. PP (XXS),Vestido,"Algodão/Poliéster, Viscose/Poliéster, Poliéster/Viscose, Poliéster, Algodão/Elastano, Algodão",TRUE,CN,iguais,0,TRUE
475,5b035ff3bc3b6a7a3e91811b,Womens Padded Bra Tops V Neck Camisole Straps Push Up Bra Vest Tank,9,33,5000,0,3.81,719,356,111,103,59,90,"Women Vest,Vest,basictop,bra top,Necks,vesttank,Tops,strap,padded,Women's Fashion,sexy,Tank,Bras",black,50,45,50,139788,4.166509285,4. Alto(10000),762,Preto,4. Alto Impacto,None,0,FALSE,FALSE,FALSE,0,Standard Delivery,2. Barato,2. Normal,06. P (S),"Sutiã, Top, Colete","Nilon/Elastano, Algodão/Poliéster, Poliéster/Borracha, Poliéster/Elastano, Algodão",FALSE,CN,retail_maior,267,FALSE
476,5e97f85b737a610159cf5efa,Men Summer Running Shorts 2 in 1 Sports Jogging Fitness Shorts Training Quick Dry Short Gym Shorts Sport Pants,18,47,100,0,4.62,34,27,4,1,1,1,"trainingquickdryshort,Shorts,gymshortssportpant,pants,Fitness,Men's Fashion,mensummerrunningshort,Sport,Running,Summer,Men,fitnessshort,2in1sportsjogging",black,5,82,50,1465,4.22662116,2. Baixo(100),924,Preto,4. Alto Impacto,None,2,TRUE,FALSE,TRUE,0,Standard Delivery,2. Barato,2. Normal,10. XG (2XL),"Calça, Shorts","Algodão/Poliéster, Algodão",FALSE,CN,retail_maior,161,FALSE
477,5d6e5c9b045a156519de6483,Fashion Womens Jumpsuit Summer Bib Pants Shorts Casual Loose Sleeveless Rompers Jumpsuit Suspenders Overalls S-XXXL,11,108,5000,0,2.95,299,72,47,59,36,85,"Summer,Shorts,pants,Loose,Overalls,Fashion,black,sleeveless,Casual,jumpsuit",orange,50,52,50,2608,3.873082822,4. Alto(10000),590,Laranja/Amarelo,3. Médio Impacto,None,0,FALSE,FALSE,FALSE,0,Standard Delivery,2. Barato,2. Normal,06. P (S),"Macacão, Jardineira/Macacão, Calça, Shorts","Algodão/Poliéster, Denim, Algodão",FALSE,CN,retail_maior,882,FALSE
478,5cb541909a4d0e69ecb34301,S-2XL Women Sunflower Print Pattern Strap Dress Female Summer Fashion Flower Sling Skirt Youth Girls Dress Strap Dress,13,13,1000,0,3.7,332,149,56,57,20,50,"Summer,Women Rompers,Fashion,Sunflowers,women Jumpsuit,fashion dress,Dress,sunflowerprint,strap,Women's Fashion,Flowers,women dress,Print,fashion girl,Skirts,rompersforwomen,Women",black,10,52,50,4048,4.064476285,3. Médio(1000),740,Preto,4. Alto Impacto,Scarcity,0,FALSE,FALSE,FALSE,0,Standard Delivery,2. Barato,2. Normal,06. P (S),"Vestido, Macacão","Algodão/Poliéster, Poliéster/Viscose, Poliéster, Algodão",TRUE,US,iguais,0,FALSE
479,58f5ebbc9895db01c700c615,Women's Summer Maxi Casual Dresses Cotton,11,38,20000,1,3.66,8971,3598,1821,1607,808,1137,"Summer,Shorts,Necks,Sleeve,long dress,Dress,Loose,dresswithpocket,short sleeves,soildcolor,Pocket,Dresses,Women's Fashion,splits,Women,Ladies,baggydre,fulllengthdre,Casual,Cotton",black,50,42,50,73701,4.105127475,5. Muito Alto(20000),732,Preto,4. Alto Impacto,None,0,FALSE,FALSE,FALSE,1,Standard Delivery,2. Barato,2. Normal,06. P (S),"Vestido, Camiseta, Shorts","Algodão/Poliéster, Algodão, Viscose/Poliéster",FALSE,CN,retail_maior,245,TRUE
480,5d9077c6e6119333db096ce2,COMENII Summer Women Tops Button Deep V-Neck Off Shoulder Shirts Cotton Blouse Casual Loose Sleeveless T Shirts Backless Camisole Ladies Fashion Vest Solid Color Sling Plus Size Tank Tops,11,10,1000,0,4.09,100,59,16,10,5,10,"Summer,Vest,Plus size top,Cotton T Shirt,summer t-shirts,tank top,Ladies,Sleeveless Shirt,Fashion,casual shirt,sleeveless,blouse,Tank,Casual,Cotton,Deep V-Neck,Plus Size,Tops & Blouses,Shirt,Tops,Women's Fashion,Women,women shirt,V-neck,backless,womens tank tops,Ladies Fashion,button,sleeveless tops",purple,4,20,50,6300,4.078095238,3. Médio(1000),818,Roxo,3. Médio Impacto,None,0,FALSE,FALSE,FALSE,0,Standard Delivery,2. Barato,2. Normal,04. PP (XXS),"Blusa, Camiseta, Camisa, Top, Regata","Poliéster/Elastano, Poliéster/Viscose, Plástico/Metal, Algodão/Poliéster, Algodão",FALSE,CN,price_maior,-9,FALSE
481,5b126e3ef1fce6262041d8b3,Lace Summer Princess Prom Punk Dress Women Casual Basic Dress  Moda Hippie Clothing,11,10,100,0,4.14,51,29,9,8,1,4,"Summer,Fashion,Lace,Princess,Dress,princessprom,punk,Women's Fashion,basicdressboho,punkdre,Prom,lacesummer,Casual,vestido,hippie,Mori Girl,donnahoney,Clothing,Lolita,Women",white,50,43,50,16994,4.263681299,2. Baixo(100),828,Branco,1. Baixo Impacto,None,0,FALSE,FALSE,FALSE,0,Standard Delivery,2. Barato,2. Normal,06. P (S),Vestido,"Algodão/Poliéster, Renda, Algodão",FALSE,CN,price_maior,-9,FALSE
482,5e86c978d4bc413d5735e5ea,Women Crop Tops Deep V Neck Sleeveless Slim Fit Solid Tops For Summer,9,34,50,0,5,0,0,0,0,0,0,"Deep V-Neck,Summer,Vest,Slim Fit,crop top,Necks,Pure Color,slim,Women's Fashion,sexy,sleeveless,women top,simfit,Tops,Women",white,6,41,50,14676,4.07420278,2. Baixo(100),1000,Branco,1. Baixo Impacto,None,0,FALSE,FALSE,FALSE,0,Standard Delivery,2. Barato,2. Normal,06. P (S),Top,"Poliéster/Elastano, Algodão/Poliéster, Algodão/Elastano, Algodão",FALSE,CN,retail_maior,278,FALSE
484,5dd900306a7d4f0c672f6e30,XS-8XL Plus Size Dresses Summer Fashion Clothes Womens Deep V-neck Sleeveless Maxi Dresses Ladies Casual Spaghetti Strap Loose Beach Wear Floral Printed Halter Party Dress,2.83,3,20000,1,3.62,1742,732,322,264,147,277,"Summer,printeddres,halter dress,Halter,Dress,V-neck,beach dress,Party Dress,printed,sleeveless,Floral,maxi dress,Spaghetti,Casual,Clothes,Deep V-Neck,Beach,Plus Size,summer dress,Women's Fashion,Sleeveless dress,Ladies,party,Fashion,loose dress",grey,5,20,50,3791,3.918754946,5. Muito Alto(20000),724,Cinzento,2. Baixo a Médio Impacto,None,0,FALSE,FALSE,FALSE,1,Standard Delivery,2. Barato,2. Normal,05. P (XS),Vestido,"Algodão/Poliéster, Algodão/Viscose, Poliéster/Elastano, Poliéster/Viscose, Viscose/Algodão, Viscose/Poliéster, Poliéster, Algodão",FALSE,SG,retail_maior,6,TRUE
485,5bac96d54b784e1e83636983,4 Color Spring and Summer Women's Fashion Jumpsuit Casual Loose Solid Tank Jumpsuit Long Suspender Overalls Bib Pants Rompers Wide Leg Pants,7,159,5000,0,3.39,1632,584,289,276,149,334,"Summer,trousers,Tank,Casual pants,pants,Spring,Overalls,widelegpant,Casual,Women's Fashion,Fashion,bibpant,Wool,women Jumpsuit,jumpsuitsampromper,springandsummer,jumpsuit",armygreen,50,41,50,8547,4.081783082,4. Alto(10000),678,Verde,3. Médio Impacto,None,0,FALSE,FALSE,FALSE,0,Standard Delivery,2. Barato,2. Normal,06. P (S),"Calça, Macacão, Jardineira/Macacão, Conjunto/Terno","Algodão/Poliéster, Denim, Poliéster/Algodão, Algodão",FALSE,CN,retail_maior,2171,FALSE
486,5c9b2bded2430a1d4535ed64,Summer Women Sexy Floral Short Dress Spaghetti Strap Sweetheart Sheath Dress,15,28,100,1,3.23,69,25,9,8,11,16,"sexypleated,sweetheart,Shorts,short dress,Summer,plus size dress,Dress,summer dress,Floral dress,Women's Fashion,Sheath Dress,women's dress,sexydressforwomen,Floral,sexy,Women,Spaghetti,spaghettistrapdres",blue,50,51,50,897,3.850613155,2. Baixo(100),646,Azul,3. Médio Impacto,None,0,FALSE,FALSE,FALSE,1,Standard Delivery,2. Barato,2. Normal,06. P (S),"Vestido, Shorts","Algodão/Poliéster, Poliéster/Viscose, Algodão/Viscose, Poliéster/Elastano, Algodão",FALSE,CN,retail_maior,87,TRUE
487,5cf66417936ead236e2015d1,Women Summer Long Dress Spaghetti Strap V Neck Irregular Hem Holiday Casual Party Dress Sundress Plus Size S-5XL,14,68,5000,1,3.44,734,248,153,135,67,131,"Summer,Plus Size,party,Necks,long dress,plus size dress,Dress,summer dress,Women,Dresses,Women's Fashion,Party Dress,spaghettistrapdres,asymmetricdres,Sexy Dress,women dress,Holiday,Spaghetti,Casual,casual dress",white,50,40,50,13075,4.226462715,4. Alto(10000),688,Branco,1. Baixo Impacto,None,1,TRUE,FALSE,FALSE,1,Standard Delivery,2. Barato,2. Normal,06. P (S),Vestido,"Algodão/Poliéster, Algodão/Viscose, Viscose/Poliéster, Poliéster, Poliéster/Elastano, Algodão",FALSE,CN,retail_maior,386,TRUE
488,5ea7e2d949b52108c6560c5b,New Summer Men Cat Caterpillar Bulldozer Short Pants Sport,12,14,10,0,5,0,0,0,0,0,0,"Summer,Plus Size,Casual pants,pants,Men,Short pants,caterpillar,Cats,Men's Fashion,Shorts,Sport,Cotton",black,50,22,50,52,3.884615385,1. Micro(10),1000,Preto,4. Alto Impacto,None,0,FALSE,FALSE,FALSE,0,Standard Delivery,2. Barato,2. Normal,06. P (S),"Calça, Shorts","Algodão/Poliéster, Algodão",FALSE,CN,retail_maior,17,FALSE
490,5e951ed83843b713841430e1,2020 New Men's Fashion Short Sleeve T-Shirt   Shorts Men Sports Set Men Casual Summer Men's Set,16,22,100,1,3.15,72,20,17,9,6,20,"Summer,Shorts,Sleeve,short sleeved tshirt,Men,Fashion Suits,Men's Fashion,short sleeves,T Shirts,Fashion,casual wear,Short Sleeved,Sport,Casual,summermensclothing",grey,39,34,50,79,3.417721519,2. Baixo(100),630,Cinzento,2. Baixo a Médio Impacto,None,0,FALSE,FALSE,FALSE,1,Standard Delivery,2. Barato,2. Normal,07. M,"Camisa, Camiseta, Shorts, Conjunto/Terno","Algodão/Poliéster, Poliéster/Algodão, Algodão",FALSE,CN,retail_maior,38,TRUE
492,5abb107507c7b470f5efc3cf,Summer Fashion Women's Seamless Tube Top Basic Long Bandeau Layering Ribbed Stretch Tee,8,42,1000,0,3.95,449,230,87,60,25,47,"Summer,Fashion,Tube top,summer shirt,Tops,cool shirts,tank top,slim shirts,Sleeveless Shirt,teesamptshirt,solid color,Off shoulder shirt,tops for women",Black,50,40,50,47981,4.025364207,3. Médio(1000),790,Preto,4. Alto Impacto,None,0,FALSE,FALSE,FALSE,0,Standard Delivery,2. Barato,2. Normal,07. M,"Camisa, Regata, Top","Algodão/Poliéster, Poliéster/Elastano, Algodão/Elastano, Algodão",FALSE,CN,retail_maior,425,FALSE
493,554b114fff561a1235152554,Sexy Women Summer Beach Lace Sleeveless Party Evening Cocktail Skater Mini Dress,12,13,10000,0,3.56,893,364,140,157,92,140,"Mini,beachlacesleevelessdres,cocktailskaterminidres,Lace,Cocktail,Summer,Dress,eveningcocktailskaterminidres,Mini dress,Women's Fashion,sleeveless,sexy,partyeveningcocktailskaterminidres,Women,womengirlsummersexyprintedflowerdres,mini dress sexy club wear,party,Beach",white,50,42,50,117487,4.087737367,4. Alto(10000),712,Branco,1. Baixo Impacto,None,0,FALSE,FALSE,FALSE,0,Standard Shipping,2. Barato,2. Normal,06. P (S),Vestido,"Algodão/Poliéster, Renda, Poliéster/Elastano, Poliéster, Algodão",FALSE,CN,retail_maior,8,FALSE
494,5a755aca35ca8610fb54bfc3,Boho Vintage Women Floral Printed Long Dress Sleeveless Summer Ruffle Casual Maxi Tunic Dresses Robes Vestidos,11,76,1000,1,4.1,364,212,61,38,20,33,"Sleeveless dress,ruffle,sundress,long dress,Dress,Women's Fashion,Summer,printed,Floral,tunic,Casual,Vintage dress,Women,Floral print,sexy dresses,Vintage,summer dress,boho,Women S Clothing,boho dress,sleeveless,casual dress",floral,50,40,50,6343,4.149140785,3. Médio(1000),820,Multicor/Estampado,4. Alto Impacto,None,1,TRUE,FALSE,FALSE,1,Standard Delivery,2. Barato,2. Normal,06. P (S),"Vestido, Túnica","Viscose/Poliéster, Algodão/Poliéster, Algodão/Viscose, Poliéster/Viscose, Poliéster, Poliéster/Elastano, Algodão, Algodão/Denim",FALSE,CN,retail_maior,591,TRUE
495,5cb14fc53632e85803d4e328,Women Two Pieces Floral Print Bikini Set High Waist Sport Shorts Swimsuit Bathing Suit,11,14,1000,0,3.93,651,333,114,97,39,68,"Women,Shorts,Floral print,two piece bathing suit,Print,Waist,high waisted,Women's Fashion,Swimsuit,push up swimwear,high waist,Bikini,Fashion,Sport,high waisted shorts,Floral,crop top,Suits,Sports Wear,Swimming",leopard,19,83,50,6383,4.279492402,3. Médio(1000),786,Multicor/Estampado,3. Médio Impacto,Scarcity,0,FALSE,FALSE,FALSE,0,Standard Delivery,2. Barato,2. Normal,06. P (S),"Biquíni, Shorts, Conjunto/Terno, Maiô/Biquíni, Moda Praia","Algodão/Poliéster, Nilon/Elastano, Poliéster/Viscose, Poliéster, Poliéster/Algodão, Algodão",TRUE,CN,retail_maior,27,FALSE
496,5b977f816c03331992548158,Summer Fashion Womens Vest Top Sleeveless Blouse Casual Tank Tops T-Shirt,5.69,5,5000,0,3.61,437,183,80,63,42,69,"blouse,Fashion,Pleated,Women's Fashion,tank top,T Shirts,backless,sleeveless tops,sexy,Casual,Women Fashion,Bottoming shirt",red,50,39,50,2114,4.227530747,4. Alto(10000),722,Vermelho,4. Alto Impacto,None,0,FALSE,FALSE,FALSE,0,Standard Delivery,2. Barato,2. Normal,07. M,"Blusa, Parte de Baixo, Camisa, Top, Camiseta, Regata","Poliéster/Elastano, Poliéster/Viscose, Algodão/Poliéster, Algodão",FALSE,CN,price_maior,-12,FALSE
497,5e9d34befcc85c593db92d5c,Women's Fashion Boho Long Dot Dress Long Dress High Silt Printed Beach Dress XS-5XL,12,11,100,1,3.28,40,10,11,8,2,9,"wavepointdre,Fashion,long dress,Beach,Dress,summer dress,beach dress,boho,Party Dress,boho dress,printed,Women's Fashion",black,50,38,50,7936,3.964591734,2. Baixo(100),656,Preto,4. Alto Impacto,None,0,FALSE,FALSE,FALSE,1,Standard Delivery,2. Barato,2. Normal,12. Plus Size (4XL),Vestido,"Algodão/Poliéster, Algodão/Viscose, Viscose/Poliéster, Poliéster, Poliéster/Elastano, Algodão",FALSE,CN,price_maior,-8,TRUE
499,552f840fcea30816e52aabcf,Fashion Women Back Deep V Sexy Backless Vest Tank Sleeveless Slim Tops womens Tshirt,7,13,50000,1,3.35,9075,2998,1514,1827,1136,1600,"Vest,womens top,Tank,Tops,slim,T Shirts,Womens T Shirts,Women's Fashion,Fashion,backless,sexy,sleeveless,womens vest,Women",gray,50,40,50,839882,4.103759814,6. Crítico(>20000),670,Cinzento,2. Baixo a Médio Impacto,None,0,FALSE,FALSE,FALSE,1,Standard Delivery,2. Barato,2. Normal,06. P (S),"Camisa, Camiseta, Top, Colete","Poliéster/Elastano, Algodão/Poliéster, Algodão/Elastano, Algodão",FALSE,nao_informado,retail_maior,86,TRUE
500,5c4a036b77c75a26fc78fb02,Women Sister Shirt Cute Cat Printed Couple Summer Tank Tops Vest  S-3XL,5.66,5,10000,1,4.29,2068,1245,418,247,68,90,"Summer,Vest,Fashion,Tank,Shirt,cute,Tops,women tank,Cats,Women's Fashion,printed,Women Fashion,Women",grey,50,138,50,2174765,4.35618791,4. Alto(10000),858,Cinzento,2. Baixo a Médio Impacto,None,1,FALSE,TRUE,FALSE,1,Standard Delivery,2. Barato,2. Normal,10. XG (2XL),"Camisa, Top","Algodão/Poliéster, Poliéster, Algodão",FALSE,CN,price_maior,-12,TRUE
501,569de6363e68eb0d85e0cded,Sexy Women Lace Bodycon Dress Skirt and Crop V-Neck Tops 2-Piece Party Clubwear,8,7,20000,0,3.39,2877,1046,453,522,289,567,"2pieceset,short dress,Skirts,Tops,slim,short sleeves,V-neck,bodycon,clubwear,Women's Fashion,party,croptopandskirt,sexy,Mini dress,Lace,Dress,Women",no_color_specified,50,47,50,402743,4.156715325,5. Muito Alto(20000),678,Não Informado,0. Não Informado,None,0,FALSE,FALSE,FALSE,0,Standard Delivery,2. Barato,2. Normal,06. P (S),"Vestido, Camiseta, Top","Algodão/Poliéster, Renda, Poliéster/Elastano, Poliéster, Algodão/Elastano, Algodão",FALSE,CN,price_maior,-12,FALSE
502,5cb3f6030aa3a43bd26d5af9,Women's Fashion Casual Summer Loose off shoulder Floral print Tops,5,5,10000,1,3.88,1109,555,182,172,81,119,"blouse,Summer,Fashion,off the shoulder top,Shirt,Tops,short sleeves,Print,Women's Fashion,shoulderdrape,Floral,Floral print,Casual,Women",pink,2,50,50,59903,4.153665092,4. Alto(10000),776,Rosa,3. Médio Impacto,None,0,FALSE,FALSE,FALSE,1,Standard Delivery,2. Barato,2. Normal,07. M,"Blusa, Camisa, Camiseta, Top","Poliéster/Viscose, Algodão/Poliéster, Poliéster, Algodão",FALSE,CN,iguais,0,TRUE
503,5b2b24dd7fc4eb3f593dac62,Women's Ruffled One Piece Swimsuit Solid Adjustable Strap Monokinis Bathing Suits Swimwear,14,13,5000,0,4.16,2082,1201,398,241,94,148,"Fashion,Swimming,ruffled,onepiece,One Piece Swimsuits,Womens swimwear,Swimwear,Bikini,beach volleyball swimwear,women bathing suit,monokini,Swimsuit,Swimming suit,swimming suit for women",black,50,31,50,5841,4.21777093,4. Alto(10000),832,Preto,4. Alto Impacto,None,0,FALSE,FALSE,FALSE,0,Standard Delivery,2. Barato,2. Normal,06. P (S),"Biquíni, Conjunto/Terno, Maiô/Biquíni, Moda Praia","Algodão/Poliéster, Nilon/Elastano, Poliéster, Poliéster/Algodão, Algodão",FALSE,CN,price_maior,-7,FALSE
504,5cc01186416a307424603aba,2019 Punk Style Women Skeleton Printed Premium Bodycon Slim Fit Soft Elasticity Black Summer Casual Shorts,6,47,1000,0,4.28,134,84,19,22,2,7,"Summer,Shorts,Skeleton,Casual pants,athleticshort,summer shorts,Women's Fashion,Hot pants,High Waist Pants,womenshortspant,black,printed,punk style,skeletonprinted,Women,slim,Casual,Slim Fit",multicolor,50,43,50,25914,3.862313807,3. Médio(1000),856,Multicor/Estampado,4. Alto Impacto,None,0,FALSE,FALSE,FALSE,0,Standard Delivery,2. Barato,2. Normal,06. P (S),"Calça, Shorts","Algodão/Poliéster, Poliéster, Algodão/Elastano, Algodão",FALSE,CN,retail_maior,683,FALSE
505,574eaac76283f860b772ba47,Women's stripes Lined up double up tankini top swimwear(plus size),8,7,10000,0,4.02,2694,1383,591,342,153,225,"Summer,Fashion,bikini set,Bottom,striped bikini,Swimwear,Swimsuit,beachwear for women,Stripes,monokini,Tankini Set,Swimming",navy blue,50,31,50,10258,4.243712225,4. Alto(10000),804,Azul,3. Médio Impacto,None,0,FALSE,FALSE,FALSE,0,Standard Delivery,2. Barato,2. Normal,06. P (S),"Biquíni, Parte de Baixo, Maiô/Biquíni, Moda Praia","Algodão/Poliéster, Nilon/Elastano, Algodão",FALSE,CN,price_maior,-12,FALSE
507,5cc40a4d1d09f56e4fafa12e,1PCS Swimwear Monokini Swimsuit Backless Bodysuit Women Swimsuit,11,21,1000,0,4.08,545,295,113,65,27,45,"bikinsuit,Fashion,Floral print,backlessswimsuit,Swimming,beach wear,Swimsuit,Halter Bikini,women swimwear,backless,Summer Fashion,monokini,Women,Women's Fashion,bikini suit,Swimwear",white,17,70,50,33303,3.981623277,3. Médio(1000),816,Branco,1. Baixo Impacto,Scarcity,0,FALSE,FALSE,FALSE,0,Standard Shipping,2. Barato,2. Normal,10. XG (2XL),"Moda Praia, Biquíni, Maiô/Biquíni","Poliéster/Elastano, Algodão/Poliéster, Nilon/Elastano, Poliéster/Viscose, Poliéster, Algodão",TRUE,CN,retail_maior,91,FALSE
508,5d8d8f2e0c400f2f97671e30,2019 New Fashion Women Loose Round Neck Dress Short Sleeve Solid Color Casual Dress,1.85,11,100,0,3.9,97,49,16,14,9,9,"Summer,Fashion,Necks,Sleeve,Dress,neck dress,short sleeves,Round neck,Women's Fashion,Shorts,Loose,Casual,Women",black,2,40,50,91631,3.837936943,2. Baixo(100),780,Preto,4. Alto Impacto,None,0,FALSE,FALSE,FALSE,0,Standard Delivery,2. Barato,2. Normal,04. PP (XXS),"Vestido, Camiseta, Shorts","Algodão/Poliéster, Algodão",FALSE,nao_informado,retail_maior,495,FALSE
509,57f70798531e39192c0db8e6,2019 Men's Summer Cool Jogging Shorts,9,8,5000,1,3.61,1926,740,405,345,164,272,"Summer,шортымужские,Fashion,compressionshort,menscasulshort,ShortsMen,Short pants,menssportspant,gymshort,Shorts,slimfitpant,printed,men's shorts",black,50,41,50,73271,3.954443095,4. Alto(10000),722,Preto,4. Alto Impacto,None,0,FALSE,FALSE,FALSE,1,Standard Delivery,2. Barato,2. Normal,10. XG (2XL),"Calça, Shorts","Algodão/Poliéster, Poliéster, Algodão/Elastano, Algodão",FALSE,CN,price_maior,-11,TRUE
510,5e142bd2ffb8db76f604cfc7,Summer Quick-Dry Ellesse Shorts Men Siwmwear Beach Shorts Swim Shorts Beach Wear Sports (9 Colors),8,56,10000,1,3.59,1285,469,286,252,94,184,"runningshort,Beach Shorts,ellessepant,beachpant,Bottom,sailboatshort,beach swimwear,Men's Fashion,Shorts,Summer,Men Shorts,men's shorts,Sport,Beach,ellesse,Men",black,50,36,50,1260,3.795238095,4. Alto(10000),718,Preto,4. Alto Impacto,None,0,FALSE,FALSE,FALSE,1,Standard Delivery,2. Barato,2. Normal,07. M,"Parte de Baixo, Shorts, Moda Praia","Algodão/Poliéster, Nilon/Elastano, Algodão",FALSE,CN,retail_maior,600,TRUE
511,587dc542c334b3508f79d68b,Women Fashion Sexy Sleeveless Knit Crop Tops,3,3,50000,0,3.81,11408,5065,2342,1964,890,1147,"corset top,Fashion,crop top,camisole,knittop,Tops,tank top,Women's Fashion,sexy,sleeveless,knit,fashionwomencroptop,Women",wine red,50,38,50,151249,4.04915735,6. Crítico(>20000),762,Vermelho,4. Alto Impacto,Scarcity,0,FALSE,FALSE,FALSE,0,Standard Delivery,2. Barato,2. Normal,06. P (S),"Camisete, Regata, Top","Algodão/Poliéster, Poliéster/Viscose, Poliéster/Elastano, Algodão",TRUE,CN,iguais,0,FALSE
512,594b8b92a8834639b6a09295,Womens Off Shoulder Casual Loose T-Shirt Tops Printed Summer Blouse Tops Shirt,6,17,5000,1,3.9,813,387,168,120,65,73,"women shirt Blouse,Summer,Fashion,Floral print,Off shoulder shirt,printed shirts,long sleeve shirt women,T Shirts,loose t-shirt,Women's Fashion,causalshirtwomen,floral shirt,sexy shirts for women,Shirt",white,50,38,50,22765,4.238172633,4. Alto(10000),780,Branco,1. Baixo Impacto,None,0,FALSE,FALSE,FALSE,1,Standard Delivery,2. Barato,2. Normal,05. P (XS),"Blusa, Camiseta, Camisa","Poliéster/Viscose, Algodão/Poliéster, Algodão, Poliéster/Elastano, Poliéster",FALSE,CN,retail_maior,183,TRUE
513,5ec899f21043f127b20955af,Women's Fashion Summer Clothes Beach Sleeveless Dresses Star Printed Loose V-neck Dress Casual Cotton Party Dress Ladies Fashion Plus Size Mini Dress XS-8XL,3.86,6,50,0,4,6,3,0,3,0,0,"Mini,Plus Size,halter dress,women dresses,plus size dress,Dress,casual dresses,V-neck,Mini dress,beach dress,Fashion,Summer,printed,sleeveless,Star,Casual,Clothes,Ladies Fashion,summer dress,Party Dress,Women's Fashion,Cotton Dress,Sleeveless dress,Ladies,party,Cotton,Beach,loose dress",white,4,20,50,4098,3.86090776,2. Baixo(100),800,Branco,1. Baixo Impacto,None,0,FALSE,FALSE,FALSE,0,Standard Delivery,2. Barato,2. Normal,05. P (XS),Vestido,"Algodão/Poliéster, Algodão/Viscose, Algodão, Viscose/Algodão, Poliéster/Elastano, Poliéster",FALSE,CN,retail_maior,55,FALSE
514,5ad714f9c4791873311ac156,New Women Slim Loose Outfits Crop Top Short  Sorts Drawstring Pants Casual  Running Jumpsuits Yoga Rompers,9,8,5000,0,4.03,827,445,159,103,45,75,"Shorts,Fashion,workoutampyoga,pants,slim,Short pants,Outfits,yogaromper,Women's Fashion,Set,runningjumpsuit,cropped top,Casual,jumpsuit",black,50,42,50,124563,4.193588786,4. Alto(10000),806,Preto,4. Alto Impacto,None,0,FALSE,FALSE,FALSE,0,Standard Delivery,2. Barato,2. Normal,06. P (S),"Macacão, Calça, Shorts","Algodão/Poliéster, Algodão/Elastano, Algodão, Nilon/Elastano",FALSE,CN,price_maior,-11,FALSE
516,5cc2c7e11f6e1263c6169d59,Mens Summer Cotton Breathable Solid Color Buttons T-Shirts Casual Slim Short Sleeve Shirt Tops,11,17,1000,0,3.62,462,189,89,74,41,69,"Summer,men's dress shirt,Fashion,Shirt,Sleeve,Men's Shirt,Tops,casualmensshirt,short sleeves,Shorts,Men's Fashion,slim,Men T-shirt,Men Tops,Short Sleeve T-Shirt,Beach,Casual,T Shirts,Cotton",mintgreen,50,36,50,5880,4.136394558,3. Médio(1000),724,Verde,3. Médio Impacto,Scarcity,0,FALSE,FALSE,FALSE,0,Standard Delivery,2. Barato,2. Normal,07. M,"Vestido, Camisa, Camiseta, Shorts, Top","Algodão/Poliéster, Algodão, Algodão/Elastano",TRUE,CN,retail_maior,55,FALSE
517,56ab07ee59a6820f0a29f468,Women Solid Color Elastic Waist Casual Shorts Plus Size Loose Summer Shorts,8,7,20000,1,3.95,9337,4487,1955,1532,658,705,"Women Pants,bowknot,Plus Size,Waist,chiffon,Summer,Shorts,summer shorts,Women's Fashion,widelegpant,women shorts,elastic waist,Elastic,Women,European Style,Casual,Women Clothing",black,50,38,50,40245,3.997589763,5. Muito Alto(20000),790,Preto,4. Alto Impacto,None,0,FALSE,FALSE,FALSE,1,Standard Delivery,2. Barato,2. Normal,10. XG (2XL),"Calça, Shorts","Algodão/Poliéster, Poliéster, Elastano, Algodão",FALSE,CN,price_maior,-12,TRUE
518,5b6021aee07ac6197df2d097,2018 Summer Women Sexy Off Shoulder Shirt Casual Half Sleeve Top Ladies Fashion Printing Loose T-shirts Plus Size Cotton Blouse XS-5XL,8,140,10000,1,4.17,1910,1141,329,212,88,140,"Summer,Plus Size,crop top,Cotton T Shirt,T Shirts,Fashion,off shoulder,Casual T-Shirt,sexy,Casual,Shirt,blouse,Cotton,Sexy Top,Sleeve,Tops,Womens Blouse,Women's Fashion,Printing t shirt,Ladies,loose t-shirt,Women,Ladies Fashion",blue,50,19,50,2050,4.167804878,4. Alto(10000),834,Azul,3. Médio Impacto,None,0,FALSE,FALSE,FALSE,1,Standard Delivery,2. Barato,2. Normal,06. P (S),"Blusa, Camiseta, Camisa, Top","Poliéster/Viscose, Algodão/Poliéster, Algodão, Poliéster/Elastano, Poliéster",FALSE,CN,retail_maior,1650,TRUE
519,5e9dad8cbc19c300417e1733,Summer mens cool sport suit Sports Wear Casual Jogging Suits Short Sleeve Outfit Sets,11,168,10,0,3.33,3,0,2,0,1,0,"Summer,Shorts,Sleeve,cool,Men,outdoorsuit,short sleeves,Outfits,Round neck,jogging,Suits,Sport,Casual,Clothes",white,3,33,50,47,3.914893617,1. Micro(10),666,Branco,1. Baixo Impacto,None,0,FALSE,FALSE,FALSE,0,Standard Delivery,2. Barato,2. Normal,06. P (S),"Camiseta, Shorts, Conjunto/Terno","Algodão/Poliéster, Poliéster/Algodão, Algodão",FALSE,CN,retail_maior,1427,FALSE
521,5eb4e78900cf4a1f5b5d0fe1,S-5XL Plus Size Summer Women's Fashion Jumpsuit Casual Loose Solid Tank Jumpsuit Long Suspender Overalls Bib Pants Rompers Wide Leg Pants,8,7,100,0,2,2,0,0,1,0,1,"Summer,Women Rompers,Plus Size,Tank,linenjumpsuit,women long pants,pants,Women's Fashion,Long pants,Jumpsuits & Rompers,Fashion,rompers womens jumpsuit,Wool,women Jumpsuit,Casual,jumpsuit",black,46,41,50,14676,4.07420278,2. Baixo(100),400,Preto,4. Alto Impacto,Scarcity,0,FALSE,FALSE,FALSE,0,Standard Delivery,2. Barato,2. Normal,04. PP (XXS),"Macacão, Calça, Conjunto/Terno","Algodão/Poliéster, Poliéster/Algodão, Algodão",TRUE,CN,price_maior,-12,FALSE
522,5e9587727e435f174603150e,Women Summer Fashion Sexy Party Dress Irregular Floral Print Backless Bodycon,2,8,50,0,3.88,8,5,1,0,0,2,"Summer,Fashion,Floral print,Dress,Formal Dresses,Print,Women's Fashion,Party Dress,backless,party,Floral,Party Dresses,sexy,Women",gray,1,40,50,7248,3.943018764,2. Baixo(100),776,Cinzento,2. Baixo a Médio Impacto,Scarcity,0,FALSE,FALSE,FALSE,0,Standard Delivery,2. Barato,2. Normal,04. PP (XXS),Vestido,"Poliéster/Elastano, Algodão/Poliéster, Poliéster/Viscose, Poliéster, Algodão",TRUE,CN,retail_maior,300,FALSE
523,5e4501ec336e3e324049e199,Women's Fashion Sports Shorts Gym Workout Yoga Fitness Elastic Waist Shorts Summer Shorts,5.66,5,100,1,3.41,27,8,8,4,1,6,"Summer,Beach Shorts,Yoga,Waist,Elastic,Fitness,Workout,summer shorts,Women's Fashion,yogashort,gymshort,women shorts,Shorts,elastic waist,Sport,Fashion,Sports Wear",black,50,48,50,1129,3.833480957,2. Baixo(100),682,Preto,4. Alto Impacto,None,0,FALSE,FALSE,FALSE,1,Standard Delivery,2. Barato,2. Normal,10. XG (2XL),Shorts,"Algodão/Poliéster, Elastano, Algodão, Nilon/Elastano",FALSE,CN,price_maior,-12,TRUE
524,5eb3a12911440f2634f0dbb3,Women's Fashion Casual Short Sleeved Tie-dyed Gradient Printing Round Neck T-Shirt Tunic Tops Loose Plus Size Summer Blouses,9,8,100,0,4.1,10,5,3,1,0,1,"blouse,tunics women,Fashion,tunic,Necks,t shirt printing,Round Collar,Tops,Loose,Ladies Top,Women's Fashion,Shorts,Round neck,gradient,T Shirts,Plus Size,Summer,Tops & T-Shirts,Short Sleeved,Casual,summertee",purple,10,26,50,4402,4.022944116,2. Baixo(100),820,Roxo,3. Médio Impacto,Scarcity,0,FALSE,FALSE,FALSE,0,Standard Delivery,2. Barato,2. Normal,05. P (XS),"Blusa, Camisa, Shorts, Camiseta, Top, Túnica","Poliéster/Viscose, Algodão/Poliéster, Poliéster, Algodão, Algodão/Viscose",TRUE,CN,price_maior,-11,FALSE
525,5caeb60f046e927ba20e27eb,V-neck Wrap Jumpsuit Slim Street Windbreaker 2019 Summer Tight Jumpsuit Women's Drawstring Jumpsuit Jumpsuit Shorts,8,9,100,1,4.08,61,38,6,8,2,7,"Summer,Shorts,clubwear,Sleeve,Long Sleeve,Slim Fit,V-neck,wrapjumpsuit,vneckjumpsuit,Women's Fashion,drawstring,Sport,slim,jumpsuit",red,2,39,50,1585,4.076971609,2. Baixo(100),816,Vermelho,4. Alto Impacto,None,0,FALSE,FALSE,FALSE,1,Standard Delivery,2. Barato,2. Normal,07. M,"Macacão, Shorts","Algodão/Poliéster, Algodão/Elastano, Algodão",FALSE,CN,retail_maior,12,TRUE
526,5c9f318958417d39264a7878,Casual Ladies Spaghetti Strap Tank Top Summer T Shirts Fashion Baggy Sleeveless Blouse Top Plus Size S-2XL,9,8,1000,0,3.78,282,127,47,58,20,30,"blouse,Summer,Vest,Fashion,Tank,Shirt,sleevelessblouse,Tops,Spaghetti Strap,Women's Fashion,tank top,baggy,Casual,T Shirts,Plus Size,Ladies,sleeveless,women top,Spaghetti,summer tops",red,15,43,50,16523,4.038733886,3. Médio(1000),756,Vermelho,4. Alto Impacto,None,0,FALSE,FALSE,FALSE,0,Standard Delivery,2. Barato,2. Normal,06. P (S),"Blusa, Camisa, Top, Camiseta, Regata","Poliéster/Viscose, Algodão/Poliéster, Poliéster/Elastano, Algodão",FALSE,CN,price_maior,-11,FALSE
527,5e9d28099fb1a6c87938eb06,Women Summer Fashion O-neck Sleeveless Stripes Printing Slim Fit Casual Cotton Tank Top,2.76,17,1000,1,4.33,49,28,13,5,2,1,"Cotton,Slim  Fitting,Tank,summer tank top,Tops,New arrival,tank top,Women's Fashion,tanktopforwomen,sleeveless tops,printtanktop,Women,Fashion,tops for women,Women Fashion,Slim Fit",green,3,43,50,11505,4.136723164,3. Médio(1000),866,Verde,3. Médio Impacto,None,1,FALSE,TRUE,FALSE,1,Standard Delivery,2. Barato,2. Normal,05. P (XS),"Top, Regata","Algodão, Algodão/Poliéster, Poliéster, Algodão/Elastano",FALSE,CN,retail_maior,516,TRUE
528,5e12c01191235958ecdd6285,Plus Size Summer Women Casual Sleeveless Rompers Jumpsuits Solid Color Suspender Ttrousers Loose Overalls,3.83,4,100,0,3.57,67,27,15,6,7,12,"Deep V-Neck,Summer,Plus Size,Spaghetti Strap,Overalls,Women's Fashion,sleeveless,Women,Casual,jumpsuit",lightred,1,38,50,5654,3.958790237,2. Baixo(100),714,Vermelho,4. Alto Impacto,None,0,FALSE,FALSE,FALSE,0,Standard Delivery,2. Barato,2. Normal,05. P (XS),"Macacão, Jardineira/Macacão","Algodão/Poliéster, Poliéster/Elastano, Denim, Algodão",FALSE,CN,retail_maior,4,FALSE
529,5adf04b7f3bcca2a870d2104,Women&#39;s Fashion Flannel Caroset Pleated Elastic High Waist Sexy Shorts (8 Colors),7,9,10000,1,4.47,1838,1253,351,139,42,53,"Shorts,Cotton,Waist,Sports & Outdoors,Pleated,yogashort,women shorts,Fashion,Elastic,sexy,Sport,high waist",black,50,43,50,8727,4.161796723,4. Alto(10000),894,Preto,4. Alto Impacto,Scarcity,1,FALSE,TRUE,FALSE,1,Standard Delivery,2. Barato,2. Normal,06. P (S),Shorts,"Algodão, Elastano, Algodão/Poliéster, Poliéster/Elastano, Nilon/Elastano",TRUE,CN,retail_maior,29,TRUE
530,5c3c203632a6a40bc2a9c5d9,5 Colors Women Fashion Sexy Backless Swimming Jumpsuits Slim Fit Spaghetti Strap Camouflage One Piece Swimsuit Bikini Beachwear Bathing Suit,6,43,1000,0,3.46,566,239,71,85,56,115,"bathing suit,Fashion,bikini set,slim,One Piece Swimsuits,Women's Fashion,Summer Fashion,sexy,Spaghetti,Women Fashion,Women,onepiece,Slim Fit,Swimwear,camouflage,Swimsuit,Bikini,backless,t,Suits,jumpsuit,women Jumpsuit,Swimming",Pink,15,43,50,36361,3.967520145,3. Médio(1000),692,Rosa,3. Médio Impacto,None,0,FALSE,FALSE,FALSE,0,Standard Delivery,2. Barato,2. Normal,07. M,"Biquíni, Macacão, Conjunto/Terno, Maiô/Biquíni, Moda Praia","Poliéster/Elastano, Algodão/Poliéster, Nilon/Elastano, Algodão/Elastano, Poliéster/Algodão, Algodão",FALSE,CN,retail_maior,617,FALSE
531,5d5a4895a5d03a4088690b06,2019 New Women Fashion Sexy Tank Bone Hand Pattern Print Spaghetti Strap Cotton Tank Tops Summer Women Casual Bodycon Slim Fit Sleeveless Beach Style Vest Plus Size S-5xl,8,21,100,0,4.06,36,20,6,5,2,3,"Summer,Vest,Spaghetti Strap,Tank,Fashion,Spaghetti,Tops,slim,Women's Fashion,Slim Fit,Plus Size,sexy,Print,sleeveless,Women,Beach,Casual,Women Fashion,Cotton",white,50,48,50,5781,4.27486594,2. Baixo(100),812,Branco,1. Baixo Impacto,None,1,FALSE,TRUE,FALSE,0,Standard Delivery,2. Barato,2. Normal,07. M,Top,"Algodão/Poliéster, Algodão, Poliéster, Poliéster/Elastano, Algodão/Elastano",FALSE,CN,retail_maior,162,FALSE
532,5e9544e52c07571a03ec85a8,2020 Women's Summer Fashion Spaghetti Strap Floral Print Tie Front Mini Dress Sexy Dress,8,9,1000,1,4.16,45,28,4,9,0,4,"Mini,spaghettistrapdresse,Floral print,Summer,womensfahsion,Spaghetti,Dress,summer dress,minidressforwomen,Mini dress,spaghettishoulderstrapdre,Women's Fashion,floralprinteddre,Sexy Dress,Print,sexy,Fashion,Floral",grey,50,42,50,21012,3.88516086,3. Médio(1000),832,Cinzento,2. Baixo a Médio Impacto,None,0,FALSE,FALSE,FALSE,1,Standard Delivery,2. Barato,2. Normal,06. P (S),Vestido,"Algodão/Poliéster, Poliéster/Viscose, Poliéster/Elastano, Poliéster, Algodão/Viscose, Algodão",FALSE,CN,retail_maior,12,TRUE
533,5edf07e70b313014b48a7450,Women Summer Shorts Lace Up Elastic Waistband Loose Thin Casual Pants Plus Size S-8XL,2.66,3,100,1,2.67,12,1,4,2,0,5,"Summer,Shorts,Lace,Casual pants,Bottom,pants,Loose,Women's Fashion,Plus Size,Lace Up,Elastic,Casual,Women",yellow,1,30,50,66644,4.137581778,2. Baixo(100),534,Laranja/Amarelo,3. Médio Impacto,Scarcity,0,FALSE,FALSE,FALSE,1,Standard Delivery,2. Barato,2. Normal,06. P (S),"Parte de Baixo, Calça, Shorts","Algodão/Poliéster, Elastano, Renda, Algodão",TRUE,CN,retail_maior,13,TRUE
534,5763e16461221c639c5ec734,Women Fashion Cocktail Party Evening Maxi Dress Chiffon Summer Beach Lace Gown,8,85,20000,0,3.37,5685,1813,1162,1071,609,1030,"Summer,Fashion,gowns,Vintage Dresses,Cocktail dresses,summerwomenladysleevelesschiffonflouncinglongsundressdressmaxidressloosedlongdres,chiffon dress,Dress,newsexyfulllongeveningdressbodyconsundressclubwearmaxibohodressessxl,Cocktail,vintagestylewomendressfloralhighwaisteveningpartyslimlongswingdres,Women's Fashion,fashionwomensdresseveningcocktaildresslongdressbandagesmlxl,party,long_maxi_dress,women dress,womensundres,Women,Beach,chiffon,Lace",multicolor,50,47,50,402743,4.156715325,5. Muito Alto(20000),674,Multicor/Estampado,4. Alto Impacto,None,0,FALSE,FALSE,FALSE,0,Standard Delivery,2. Barato,2. Normal,09. GG (XL),Vestido,"Poliéster/Elastano, Algodão/Poliéster, Poliéster, Poliéster/Viscose, Renda, Algodão/Elastano, Algodão, Algodão/Denim",FALSE,CN,retail_maior,962,FALSE
535,5da95c1665eaf90d411b3bd0,Women's Fashion Chiffon Shirt V-neck Long Sleeve Loose Tops Zipper T-Shirt,8,7,1000,1,3.55,120,47,21,20,15,17,"Plus Size,Shirt,Sleeve,Long Sleeve,Tops,Chiffon Shirt,Women's Fashion,V-neck,T Shirts,Women Clothing,chiffon,Fashion,Casual",skyblue,49,42,50,7348,4.137452368,3. Médio(1000),710,Azul,3. Médio Impacto,None,0,FALSE,FALSE,FALSE,1,Standard Delivery,2. Barato,2. Normal,05. P (XS),"Camisa, Camiseta, Top","Algodão/Poliéster, Poliéster, Algodão",FALSE,CN,price_maior,-12,TRUE
536,5a6f52aef718e05afa275acd,Women Lace See Through Sexy Lace up Low Waist Hollow Bikini Lingerie Set,3.67,9,5000,0,3.32,510,181,83,77,58,111,"Lace Up,lacelingerieset,Lace,lowwaistunderwear,hollowoutlingerie,Waist,florallingerie,halterlingerieset,Women's Fashion,Bikini,Lingerie,women lingerie,Lingerie Sets,sexy,sexy lace,Bikini Lingerie,Women,sexy lingerie,laceuplingerie",white,15,111,50,253249,4.070618245,4. Alto(10000),664,Branco,1. Baixo Impacto,Scarcity,0,FALSE,FALSE,FALSE,0,Standard Delivery,2. Barato,2. Normal,09. GG (XL),Biquíni,"Nilon/Elastano, Algodão/Poliéster, Poliéster/Viscose, Renda, Poliéster/Elastano, Algodão",TRUE,CN,retail_maior,145,FALSE
537,53c8f05046188e57778ac77c,S-XXL Summer Spring Fashion Women Elastic High Waist Lace Shorts  Short Hot Pants,12,81,20000,0,4.08,1799,960,346,285,97,111,"Shorts,Lace,pants,Dress,Women Leggings,Hot pants,Women's Fashion,Fashion,beachwear for women,sexy,Women,Skirts,Waist",white,50,38,50,151914,4.127921061,5. Muito Alto(20000),816,Branco,1. Baixo Impacto,None,0,FALSE,FALSE,FALSE,0,Standard Delivery,2. Barato,2. Normal,07. M,"Vestido, Calça, Shorts","Algodão/Poliéster, Renda, Poliéster/Elastano, Algodão",FALSE,CN,retail_maior,575,FALSE
538,5942193c9b78fd772abfc706,Slit Bohemia Maxi Long Dress Womens Printed Rose Boho Beach Shorts Party Evening,13,11,20000,1,4.06,4378,2301,939,572,248,318,"bohemia,Shorts,Deep V-neck Dress,long dress,Rose,Dress,boho,highsplitdre,Women's Fashion,flowerprinteddre,printed,party,Maxi Dresses,Beach,Casual",navyblue,50,43,50,44067,4.288492523,5. Muito Alto(20000),812,Azul,3. Médio Impacto,Scarcity,0,FALSE,FALSE,FALSE,1,Standard Delivery,2. Barato,2. Normal,06. P (S),"Vestido, Shorts","Algodão/Poliéster, Poliéster/Elastano, Viscose/Poliéster, Poliéster, Algodão",TRUE,CN,price_maior,-15,TRUE
539,5cd5116066c86729ee53cc1e,Two Piece Dress Women's Fashion Summer Sunflower Printed Beach Dress Casual Knotted Short Sleeve Tunic Tops Plus Size S-5XL,9,8,5000,1,3.89,740,361,137,117,53,72,"Summer,Fashion,Tunic dress,short sleeves,Floral dress,Mini dress,beach dress,short sleeve dress,printed,two piece dress,Party Dresses,Casual,Shorts,tunic,Sleeve,Sunflowers,Plus Size,summer dress,Women's Fashion,Dress,Beach,Tops",grey,2,26,50,24771,4.047959307,4. Alto(10000),778,Cinzento,2. Baixo a Médio Impacto,None,0,FALSE,FALSE,FALSE,1,Standard Delivery,2. Barato,2. Normal,05. P (XS),"Vestido, Camiseta, Shorts, Top, Túnica","Algodão/Poliéster, Algodão/Viscose, Poliéster/Viscose, Poliéster/Elastano, Poliéster, Algodão",FALSE,CN,price_maior,-11,TRUE
540,5eb8f74fad8d1085b5bac034,New Women Short Set Fashion Printed Short Sleeve T-shirt and Shorts Pants 2 Pcs Women Sports Yaga Suits 5 Colors,9,85,50,1,4.63,8,5,3,0,0,0,"Fashion,Yoga,Sleeve,pants,Shorts,T Shirts,summer t-shirts,short sleeves,Outfits,Women's Fashion,gymwear,printed,short sleeve shirt,Sport,Printed T Shirts,Sports Wear,Women",white,18,36,50,54,4.185185185,2. Baixo(100),926,Branco,1. Baixo Impacto,None,0,FALSE,FALSE,FALSE,1,Standard Delivery,2. Barato,2. Normal,05. P (XS),"Calça, Camisa, Camiseta, Shorts","Algodão/Poliéster, Poliéster, Algodão, Nilon/Elastano",FALSE,CN,retail_maior,844,TRUE
541,5e687ba49f25130c8ef07f36,Women's Elegant Sleeveless Stripe T Shirts Dress Party Dress Big Swing Long Round Neck Maxi Dress Summer Color-block Beach Long Dress Plus Size S-5XL,8,7,100,0,3.38,42,16,6,7,4,9,"Summer,Plus Size,Shirt,Elegant,long dress,Dress,Necks,Party Dress,Round neck,Women Skirts,Women's Fashion,Sleeveless dress,striped dress,Stripes,party,women dress,Party Dresses,Beach,loose dress,sleeveless,Causal Dress",yellow,50,14,50,198,3.838383838,2. Baixo(100),676,Laranja/Amarelo,3. Médio Impacto,None,0,FALSE,FALSE,FALSE,0,Standard Delivery,2. Barato,2. Normal,05. P (XS),"Vestido, Camisa","Algodão/Poliéster, Viscose/Poliéster, Viscose/Algodão, Poliéster, Poliéster/Elastano, Algodão/Viscose, Algodão",FALSE,CN,price_maior,-12,FALSE
542,5ad8a6fda7d4844b7e6d9e5e,Plus Size Women Floral Dress Spaghetti Strap Collect Waist A-line Summer Mini Dress,12,11,10000,0,4.14,3560,1950,776,428,184,222,"Mini,Plus Size,Print Dresses,Waist,Summer,Dress,Mini dress,Women's Fashion,vestido,Floral,Spaghetti,Women",navyblue,50,30,50,19521,3.984836842,4. Alto(10000),828,Azul,3. Médio Impacto,Scarcity,0,FALSE,FALSE,FALSE,0,Standard Delivery,2. Barato,2. Normal,06. P (S),Vestido,"Algodão/Poliéster, Poliéster/Viscose, Poliéster/Elastano, Poliéster, Algodão",TRUE,CN,price_maior,-8,FALSE
543,5e79a719493d722c8e4fcd4d,Summer Women Sexy Cropped Tops Fashion Sleeveless Push-up Vests Backless Solid Tank Tops S-2XL,5,75,100,1,3.8,15,7,3,2,1,2,"sexy bra,Fashion,crop top,Summer,backless top,Tops,vestcasual,tank top,tankcroptop,Women's Fashion,backless,sleeveless tops,sexy,Tank,cropped top,sleeveless,Women",black,50,43,50,17612,3.889677493,2. Baixo(100),760,Preto,4. Alto Impacto,Scarcity,0,FALSE,FALSE,FALSE,1,Standard Delivery,2. Barato,2. Normal,07. M,"Top, Regata","Poliéster/Elastano, Algodão/Poliéster, Algodão",TRUE,CN,retail_maior,1400,TRUE
544,5c932eafa1a838592a672364,Women Tops Tank Bandage Feather Print Sleeveless O-Neck Vest Summer Sport Tank Tops Casual Ladies Blouse T Shirt Plus Size,6,6,5000,0,4.27,901,528,197,105,32,39,"Summer,Vest,Blouses & Shirts,Women Blouse,Evening Dress,Mini dress,Ladies,beach dress,Fashion,chiffon blouse,sleeveless,Sport,Casual,Women,blouse,Plus Size,Tank,Shirt,Short Sleeve Blouses,Tops,summer dress,Women's Fashion,Print,women dress,feather",black,50,31,50,9486,4.176997681,4. Alto(10000),854,Preto,4. Alto Impacto,None,1,FALSE,TRUE,FALSE,0,Standard Delivery,2. Barato,2. Normal,05. P (XS),"Vestido, Blusa, Camisa, Top","Algodão/Poliéster, Algodão/Viscose, Poliéster/Viscose, Poliéster, Poliéster/Elastano, Algodão",FALSE,CN,iguais,0,FALSE
545,5c3c4a7f97fd8d386bae82f2,Fashion Women Sexy Dresses V Neck Backless Lace Dress Beach Dresses White Dress Plus Size S-5XL,14,12,1000,0,3.7,511,211,107,89,39,65,"summer dress,pleated dress,Lace,Beach,Plus Size,Lace Dress,backless dress,Women's Fashion,Necks,beach dress,Sleeveless dress,backless,wedding dress,Sexy Dress,sexy,white,Fashion,Dress,Women",yellow,29,27,50,47356,4.056888251,3. Médio(1000),740,Laranja/Amarelo,3. Médio Impacto,Scarcity,0,FALSE,FALSE,FALSE,0,Standard Delivery,2. Barato,2. Normal,06. P (S),Vestido,"Poliéster/Elastano, Algodão/Poliéster, Algodão/Viscose, Renda, Algodão",TRUE,CN,price_maior,-14,FALSE
546,5afbce54b0708d5b7ca09377,4 Colors Women Summer Fashion Sexy Lace Stitching Solid Color T-shirt Female Ladies Slim Fit Plus Size Blouse Tee Tops,8,7,5000,0,4.34,719,460,128,71,34,26,"blouse,Summer,Plus Size,Lace,Women Blouse,lace top,Tops,topsamptshirt,Ladies,T Shirts,solid color,Women's Fashion,Fashion,sexy lace,Women,Summer Fashion,sexy,women top,slim,Casual,Slim Fit",white,1,43,50,15348,4.013812875,4. Alto(10000),868,Branco,1. Baixo Impacto,Scarcity,0,FALSE,FALSE,FALSE,0,Standard Delivery,2. Barato,2. Normal,06. P (S),"Blusa, Top, Camisa, Camiseta","Poliéster/Viscose, Algodão/Poliéster, Renda, Renda/Poliéster, Poliéster/Elastano, Algodão/Elastano, Algodão",TRUE,CN,price_maior,-12,FALSE
547,5a925ede414de21cb29cba9e,Woman's Fashion Shirt short Sleeve Casual V-neck T-shirt Skirt Dress,8,59,20000,1,4.03,5929,3030,1257,884,326,432,"short sleeves,Fashion,Shirt,Sleeve,Bandage Dresses,Dress,Women's Fashion,V-neck,Pullovers,Casual,T Shirts,Shorts,women shirt,tank top,Skirts,summer shirt",white,15,42,50,15006,4.083566573,5. Muito Alto(20000),806,Branco,1. Baixo Impacto,None,0,FALSE,FALSE,FALSE,1,Standard Delivery,2. Barato,2. Normal,06. P (S),"Vestido, Pulôver, Camisa, Camiseta, Shorts, Regata","Algodão/Poliéster, Algodão",FALSE,CN,retail_maior,638,TRUE
548,56f640b461d6cf68cb5c5d83,Women Two Piece Set Print Wave Striped Sleeveless Tops+Short Skirts Excellent,8,7,20000,0,3.41,5781,1964,1029,1167,684,937,"chiffon dress,strapdres,Dress,summer dress,backless dress,waveprintdres,Sleeveless dress,mini skirt,Print,women dress,Striped,sexy skirt",no_color_specified,50,40,50,32923,4.209154694,5. Muito Alto(20000),682,Não Informado,0. Não Informado,None,0,FALSE,FALSE,FALSE,0,Standard Delivery,2. Barato,2. Normal,06. P (S),Vestido,"Poliéster/Elastano, Poliéster, Algodão/Poliéster, Algodão/Viscose, Algodão",FALSE,nao_informado,price_maior,-12,FALSE
549,5656be5c8f5f02126fd6babc,Pandolah Hot Women One Piece Bathing Suit Dotted Beachwear Push up Swimsuit Plus Size Swimwear Monokini M-3XL,18,16,20000,0,4.23,4421,2638,851,473,213,246,"push up swimwear,Plus Size,Vintage,onepiece,plus size bathing suits for women,sexy one piece bathing suit,One Piece Swimsuits,Swimwear,polkadottedbikini,women swimwear,Fashion,plus size monokini,Suits,Women,womenbeahcwear,Swimsuit,Women's Fashion,Swimming",black & white,50,10,50,18910,4.387414067,5. Muito Alto(20000),846,Multicor/Estampado,1. Baixo Impacto,None,0,FALSE,FALSE,FALSE,0,Standard Delivery,2. Barato,2. Normal,07. M,"Biquíni, Conjunto/Terno, Maiô/Biquíni, Moda Praia","Algodão/Poliéster, Nilon/Elastano, Poliéster/Elastano, Poliéster/Algodão, Algodão, Algodão/Denim",FALSE,CN,price_maior,-11,FALSE
550,5e9ff9f8627b2e2e6531fb85,Women Fashion Loose Casual Sleeveless Flower Print V Neck Summer Vest Camisole Casual Plus Size Loose Tank Tops,3.93,24,100,0,3.54,57,24,10,5,9,9,"Summer,Vest,Plus Size,Tank,camisole,Tops,Loose,tank top,Women's Fashion,Fashion,Flowers,Women,sleeveless,Print,flowerprint,women top,Casual,Necks",yellow,2,28,50,2399,4.213422259,2. Baixo(100),708,Laranja/Amarelo,3. Médio Impacto,None,0,FALSE,FALSE,FALSE,0,Standard Delivery,2. Barato,2. Normal,05. P (XS),"Camisete, Regata, Top","Algodão/Poliéster, Poliéster/Viscose, Poliéster, Algodão",FALSE,CN,retail_maior,511,FALSE
551,5e96a75c5ccddf1c40dfcb9d,Women's Casual Strap Off-Shoulder Tie-Dye Print T-Shirt Summer Fashion Holiday Shirt Beach Wear Top Blouse Long Sleeve Chiffon Blouse Bohemian Style Shirt Blouse Plus Size S-5XL,11,10,100,1,3.12,25,5,6,5,5,4,"Summer,Plus Size,chiffon,Women Blouse,Long Sleeve,print shirt,Women's Fashion,Fashion,off shoulder,chiffon blouse,Casual,Women Fashion,blouse,Shirt,Sleeve,loose top,summer shirt,sleeve chiffon,T Shirts,boho,bohemian,Tops & T-Shirts,Print,Holiday,Beach,Tops",orange,9,55,50,7076,3.968061051,2. Baixo(100),624,Laranja/Amarelo,3. Médio Impacto,Scarcity,0,FALSE,FALSE,FALSE,1,Standard Delivery,2. Barato,2. Normal,06. P (S),"Blusa, Camisa, Camiseta, Top","Algodão/Poliéster, Poliéster/Viscose, Poliéster, Algodão/Viscose, Poliéster/Elastano, Algodão",TRUE,CN,price_maior,-9,TRUE
553,5cd93efe5ea312479d7b1400,Womens Summer Bikini Tankini Off Shoulder Double Swimsuit Swimwear Bathing Suit Tankini,8,7,1000,0,4.37,578,367,122,50,15,24,"Summer,Bikinis Set,Womens Swimsuit,Bikini swimwear,women swimsuit,high waist bikini,high waisted bathing suits,Swimwear,Bikini,Suits,high waist swimsuit,two piece swimsuit,bandage bikini,women bathing suit,Swimsuit,Fashion,Swimming",yellow,50,31,50,17816,4.179445442,3. Médio(1000),874,Laranja/Amarelo,3. Médio Impacto,None,0,FALSE,FALSE,FALSE,0,Standard Delivery,2. Barato,2. Normal,05. P (XS),"Biquíni, Conjunto/Terno, Maiô/Biquíni, Moda Praia","Algodão/Poliéster, Nilon/Elastano, Poliéster/Algodão, Algodão",FALSE,CN,price_maior,-12,FALSE
554,5ed0b14ac170044ba20d1b17,Women's Fashion Faith Letter Print Tees Camisole Off Shoulder T-shirt Summer Ladies Plus Size Short Sleeve Blouse Top,11,59,100,1,4.33,3,2,0,1,0,0,"blouse,Tops & Tees,Plus Size,Sleeve,letter print,Summer,Tops,short sleeves,Shorts,Ladies,T Shirts,Fashion,off shoulder,Print,faith,Women's Fashion,Casual,Women Fashion",white,50,41,50,38258,3.955434158,2. Baixo(100),866,Branco,1. Baixo Impacto,None,0,FALSE,FALSE,FALSE,1,Standard Delivery,2. Barato,2. Normal,06. P (S),"Blusa, Camisa, Camiseta, Shorts, Top","Poliéster/Viscose, Algodão/Poliéster, Poliéster/Elastano, Poliéster, Algodão",FALSE,CN,retail_maior,436,TRUE
556,5f03643cc00703c46d6745f0,Women's Fashion Summer Dresses V Neck Backless Lace Dress Beach Dresses White Dress Plus Size XS-5XL Robe Femme,12,11,100,1,5,0,0,0,0,0,0,"Summer,Plus Size,partydressesforwomen,Lace,robefemme,Dress,Lace Dress,casualdressesforwomen,Women's Fashion,white dress,sexydressesforwoman,beach dress,Fashion,backless,plus size dress,summerdressesforwomen,sundressesforwomen,Robes,Beach,white,Necks",yellow,5,25,50,6,4.5,2. Baixo(100),1000,Laranja/Amarelo,3. Médio Impacto,None,0,FALSE,FALSE,FALSE,1,Standard Delivery,2. Barato,2. Normal,05. P (XS),"Vestido, Robe","Poliéster/Elastano, Algodão/Poliéster, Algodão/Viscose, Renda, Poliéster, Poliéster/Algodão, Algodão",FALSE,CN,price_maior,-8,TRUE
557,5db12c316a6f680a03dba43d,Summer Fashion Trousers Women Leggings Ripped Pants Slim Pants Army Green Tights Pants,11,10,100,1,3.56,71,29,10,15,6,11,"Summer,Leggings,Fashion,high waist,pants,slim,Women's Fashion,trousers,Green,Army,Women",armygreen,50,35,50,2782,4.069015097,2. Baixo(100),712,Verde,3. Médio Impacto,Scarcity,0,FALSE,FALSE,FALSE,1,Standard Delivery,2. Barato,2. Normal,12. Plus Size (4XL),Calça,"Algodão/Poliéster, Algodão/Elastano, Algodão",TRUE,CN,price_maior,-9,TRUE
558,5cbdabea787e5828c3059a6c,2019 Women's Fashion Hot Summer Fashion Flare Sleeve Plus Size T-shirt Off The Shoulder Cute Solid Color Top Long Sleeve Elastic Cuffs Waist Top,11,10,100,0,3.96,98,46,24,14,6,8,"Summer,Plus Size,Elastic,Sleeve,cute,Long Sleeve,solidcolorshirt,Tops,topsamptshirt,cuteshirt,Clothes for women,Women's Fashion,Fashion,long sleeve t shirt,Summer Fashion,loose t-shirt,T Shirts,Waist",coralred,50,42,50,5070,4.276725838,2. Baixo(100),792,Vermelho,4. Alto Impacto,None,0,FALSE,FALSE,FALSE,0,Standard Delivery,2. Barato,2. Normal,07. M,"Camisa, Camiseta, Top","Algodão/Poliéster, Algodão, Elastano",FALSE,CN,price_maior,-9,FALSE
559,5ed9af39e06ea614ef1afb59,Summer Women  Casual Loose Sling Dress V-neck Backless Dress Sleeveless Pockets Solid Color Maxi Dress Plus Size,3,3,50,0,4.25,4,3,0,0,1,0,"Sleeveless dress,dressesforwomen,Summer,long dress,Dress,summer dress,backless dress,Casual,Cotton Dress,Party Dress,sleeveless,prom dresses,loose dress,Women",orange,1,27,50,28,4.035714286,2. Baixo(100),850,Laranja/Amarelo,3. Médio Impacto,Scarcity,0,FALSE,FALSE,FALSE,0,Standard Delivery,2. Barato,2. Normal,05. P (XS),Vestido,"Poliéster/Elastano, Algodão/Poliéster, Algodão, Viscose/Poliéster, Viscose/Algodão, Poliéster, Algodão/Viscose",TRUE,CN,iguais,0,FALSE
560,5d7886997bf8ef73a437287a,New Fashion Mens Summer Pants Slacks Shorts Sport Sweatpants Trousers Jogging Hose,5,8,5000,1,3.51,747,270,138,157,64,118,"Summer,Shorts,Casual pants,pants,harem pants,Men's Fashion,Fashion,Men's pants,men's shorts,Sport,Striped,trousers",grey,1,40,50,5019,4.069535764,4. Alto(10000),702,Cinzento,2. Baixo a Médio Impacto,Scarcity,0,FALSE,FALSE,FALSE,1,Standard Delivery,2. Barato,2. Normal,05. P (XS),"Calça, Shorts","Algodão/Poliéster, Algodão",TRUE,CN,retail_maior,60,TRUE
561,5eb24e953a4167257cc30700,Women's Fashion Summer Country Girl Print Sleeveless Tank Top Ladies Skull Print Plus Size Tops Vest,9,43,1000,0,4.74,47,40,3,3,1,0,"Summer,Vest,Plus Size,Tank,skull,Women Blouse,Tops,womens top,tank top,Ladies,Women's Fashion,tanktopforwomen,T-Shirt womens,Tops & T-Shirts,sleeveless,Print,Casual Tops,Fashion",green,50,41,50,4773,4.002933166,3. Médio(1000),948,Verde,3. Médio Impacto,Scarcity,0,FALSE,FALSE,FALSE,0,Standard Delivery,2. Barato,2. Normal,06. P (S),"Blusa, Top, Camisa, Regata","Poliéster/Viscose, Algodão/Poliéster, Poliéster, Algodão",TRUE,CN,retail_maior,378,FALSE
562,5e06d16908979a191fe33031,Classic Women Backless Lace Hollow Out Halter Neck Mini Evening Party Dress,8,7,1000,0,3.61,233,91,57,28,17,40,"Mini,halter dress,Necks,Cocktail dresses,Classics,Halter,Dress,Lace Dress,backless dress,Mini dress,Women's Fashion,Party Dress,prom dress,party,women dress,summer dresses,Women,Lace,backless,casual dress",pink,1,26,50,32858,3.885537769,3. Médio(1000),722,Rosa,3. Médio Impacto,Scarcity,0,FALSE,FALSE,FALSE,0,Standard Delivery,2. Barato,2. Normal,05. P (XS),Vestido,"Poliéster/Elastano, Algodão/Poliéster, Algodão/Viscose, Renda, Poliéster, Algodão",TRUE,CN,price_maior,-12,FALSE
563,5578fe96893ec31c0ad635e6,Women Summer Casual Dress Colorful Mini Dress Spaghetti Strap Chiffon Dress,9,8,20000,1,3.88,6360,3029,1251,982,455,643,"contrastcolordres,Mini,Colorful,chiffon,Summer,beachdresse,Spaghetti,Dress,Spaghetti Strap,Mini dress,Casual,chiffon dress,Women's Fashion,summer dresses,sleeveless,chiffomdresse,women summer dress,loose dress,Women",multicolor,50,39,50,40616,4.098557219,5. Muito Alto(20000),776,Multicor/Estampado,4. Alto Impacto,Scarcity,0,FALSE,FALSE,FALSE,1,Standard Delivery,2. Barato,2. Normal,05. P (XS),Vestido,"Algodão/Poliéster, Poliéster, Viscose/Algodão, Poliéster/Elastano, Algodão/Viscose, Algodão",TRUE,CN,price_maior,-11,TRUE
564,5809ab4aa964b43cbe7b19ef,High Quality Plus Size 6XL 2016 Fashion Black Cotton Sleeveless Casual Sexy Cross-Back Shift Dress Women Summer Dresses,11,10,20000,0,3.73,8609,3624,1733,1531,761,960,"Summer,Women's Casual Tops,V-neck,loose t-shirt,Women's Fashion,Sleeveless dress,black,chiffon blouse,crisscrossbackdre,t-shirt dress,women dress,sexy,Women,Casual,sleeveless,Cotton",black,50,41,50,32394,3.924677409,5. Muito Alto(20000),746,Preto,4. Alto Impacto,None,0,FALSE,FALSE,FALSE,0,Standard Delivery,2. Barato,2. Normal,06. P (S),"Blusa, Top, Vestido, Camiseta, Camisa","Algodão/Poliéster, Poliéster/Viscose, Poliéster, Algodão, Poliéster/Elastano, Algodão/Viscose",FALSE,CN,price_maior,-9,FALSE
565,591c1155b9317f274dbaac86,Floral Print Women Dress Short Sleeve Chiffon Long Dress  Women Maxi BOHO Summer Long Evening Party Dress Beach Dress Sundress,11,84,20000,0,3.53,3572,1328,706,611,377,550,"womenbohemiandre,Summer,chiffon,elegantwomendre,Dress,short sleeves,bohoclothing,beach dress,Party Dress,Floral,Party Dresses,Women,Shorts,Floral print,hippie,Sleeve,knee length dress,Beach,summer dress,sleeve chiffon,Women's Fashion,long dress,boho,Print,party,sexywomendre,fashionsundre",brown,50,60,50,11965,4.017133305,5. Muito Alto(20000),706,Tons Neutros,2. Baixo a Médio Impacto,Scarcity,0,FALSE,FALSE,FALSE,0,Standard Delivery,2. Barato,2. Normal,05. P (XS),"Vestido, Camiseta, Shorts","Algodão/Poliéster, Algodão/Viscose, Poliéster, Poliéster/Viscose, Viscose/Poliéster, Poliéster/Elastano, Algodão",TRUE,CN,retail_maior,664,FALSE
566,5b04d636306ac3182e2481f9,Womens Summer Casual Splicing Drawstring Shorts High Waist Camouflage Printed Short Pants Femele Trousers,7,6,10000,0,4.34,3079,1891,631,367,99,91,"Splicing,Shorts,high waist,drawstringshort,Summer,pants,Short pants,camouflage,t,womens clothes,trousersforwomen,trousers,printed,shortsforwomen,Casual,Waist",camouflage,41,37,50,9661,4.293240865,4. Alto(10000),868,Multicor/Estampado,4. Alto Impacto,None,1,FALSE,TRUE,FALSE,0,Standard Delivery,2. Barato,2. Normal,07. M,"Calça, Shorts","Algodão/Poliéster, Poliéster, Algodão",FALSE,CN,price_maior,-14,FALSE
567,5ecb610b60d793319e3a06a0,Plus Size Fashion Tops Summer Clothes Women's Casual Short Sleeve Shirts Loose Lace Stitching Blouses Ladies O-neck Solid Color Pleated Cotton T-shirts XS-8XL,3.93,4,100,1,4.4,10,7,2,0,0,1,"Tops & Tees,Plus Size,Cotton T Shirt,Summer,Pleated,short sleeves,Women's Fashion,Fashion,Casual Tops,short sleeve shirt,summer tops,Lace,blouse,Shorts,Cotton,Shirt,Sleeve,lace top,Tops,T Shirts,Casual,Tops & T-Shirts,Ladies,loose t-shirt,women top,Clothes",navyblue,11,20,50,3791,3.918754946,2. Baixo(100),880,Azul,3. Médio Impacto,Scarcity,0,FALSE,FALSE,FALSE,1,Standard Delivery,2. Barato,2. Normal,05. P (XS),"Blusa, Top, Camiseta, Camisa, Shorts","Poliéster/Viscose, Algodão/Poliéster, Algodão, Renda, Renda/Poliéster",TRUE,SG,retail_maior,2,TRUE
568,5cc7b4c98b94871ee33b33b6,New Fashion Women's Summer Drawstring Pants  Loose Casual Shorts Elastic Waistband Lacing Short Pants,7,6,100,1,3.67,18,7,3,5,1,2,"drawstringpant,Summer,Shorts,Bottom,pants,Loose,Short pants,Women's Fashion,Plus Size,Fashion,Casual,Women",khaki,44,23,50,12309,4.045170201,2. Baixo(100),734,Tons Neutros,2. Baixo a Médio Impacto,Scarcity,0,FALSE,FALSE,FALSE,1,Standard Delivery,2. Barato,2. Normal,07. M,"Parte de Baixo, Calça, Shorts","Algodão/Poliéster, Algodão",TRUE,CN,price_maior,-14,TRUE
569,5ecb7e7bdc30f61965688c68,Summer Women Sling Dress V-neck Floral Pleated Strap Casual Pocket Large Dress,8,7,100,0,4,13,5,5,1,2,0,"Summer,Sling,Dresses,Dress,V-neck,Casual,Pocket,Women's Fashion,Sleeveless dress,women dress,Floral,sleeveless,Women,loose dress,Pleated,casual dress",white & green,5,23,50,129,3.790697674,2. Baixo(100),800,Multicor/Estampado,1. Baixo Impacto,None,0,FALSE,FALSE,FALSE,0,Standard Delivery,2. Barato,2. Normal,05. P (XS),Vestido,"Algodão/Poliéster, Algodão/Viscose, Poliéster/Viscose, Viscose/Algodão, Algodão",FALSE,CN,price_maior,-12,FALSE
571,5eb252858a2fcf27fbd81ece,Fabric Waist Trainer Vest Hot Shaper Summer Shaperwear Slimming Adjustable Sweat Belt Body Shaper,3.7,9,10,0,2.25,4,0,0,2,1,1,"Summer,wasitcincher,Fashion,waistgirdle,slimmingcorset,Corset,Fashion Accessory,Beauty,Health & Beauty,Waist,Vest,slimming,belt",black,2,35,50,72,3.777777778,1. Micro(10),450,Preto,4. Alto Impacto,Scarcity,0,FALSE,FALSE,FALSE,0,Standard Delivery,2. Barato,2. Normal,10. XG (2XL),Não Especificado,"Algodão/Poliéster, Algodão/Elastano, Algodão",TRUE,CN,retail_maior,143,FALSE
573,5c72abadba08b264e3aebb9a,Women Ladies Fashion Wide Strap Polka Dot Swimdress and Short Swimwear Swimsuit Bathing Suit Tankini Bikini Plus Size,8,7,1000,0,4.11,439,252,76,55,19,37,"Women,Shorts,bikini set,Ladies Fashion,polka dot,Polkas,Swimwear,Swimsuit,Swimdresses,Tankinis,Bikini,Plus Size,Fashion,Suits,Ladies,Women's Fashion,Wool,Tankini Set,Swimming",red,50,31,50,14298,4.260595888,3. Médio(1000),822,Vermelho,4. Alto Impacto,None,0,FALSE,FALSE,FALSE,0,Standard Delivery,2. Barato,2. Normal,05. P (XS),"Biquíni, Vestido, Shorts, Conjunto/Terno, Maiô/Biquíni, Moda Praia","Nilon/Elastano, Algodão/Poliéster, Poliéster, Poliéster/Algodão, Algodão",FALSE,CN,price_maior,-12,FALSE
574,5e8dfd148e760f97b76f09a5,Summer Fashion Trousers Women Leggings Ripped Pants Slim Pants Army Green Tights Pants,3.94,8,100,0,3.9,21,10,5,2,2,2,"Summer,Leggings,Fashion,high waist,pants,slim,Women's Fashion,trousers,Green,Army,Women",armygreen,1,39,50,189,4.068783069,2. Baixo(100),780,Verde,3. Médio Impacto,Scarcity,0,FALSE,FALSE,FALSE,0,Standard Delivery,2. Barato,2. Normal,04. PP (XXS),Calça,"Algodão/Poliéster, Algodão/Elastano, Algodão",TRUE,CN,retail_maior,103,FALSE
575,5ce21d4c033389325d443022,Women Summer Fashion Hollow Out Beach Coat Deep V-Neck Lace Dresses Bikini Blouse Sun Protection Clothing,15,13,1000,0,4.41,277,177,58,28,6,8,"blouse,Deep V-Neck,Fashion,Lace,bikiniblouse,Summer,hollowoutbikini,Coat,Dress,Bikini,V-neck,beachcoat,Women's Fashion,Women,summer dresses,Clothing,Beach,Skirts,knitskirt",white,50,32,50,1038,4.25433526,3. Médio(1000),882,Branco,1. Baixo Impacto,None,1,FALSE,TRUE,FALSE,0,Standard Shipping,2. Barato,2. Normal,05. P (XS),"Biquíni, Blusa, Casaco, Vestido","Algodão/Poliéster, Nilon/Elastano, Poliéster/Viscose, Poliéster/Algodão, Poliéster/Elastano, Renda, Algodão/Viscose, Algodão",FALSE,CN,price_maior,-13,FALSE
576,5d4fb2a715168b6ba86ad354,Summer Women Round Neck Dress Casual Sleeveless Dress Floral Printed Dress Slim Flower Dress,5,5,1000,1,3.74,149,63,33,23,11,19,"Summer,dress slim,Fashion,neck dress,Necks,Dress,slim,Round neck,Women's Fashion,Sleeveless dress,Flowers,Floral,sleeveless,printed,Casual,Women",black & green,7,36,50,55499,4.138885385,3. Médio(1000),748,Multicor/Estampado,3. Médio Impacto,None,0,FALSE,FALSE,FALSE,1,Standard Delivery,2. Barato,2. Normal,07. M,Vestido,"Algodão/Poliéster, Poliéster/Viscose, Poliéster, Algodão/Viscose, Algodão/Elastano, Algodão",FALSE,CN,iguais,0,TRUE
578,5e8ebf2eac17f043654c58d7,Summer Men Fashion Short Pants Beach Casual Shorts Loose Men Pants Cargo Shorts Plus Size S-5XL,4.67,4,100,1,2.88,82,18,11,21,7,25,"Summer,Shorts,pants,Beach,Plus Size,beachpant,Short pants,pantsformen,Men's Fashion,trousers,Men's pants,Men Shorts,mens Trousers,Fashion,Casual,Men",lakeblue,5,25,50,7497,4.079365079,2. Baixo(100),576,Azul,3. Médio Impacto,None,0,FALSE,FALSE,FALSE,1,Standard Delivery,2. Barato,2. Normal,05. P (XS),"Calça, Shorts","Algodão/Poliéster, Algodão",FALSE,CN,price_maior,-14,TRUE
579,5d67944867b2c57d6f358338,Women Loose Demin Short Sleeve Mini Dress Sexy V Neck Summer Casual Sundress,11,10,100,0,3.29,49,15,8,12,4,10,"Mini,Summer,Denim,denimjeansdres,short sleeves,casual dresses,Women's Fashion,sexy,Lines,Mini dress,mididre,Women,Shorts,Necks,Sleeve,summer dress,Casual,minishirtdres,Jeans,Dress",blue,50,80,50,168,3.732142857,2. Baixo(100),658,Azul,3. Médio Impacto,None,0,FALSE,FALSE,FALSE,0,Standard Delivery,2. Barato,2. Normal,07. M,"Vestido, Jeans, Camisa, Camiseta, Shorts","Algodão/Poliéster, Algodão/Viscose, Denim, Poliéster/Elastano, Algodão",FALSE,CN,price_maior,-9,FALSE
580,5d0097b7e372cc63e0376a4c,Women's Summer Casual Short Sleeve Plus Size Oversized T-shirt Dress Solid Color Loose Slit Hem Long Linen Blouses Side Slit Beach Wear Party Dress,5.9,5,5000,0,3.26,531,171,92,91,58,119,"blouse,Summer,Plus Size,Tops & Blouses,Sleeve,Women's Fashion,Dress,summer dress,short sleeves,Shorts,Casual,beach dress,Party Dress,longblouse,party,women dress,linen dress,Beach,loose dress,T Shirts,casual dress",white,9,20,50,7069,4.055029,4. Alto(10000),652,Branco,1. Baixo Impacto,None,0,FALSE,FALSE,FALSE,0,Standard Delivery,2. Barato,2. Normal,05. P (XS),"Vestido, Blusa, Camisa, Camiseta, Shorts, Top","Algodão/Poliéster, Algodão/Viscose, Poliéster/Viscose, Viscose/Algodão, Poliéster, Poliéster/Elastano, Algodão",FALSE,CN,price_maior,-15,FALSE
583,5b21200c62ecd114b51a00f4,COMENII Women Summer Tunics T-shirt Dresses Fold Casual Loose Swing Flare Short Sleeves Dress Beach Dress Sexy O-neck Plus Size Tank Tops Dress Pocket Dress Ruffles Party Mini Dress Ladies Fashion Solid Color Pleated Cotton Dress 4XL 5XL 6XL,9,8,5000,0,3.65,878,381,145,144,83,125,"Summer,short sleeve dress,Mini,Pleated,tank top,t-shirt dress,beach dress,Fashion,pocketsdres,summer dresses,Casual,Cotton,Ladies Fashion,Tops,Ladies,women dress,Women,Beach,Plus Size,ruffle,Dress,Mini dress,Pocket,Women's Fashion,party,sexy,casual dress,Shorts,Tank,Sleeve,T Shirts,Cotton Dress,loose dress",grey,48,20,50,3915,3.986206897,4. Alto(10000),730,Cinzento,2. Baixo a Médio Impacto,Scarcity,0,FALSE,FALSE,FALSE,0,Standard Delivery,2. Barato,2. Normal,06. P (S),"Vestido, Camisa, Shorts, Camiseta, Regata, Top","Algodão/Poliéster, Algodão/Viscose, Algodão, Viscose/Algodão, Poliéster/Elastano, Poliéster",TRUE,CN,price_maior,-11,FALSE
584,5de220d892bf939443e0eaf6,2020 New Fashion Women Sunflower Criss Cross Bikini Set,16,18,100,0,3.88,69,33,15,10,2,9,"Summer,2piecebathingsuit,Sunflowers,bathing suit,Women Set,sunflowerbathingsuit,Cross,Bikini,Women's Fashion,Fashion,BikiniWomen,womenswimsit,Women,Beach,Bras,String Bikini",yellow,50,41,50,37753,3.828569915,2. Baixo(100),776,Laranja/Amarelo,3. Médio Impacto,None,0,FALSE,FALSE,FALSE,0,Standard Shipping,2. Barato,2. Normal,07. M,"Biquíni, Sutiã","Algodão/Poliéster, Nilon/Elastano, Algodão",FALSE,CN,retail_maior,12,FALSE
585,5c89b88e9a4d0e31e7532778,Portable Insulated Cooler Food Bag for Beach Camping Picnic Mesh Bags Cooler Tote Waterproof Storage Bags,6,6,10000,0,4.34,1669,1032,341,185,57,54,"insulatedcooler,Outdoor,Picnic,camping,Totes,Waterproof,Storage,Bags,Women's Fashion,Shopping Bag,Handbags,Beach",green,50,49,50,2736,4.323830409,4. Alto(10000),868,Verde,3. Médio Impacto,None,0,FALSE,FALSE,FALSE,0,Standard Delivery,2. Barato,2. Normal,00. Não Informado,Não Especificado,"Algodão/Poliéster, Algodão",FALSE,CN,iguais,0,FALSE
586,59636dbdc657d57012e8b3f3,Beach Casual V-neck Fashion Sleeveless Zipper Slim Woman's Jumpsuit Romper,16,26,1000,0,3.67,450,184,85,85,42,54,"Women Rompers,Fashion,Beach,slim,Jumpsuits & Rompers,V-neck,Casual,Women's Fashion,sleeveless,Women's Jumpsuits,sexy,sexy jumpsuit,jumpsuit,zippers,Rompers,Women",no_color_specified,11,28,50,12322,4.237542607,3. Médio(1000),734,Não Informado,0. Não Informado,None,1,TRUE,FALSE,FALSE,0,Standard Delivery,2. Barato,2. Normal,06. P (S),"Macacão, Conjunto/Terno","Algodão/Poliéster, Poliéster/Elastano, Algodão/Elastano, Poliéster/Algodão, Algodão, Metal/Plástico",FALSE,CN,retail_maior,62,FALSE
587,5e54d231288c854858653a3c,XS-6XL New Women's Fashion Summer O-Neck Sleeveless Tank Dress Casual Solid Color Pockets Strap Dress Cotton Linen Off Shoulder Beach Skirt Plus Size Loose A-Line Dresses Ladies Fashion Mini Dress Sundress,3.76,4,1000,0,3.34,95,33,17,15,9,21,"Mini,Summer,Fashion,sundress,plus size dress,Dress,Mini dress,Women's Fashion,Party Dress,sleeveless,Skirts,Casual,casual dress,Tank,Ladies Fashion,Plus Size,summer dress,Sleeveless dress,fashion dress,Ladies,women dress,Cotton,Beach,loose dress",orange,3,22,50,3804,4.109621451,3. Médio(1000),668,Laranja/Amarelo,3. Médio Impacto,None,0,FALSE,FALSE,FALSE,0,Standard Delivery,2. Barato,2. Normal,05. P (XS),Vestido,"Algodão/Poliéster, Algodão/Viscose, Algodão, Poliéster/Viscose, Viscose/Algodão, Poliéster/Elastano, Poliéster",FALSE,CN,retail_maior,6,FALSE
588,5ac302716931da0d71398f53,Women Free Size Summer U-neck Backless Sleeveless Halter Top Lace Crop Tops,8,30,1000,1,4.01,270,141,55,32,20,22,"halter top,Summer,neckcroptop,crop top,croptopsforgirl,Women,Tops,slim,black crop top,sleeveless crop top,Women's Fashion,croptopsforwomen,white crop top,sexy,Tank,printed,lace crop top,backless halter top,Lace",no_color_specified,50,57,50,2212,4.209312839,3. Médio(1000),802,Não Informado,0. Não Informado,Scarcity,0,FALSE,FALSE,FALSE,1,Standard Delivery,2. Barato,2. Normal,15. Calçados / Numerações,Top,"Poliéster/Elastano, Algodão/Poliéster, Renda, Poliéster, Algodão/Elastano, Algodão",TRUE,CN,retail_maior,275,TRUE
589,5eaa6e36fa62c322bb57f78d,S-5XL Women's Fashion Summer Autumn Casual Rompers Long Suspender Overalls Bib Pants Loose Solid Colors Tank Jumpsuits,11,10,100,1,3.13,45,11,11,7,5,11,"Summer,Women Rompers,trousers,Tank,Fashion,Long pants,Spring,pants,Women's Fashion,Cargo pants,harem pants,Jumpsuits & Rompers,overallsforwomen,bibpant,Ladies,Wool,women Jumpsuit,Casual,jumpsuit",blue,1,26,50,364,3.381868132,2. Baixo(100),626,Azul,3. Médio Impacto,Scarcity,0,FALSE,FALSE,FALSE,1,Standard Delivery,2. Barato,2. Normal,05. P (XS),"Macacão, Jardineira/Macacão, Calça, Conjunto/Terno","Algodão/Poliéster, Denim, Poliéster/Algodão, Algodão",TRUE,CN,price_maior,-9,TRUE
590,5ed49e6cbddbc879074ce8db,S-5XL Women's Summer Causal Shorts Drawstring Short Pants Loose Short Pants,8,7,100,1,3.33,3,1,1,0,0,1,"Summer,Shorts,pants,Home & Living,Loose,Short pants,Running,women shorts,Plus Size,drawstring,Sport,Causal",darkblue,50,40,50,619,4.368336026,2. Baixo(100),666,Azul,3. Médio Impacto,Scarcity,0,FALSE,FALSE,FALSE,1,Standard Delivery,2. Barato,2. Normal,06. P (S),"Calça, Shorts","Algodão/Poliéster, Algodão",TRUE,CN,price_maior,-12,TRUE
591,5c19e627b5d6eb585a98b1e7,New Women Fashion Solid Color Denin Shot Pants Summer Casual Skinny Slim Fit Sexy Shorts Jeans,12,11,1000,0,4.05,614,339,114,70,34,57,"Summer,Shorts,pants,Short pants,Slim Fit,summer shorts,skinny jeans,Women's Fashion,Fashion,short-s jeans,sexy,solid color,Denim pants,Jeans,slim,Casual,Women",black,50,42,50,45151,4.032956081,3. Médio(1000),810,Preto,4. Alto Impacto,None,0,FALSE,FALSE,FALSE,0,Standard Delivery,2. Barato,2. Normal,06. P (S),"Jeans, Calça, Shorts","Algodão/Poliéster, Denim, Poliéster/Elastano, Algodão/Elastano, Algodão",FALSE,CN,price_maior,-8,FALSE
592,5d10313c6903be601a68191d,New Women Fashion Short Sleeve Shirt Yoga Top Summer Oversize Tee Top Female Girl Casual Graphic Top Round Neck Boho Tee Shirt,8,9,5000,1,4.07,775,411,158,102,56,48,"Summer,Fashion,Graphic Shirt,topsamptshirt,short sleeves,yogateeshirt,Cool T-Shirts,comfyshirt,bohostyle,yoga top,short sleeve shirt,Casual,Women,Shorts,Yoga,Shirt,Sleeve,Tops,Necks,Women's Fashion,Round neck,boho,women tank top,women t shirt",blue,50,43,50,42919,4.105967054,4. Alto(10000),814,Azul,3. Médio Impacto,Scarcity,0,FALSE,FALSE,FALSE,1,Standard Delivery,2. Barato,2. Normal,06. P (S),"Camiseta, Camisa, Shorts, Regata, Top","Algodão/Poliéster, Algodão, Nilon/Elastano",TRUE,CN,retail_maior,12,TRUE
593,5ea7a6f6191e142dee990e0f,2020 Summer Sexy Women Tie Dye Print Short Sleeve T Shirt O-neck Gradient Color Tee Shirt Femme Streetwear,11,10,100,1,3.32,28,11,3,3,6,5,"gradientcolor,Summer,Shorts,Shirt,Sleeve,tiedyetshirt,Tops,short sleeves,Women's Fashion,Fashion,Tie Dye,Dyes,Print,sexy,Printed T Shirts,Casual,T Shirts,Women",blue,50,18,50,1151,4.324934839,2. Baixo(100),664,Azul,3. Médio Impacto,None,0,FALSE,FALSE,FALSE,1,Standard Delivery,2. Barato,2. Normal,06. P (S),"Camisa, Camiseta, Shorts, Top","Algodão/Poliéster, Poliéster, Poliéster/Elastano, Algodão",FALSE,CN,price_maior,-9,TRUE
594,5cba00c59cff0a2ef7bb8df3,S-5XL Plus Size Fashion Women Summer Casual Tops Off the Shoulder Sticting Hollow Up Blouses  Short Sleeve Loose Cotton Beach T Shirt,5,5,10000,0,3.94,2557,1228,552,394,165,218,"blouse,Summer,Plus Size,Shirt,Sleeve,Beach,Tops,Loose,short sleeves,T Shirts,Shorts,off shoulder,Fashion,Ladies,Women,Women's Fashion,Casual,Cotton",blue,10,48,50,32168,3.884543646,4. Alto(10000),788,Azul,3. Médio Impacto,None,0,FALSE,FALSE,FALSE,0,Standard Delivery,2. Barato,2. Normal,06. P (S),"Blusa, Camisa, Camiseta, Shorts, Top","Algodão/Poliéster, Poliéster/Viscose, Algodão, Poliéster/Elastano",FALSE,CN,iguais,0,FALSE
595,5d0243123ae5dc7393474e4d,Summer Beach Maxi Dress Women Floral Print Boho Long Dress Femme,5,76,1000,1,3.77,404,173,87,68,31,45,"women dress,short sleeve dress,Floral print,Summer,Dresses,Evening Dress,Dress,Print,Women's Fashion,Floral,long dress,boho,boho dress,Cocktail Party Dress,summer dresses,Party Dresses,Women,Beach,casual dress",black,1,45,50,25093,4.068664568,3. Médio(1000),754,Preto,4. Alto Impacto,None,1,FALSE,FALSE,TRUE,1,Standard Delivery,2. Barato,2. Normal,06. P (S),Vestido,"Algodão/Poliéster, Viscose/Poliéster, Algodão/Viscose, Poliéster/Viscose, Poliéster, Poliéster/Elastano, Algodão",FALSE,CN,retail_maior,1420,TRUE
596,5e60cf863cc066db7c05eeba,NEW Fashion Clothes Summer Women Casual Tops Loose V-neck T-shirt Solid Color Sleeveless Shirts Ladies Fashion Chiffon Pullover Tank Top Plus Size XS-8XL ,7,6,1000,1,3.8,46,22,9,6,2,7,"Summer,Plus Size,Tops & Blouses,Shirt,chiffon,Tank,Tops,Blouses & Shirts,T Shirts,tank top,Pullovers,Women's Fashion,Fashion,V-neck,chiffon blouse,Ladies,sleeveless,Women,Ladies Fashion,Casual,Clothes",grey,50,35,50,1685,3.811275964,3. Médio(1000),760,Cinzento,2. Baixo a Médio Impacto,None,0,FALSE,FALSE,FALSE,1,Standard Shipping,2. Barato,2. Normal,06. P (S),"Blusa, Pulôver, Camisa, Camiseta, Regata, Top","Poliéster/Viscose, Algodão/Poliéster, Poliéster, Algodão",FALSE,CN,price_maior,-14,TRUE
597,5c5fce98075d674a6acc7b84,Summer Women Boho Maxi Polka Dot Dress Irregular Beach Wear Sundress,8,7,5000,1,4.02,1269,639,288,173,72,97,"Summer,Plus Size,women dresses,polka dot,Spaghetti Strap,Polkas,irregulardre,boho,Women's Fashion,Party Dress,boho dress,sundress,Beach,Dress,Women",coffee,10,38,50,39395,4.05442315,4. Alto(10000),804,Tons Neutros,2. Baixo a Médio Impacto,None,0,FALSE,FALSE,FALSE,1,Standard Delivery,2. Barato,2. Normal,04. PP (XXS),Vestido,"Algodão/Poliéster, Viscose/Poliéster, Poliéster, Poliéster/Elastano, Algodão",FALSE,CN,price_maior,-12,TRUE
598,5ee4389b9d2ddf161dcb50c7,Women Fashion Swimwear Two Pieces Split Bikini Set Summer Printed Beach Bathing Swimsuits,15,15,3,0,5,0,0,0,0,0,0,"Summer,sexy bathing suit,Bikinis Set,Beach,splitbikiniset,Swimsuit,Swimwear,Bikini,Fashion,Two Pieces,splits,Women,Women's Fashion,printed",black,50,40,50,4150,4.252289157,1. Micro(10),1000,Preto,4. Alto Impacto,None,0,FALSE,FALSE,FALSE,0,Standard Delivery,2. Barato,2. Normal,08. G (L),"Biquíni, Maiô/Biquíni, Moda Praia","Algodão/Poliéster, Nilon/Elastano, Poliéster, Poliéster/Elastano, Algodão",FALSE,CN,iguais,0,FALSE
600,5c95ca01202e6b700d5c5ee4,"(US Size) Cotton Graphic Tees for Women / Girls: 4 Colors, Spring Summer Tee, Cute Funny Short Sleeve T-Shirt, Loose Blouse Tops",7,6,100,0,4.15,27,16,5,3,0,3,"blouse,Summer,Shorts,letter print,Sleeve,Funny,Short Sleeve Blouses,Tops,short sleeves,Women's Fashion,Fashion,cute,Spring,Cotton,T Shirts,Women",black,50,56,50,18529,4.135949053,2. Baixo(100),830,Preto,4. Alto Impacto,None,1,FALSE,FALSE,TRUE,0,Standard Delivery,2. Barato,2. Normal,07. M,"Blusa, Camisa, Camiseta, Shorts, Top","Poliéster/Viscose, Algodão, Algodão/Poliéster, Poliéster",FALSE,CN,price_maior,-14,FALSE
601,5a98b8cd414de27e9ef44d4a,2018 New ZANZEA Beach Romper Women Jumpsuits Front Zipper Sleeveless Sexy Playsuits,13,68,5000,1,3.97,1020,486,239,161,49,85,"womenpalysuit,Women,Plus Size,Beach,palysuit,Women's Fashion,Women S Clothing,sexy,sleeveless,Body Suit,zippers,Rompers,jumpsuitsforwomen,jumpsuit",black,50,38,50,165915,4.256076907,4. Alto(10000),794,Preto,4. Alto Impacto,Scarcity,0,FALSE,FALSE,FALSE,1,Standard Delivery,2. Barato,2. Normal,07. M,"Macacão, Conjunto/Terno","Algodão/Poliéster, Poliéster/Elastano, Poliéster/Algodão, Algodão, Metal/Plástico",TRUE,CN,retail_maior,423,TRUE
602,5e0ac4a79691cb6cc1fa7323,Women's Fashion Solid Summer Shorts Ladies Casual Short Pants Plus Size S-5XL Beach Shorts,9,59,100,0,3.69,29,12,5,6,3,3,"Summer,Shorts,Fashion,pants,women's pants,pantalonfemme,Loose,Short pants,women shorts,Women's Fashion,Plus Size,Ladies,Beach,Casual",beige,50,42,50,3300,4.024242424,2. Baixo(100),738,Tons Neutros,2. Baixo a Médio Impacto,None,0,FALSE,FALSE,FALSE,0,Standard Delivery,2. Barato,2. Normal,06. P (S),"Calça, Shorts","Algodão/Poliéster, Algodão",FALSE,CN,retail_maior,556,FALSE
603,5e1847af3336f40fccedf031,Women's Fashion Sexy See Through Crop Top Solid Color Plus Size Summer Tank Top Casual Lace Bralette Top Hollow-out Bras Fitness Short Underwear Casual Bra,5,5,100,0,3,45,14,3,10,5,13,"Summer,Plus Size,bralette top,womens bralette,sexy underwear,lace bralette top,tank top,floral lace,Women's Fashion,Fashion,sexy lace,sexy,Casual,Bras,Lace,push up bra,Underwear,Shorts,Tank,brassiere,Tops,Fitness,ultrathinbra",pink,50,35,50,9857,4.053971797,2. Baixo(100),600,Rosa,3. Médio Impacto,None,0,FALSE,FALSE,FALSE,0,Standard Delivery,2. Barato,2. Normal,05. P (XS),"Sutiã, Shorts, Regata, Top","Nilon/Elastano, Algodão/Poliéster, Poliéster/Viscose, Renda, Poliéster/Elastano, Algodão",FALSE,CN,iguais,0,FALSE
604,5cf22f0724fe055ca684c3a7,Plus Size Women Print Dress Summer Sundress Cotton Female Lady Vestidos Loose Casual Holiday Maxi Dress Plus,14,93,1000,1,4.24,254,147,57,26,11,13,"Summer,Plus Size,print dress,sundress,Vintage,Dress,Floral dress,Women,holidaydres,Women's Fashion,boho dress,printed,dressforlady,vestido,Print,maxi dress,Robes,Holiday,Casual,Cotton",yellow,3,40,50,90105,4.201298485,3. Médio(1000),848,Laranja/Amarelo,3. Médio Impacto,None,0,FALSE,FALSE,FALSE,1,Standard Delivery,2. Barato,2. Normal,07. M,"Vestido, Robe","Viscose/Poliéster, Algodão/Poliéster, Algodão, Poliéster/Viscose, Algodão/Viscose, Poliéster, Poliéster/Algodão, Algodão/Denim",FALSE,CN,retail_maior,564,TRUE
605,5ccbd380b8ceed67d64eb36e,5 Colors Plus Size New Fashion Summer Women's Floral Lace Spaghetti Straps Bra Patchwork Lingerie Top Sleeveless Halter Hollow Out Crop Top Cup Bra,7,16,10000,1,3.94,1116,583,189,153,80,111,"Summer,sexy lace tank top,Plus Size,crop top,Lace,Halter,slimfittop,Spaghetti Strap,strap,floral lace,Sleeveless Shirt,Fashion,sexy lace,Floral,Spaghetti,summer tops,Bras,push up bra,Cup,Tops,Women's Fashion,croptopbra,sleeveless,casualblouse",white,50,54,50,3977,4.14533568,4. Alto(10000),788,Branco,1. Baixo Impacto,None,0,FALSE,FALSE,FALSE,1,Standard Delivery,2. Barato,2. Normal,08. G (L),"Blusa, Sutiã, Camisa, Top, Regata","Poliéster/Viscose, Nilon/Elastano, Algodão/Poliéster, Renda, Poliéster/Elastano, Algodão/Elastano, Algodão",FALSE,CN,retail_maior,129,TRUE
606,5c25a5209e480d5fa87c638a,Plus Size Women Sexy Sleeveless Spaghetti Strap Summer Dress Holiday Party Maxi Dress,13,84,10000,1,4.07,2328,1184,545,329,116,154,"Summer,Plus Size,vest dress,robefemme,Dress,vestido,Elegant Dress,holidaydres,Women's Fashion,beachsundres,summer dress,party,Sexy Dress,sleeveless,sexy,Holiday,Spaghetti,Women",black,50,41,50,22173,4.203400532,4. Alto(10000),814,Preto,4. Alto Impacto,Scarcity,0,FALSE,FALSE,FALSE,1,Standard Delivery,2. Barato,2. Normal,06. P (S),Vestido,"Algodão/Poliéster, Algodão/Viscose, Poliéster, Poliéster/Elastano, Algodão",TRUE,CN,retail_maior,546,TRUE
607,5ea252f345b33212c1012e5e,Summer Women’s Fashion Sports Shorts Casual Lace Yoga Shorts Slim Fit Solid Color Shorts Pants,2,6,1000,1,4.03,31,15,8,3,4,1,"Summer,Fashion,Yoga,Lace,pants,Slim Fit,sportshort,yogashort,Women's Fashion,Shorts,Sport,slim,Casual,Women",winered,1,35,50,31138,4.117444923,3. Médio(1000),806,Vermelho,4. Alto Impacto,None,0,FALSE,FALSE,FALSE,1,Standard Delivery,2. Barato,2. Normal,05. P (XS),"Calça, Shorts","Algodão/Poliéster, Renda, Algodão/Elastano, Algodão, Nilon/Elastano",FALSE,CN,retail_maior,200,TRUE
608,5cfdc9eaa9b0806c2f9aca41,Women’s Fashion Summer Casual Floral Printed V-Neck Sling Dress Bohemian Skirt High Waist Big Swing Dress ,4.73,7,100,1,4.4,86,57,16,6,4,3,"Summer,Fashion,high waist,Swing dress,long dress,Skirts,Dress,Waist,boho,V-neck,floralprinted,slingdre,bohemian,off shoulder,retro,Swing,Floral,printed,Women's Fashion,Casual,Women",green,1,35,50,31138,4.117444923,2. Baixo(100),880,Verde,3. Médio Impacto,Scarcity,1,FALSE,TRUE,FALSE,1,Standard Delivery,2. Barato,2. Normal,06. P (S),Vestido,"Algodão/Poliéster, Poliéster/Viscose, Viscose/Poliéster, Poliéster/Elastano, Poliéster, Algodão",TRUE,CN,retail_maior,48,TRUE
609,57d25f8877ba9b045e02cd12,Black and White Boho Maxi Long Dress,11,37,20000,0,3.42,7596,2679,1403,1317,793,1404,"Summer,slim dress,sundress,long dress,fashion dress,Dress,summer dress,beach dress,longmaxiskirt,boho,Party Dress,boho dress,party,sexy,women dress,Beach,Women's Fashion,geometricpattern,evening party dress,Women",black,50,39,50,58068,4.310188055,5. Muito Alto(20000),684,Preto,4. Alto Impacto,Scarcity,0,FALSE,FALSE,FALSE,0,Standard Delivery,2. Barato,2. Normal,06. P (S),Vestido,"Algodão/Poliéster, Algodão/Viscose, Viscose/Poliéster, Poliéster/Viscose, Poliéster, Poliéster/Elastano, Algodão/Elastano, Algodão",TRUE,CN,retail_maior,236,FALSE
610,5b220a09415f47162c1c155e,Womens Beach Long Dress Summer Dress Print Strapless Dresses_MYin,8,122,5000,1,4,1355,716,272,155,75,137,"Summer,Strapless Dress,summer dress,floralprintdres,long dress,Dress,strapless,Women's Fashion,Print,beach dress,splitdresse,off shoulder dress,summer dresses,Floral,bohemian dress,sexy,Beach",pink,1,34,50,3532,4.199603624,4. Alto(10000),800,Rosa,3. Médio Impacto,None,1,TRUE,FALSE,FALSE,1,Standard Delivery,2. Barato,2. Normal,06. P (S),Vestido,"Algodão/Poliéster, Algodão/Viscose, Poliéster/Viscose, Viscose/Poliéster, Poliéster/Elastano, Poliéster, Algodão",FALSE,CN,retail_maior,1425,TRUE
611,5a991e9dd236a537f1473439,Sexy Casual Women  Spring Summer  Sleeveless Shirt Knitted Bottoming Shirt Cami Vest Pullover Bodycon Cotton Fitness Crop Top Ladies Solid Color Plus Size Slim Fit Beach Wear Short Tank Tops,4.74,20,5000,0,4.05,784,410,160,113,44,57,"Summer,Vest,Fashion,Fitness,Spring,slim,knitted crop top,knitted,Women's Fashion,Plus Size,sleeveless tops,sexy,Casual,Cotton,Shorts,Tank,Shirt,Tops,Slim Fit,Pullovers,women tank top,Ladies,sleeveless,Women,Beach",white,50,40,50,213709,4.293899649,4. Alto(10000),810,Branco,1. Baixo Impacto,None,0,FALSE,FALSE,FALSE,0,Standard Delivery,2. Barato,2. Normal,06. P (S),"Pulôver, Camisa, Shorts, Top, Regata","Algodão/Poliéster, Algodão, Poliéster/Elastano, Algodão/Elastano",FALSE,CN,retail_maior,322,FALSE
612,5c9209128f5ca95fc2c046bd,Plus Size S-8XL Women's Fashion Casual V-neck Dresses Loose T-shirt Tops Tunics Blouse Short Sleeves Dress Beach Dress Printing Dress Sexy Cotton Swing Flare Dress Ruffles Party Mini Pleated Dress,8,7,10000,0,3.28,1649,570,245,276,190,368,"Mini,Plus Size,ruffle,Pleated,V-neck,Mini dress,Women's Fashion,Fashion,printingdres,sexy,V-neck Dresses,Casual,T Shirts,Cotton,blouse,party,Shorts,Cotton Shirt,Sleeve,Tops,beach dress,Tops & T-Shirts,loose t-shirt,women top,Beach,Dress",red,11,30,50,6818,3.982399531,4. Alto(10000),656,Vermelho,4. Alto Impacto,None,0,FALSE,FALSE,FALSE,0,Standard Delivery,2. Barato,2. Normal,06. P (S),"Vestido, Blusa, Camisa, Camiseta, Shorts, Top","Algodão/Poliéster, Algodão/Viscose, Poliéster/Viscose, Algodão, Poliéster/Elastano, Poliéster",FALSE,CN,price_maior,-12,FALSE
613,5ecb7f7dc76c3c99918909f0,Cotton Shirt Tops Women's Summer Casual Loose Short-sleeved Printed Ladies Shirt,8,7,100,0,3.83,6,3,1,1,0,1,"blouse,Summer,Plus Size,Shirt,Tops,Loose,short sleeves,T Shirts,Fashion,printed,Tops & T-Shirts,Ladies,women top,Casual,Cotton",white,5,23,50,211,3.545023697,2. Baixo(100),766,Branco,1. Baixo Impacto,Scarcity,0,FALSE,FALSE,FALSE,0,Standard Delivery,2. Barato,2. Normal,05. P (XS),"Blusa, Camisa, Camiseta, Top","Poliéster/Viscose, Algodão/Poliéster, Algodão, Poliéster",TRUE,CN,price_maior,-12,FALSE
614,5d197f6647e7d46f98d78309,New summer men's sleeveless vest hole camouflage personality fitness vest,8,30,100,0,3.47,34,13,7,4,3,7,"slimvestmen,Summer,Vest,menspersonalityfitnessvest,Men's vest,Fitness,camouflagevest,personalizedvest,camouflage,summersportsvest,t,sleevelessvestmen,casualvest,fitnessvestmen,sleeveless,sweatvest",gray,50,35,50,11030,3.952583862,2. Baixo(100),694,Cinzento,2. Baixo a Médio Impacto,Scarcity,0,FALSE,FALSE,FALSE,0,Standard Delivery,2. Barato,2. Normal,07. M,Colete,"Algodão/Poliéster, Algodão/Elastano, Algodão",TRUE,CN,retail_maior,275,FALSE
615,5e902948fac97a32c1e5e38e,Boho Summer Dress Women Strappy Lace White Mini Dress Ladies Beach V Neck Party Sundress S-5XL ,5.95,6,100,1,3.21,48,14,13,4,3,14,"Summer,Lace Dress,pleated dress,Lace,Mini,Dress,backless dress,Mini dress,white dress,beach dress,wedding dress,Women,Necks,summer dress,Women's Fashion,boho,Sleeveless dress,strappy,Ladies,party,white,Beach",yellow,2,26,50,2363,3.853575963,2. Baixo(100),642,Laranja/Amarelo,3. Médio Impacto,Scarcity,0,FALSE,FALSE,FALSE,1,Standard Delivery,2. Barato,2. Normal,04. PP (XXS),Vestido,"Poliéster/Elastano, Algodão/Poliéster, Algodão/Viscose, Renda, Poliéster, Algodão",TRUE,US,retail_maior,1,TRUE
616,5edf2bba26a6cf0388a44aad,Men Summer Color Changing Swim Trunks Fashion Swimming Shorts Beach Swim Shorts Male Briefs Bathing Shorts,3.65,9,100,1,3.38,8,3,2,0,1,2,"Summer,Plus Size,Shorts,Men,beach wear,casualtrunk,bathingshort,Men's Fashion,Fashion,malebrief,Men Shorts,colorchangingshort,swimmingshort,Swimming,Beach,#fashion #shorts,swim trunk",green,1,81,50,8888,4.243249325,2. Baixo(100),676,Verde,3. Médio Impacto,None,2,TRUE,FALSE,TRUE,1,Standard Delivery,2. Barato,2. Normal,04. PP (XXS),"Moda Praia, Shorts","Algodão/Poliéster, Nilon/Elastano, Algodão",FALSE,CN,retail_maior,147,TRUE
617,5ccfcecb9abadb59845c93c8,S-5XL Summer Women Fashion Cross Bandage Crop Top Camisole Casual Sleeveless Tank Top Solid Color Vest Lady Caged Bralette Bra Cami Tank Top Plus Size,2.81,3,5000,0,3.91,940,453,198,124,78,87,"bandagebra,Vest,Fashion,crop top,camisole,Women Vest,Summer,Tank,Tops,Cross,tank top,caged bralette,Women's Fashion,Plus Size,Cami Tank Tops,Casual Tops,solid color,sleeveless,Casual,Bras,Women",white,30,43,50,42919,4.105967054,4. Alto(10000),782,Branco,1. Baixo Impacto,Scarcity,0,FALSE,FALSE,FALSE,0,Standard Delivery,2. Barato,2. Normal,06. P (S),"Sutiã, Camisete, Top, Regata, Colete","Nilon/Elastano, Algodão/Poliéster, Poliéster/Viscose, Algodão",TRUE,CN,retail_maior,7,FALSE
618,5ab5c9b75194c936ddbdd8e7,Women Velvet Drawstring Shorts Casual High Waist 2017 Spring Summer Sexy Elegant Skinny Shorts,4.66,5,10000,0,4.28,1594,973,300,187,58,76,"Women,Shorts,Yoga,Lace,Elastic,velvetshort,slim,Short pants,Elegant,Women's Fashion,velvet,high waist,sexy,Sport,Casual,Waist",pink,50,41,50,85562,4.394591057,4. Alto(10000),856,Rosa,3. Médio Impacto,None,1,FALSE,TRUE,FALSE,0,Standard Delivery,2. Barato,2. Normal,06. P (S),"Calça, Shorts","Algodão/Poliéster, Elastano, Renda, Poliéster/Elastano, Algodão/Elastano, Algodão, Nilon/Elastano",FALSE,CN,retail_maior,7,FALSE
620,5eba2544300b031bc24ff8f6,Women Fashion Wolf Print Hollow Out Tank Top Summer Sleeveless Casual Tops,5,16,1000,1,4.23,62,39,10,5,4,4,"hollowouttanktop,Tanktops for women,Plus Size,wolfprint,summer tank top,Summer,skulltanktopforwomen,Tops,tank top,Casual,Print,Women's Fashion,sleevelesstshirt,Wolf,sleeveless,tanksforwomen,Tank,Fashion,3dprint,Women",blue,20,41,50,10501,4.029235311,3. Médio(1000),846,Azul,3. Médio Impacto,None,0,FALSE,FALSE,FALSE,1,Standard Delivery,2. Barato,2. Normal,05. P (XS),"Camisa, Camiseta, Regata, Top","Algodão/Poliéster, Poliéster, Algodão",FALSE,CN,retail_maior,220,TRUE
622,5e37c1ea08b64727ff894b5d,Women Fashion solid color Bikini Set casual Two Piece Set Swimsuit Bathing Suit Swimwear Beach Wear plus size S-5XL High Waist Cage Neck Cross Front Bikini Set,13,11,1000,1,3.53,302,125,47,47,29,54,"bathing suit,Plus Size,bikini set,Cross,Swimwear,Women's Fashion,Fashion,Push up bikini,Casual,High Waisted Bikini,Necks,high waist,Beach,Waist,halterneck,beach wear,Swimsuit,Bikini,Suits,Women,plus size bathing suits,Swimming",orange,50,43,50,4524,3.865384615,3. Médio(1000),706,Laranja/Amarelo,3. Médio Impacto,None,0,FALSE,FALSE,FALSE,1,Standard Delivery,2. Barato,2. Normal,07. M,"Moda Praia, Biquíni, Conjunto/Terno, Maiô/Biquíni","Algodão/Poliéster, Nilon/Elastano, Poliéster/Algodão, Algodão",FALSE,CN,price_maior,-15,TRUE
623,5c340c2b31825e42ca62d69a,New Fashion Women Casual Shorts Suit Summer Tie-Dye Print Halter Bandage Sleeveless Backless Crop Top And Elastic Waist Shorts Pants Two Piece Set,8,7,5000,0,4.3,830,523,147,87,32,41,"bandage top,Fashion,crop top,Halter,Summer,Women Set,elasticwaistshort,Women's Fashion,elastic waist,Casual,Women,Shorts,Waist,Elastic,Tops,pants,shortssuit,backless,Suits,Print,sleeveless,twopiecesset",multicolor,50,36,50,9200,4.289673913,4. Alto(10000),860,Multicor/Estampado,4. Alto Impacto,None,1,FALSE,TRUE,FALSE,0,Standard Shipping,2. Barato,2. Normal,06. P (S),"Calça, Shorts, Conjunto/Terno, Top","Poliéster/Elastano, Algodão/Poliéster, Elastano, Poliéster, Poliéster/Algodão, Algodão",FALSE,CN,price_maior,-12,FALSE
624,5ea11f79e2a3123494955d83,8 Colors Summer Women Anti-Cellulite Yoga Shorts Gym Cellulite Push Up  Workout Fitness Scrunch Thin Skinny  Sports Running Yoga Shorts,8,85,100,0,3.5,2,0,1,1,0,0,"Summer,scrunch,Yoga,skinnyshort,Shorts,Fitness,Running,yogashort,gymshort,women shorts,short leggings,Sport,elasticlegging,fitness leggings,Women's Fashion,Women Fashion,Women",purple,50,45,50,59234,3.987051356,2. Baixo(100),700,Roxo,3. Médio Impacto,None,0,FALSE,FALSE,FALSE,0,Standard Delivery,2. Barato,2. Normal,06. P (S),Shorts,"Elastano, Algodão/Poliéster, Algodão, Nilon/Elastano",FALSE,CN,retail_maior,962,FALSE
625,5df49c4732950d0102838a00,Women Fashion Letter Print Tank Top Sleeveless O-neck T-shirt Summer Casual Tops Plus Size,7,6,100,0,4.07,30,18,4,4,0,4,"Summer,Plus Size,Tank,letter print,Tops,Women's Fashion,tank top,Round neck,T Shirts,Fashion,Print,sleeveless,Casual,Women Fashion,Women",purple,50,44,50,16803,4.15503184,2. Baixo(100),814,Roxo,3. Médio Impacto,None,0,FALSE,FALSE,FALSE,0,Standard Delivery,2. Barato,2. Normal,05. P (XS),"Camisa, Camiseta, Regata, Top","Algodão/Poliéster, Poliéster, Algodão",FALSE,CN,price_maior,-14,FALSE
626,5abcce430de05539f33c17a2,S-5XL Plus Size Woman Fashion Gradient Ramp Tape Maxi Long Dress Holiday Causal Beach Dress,12,11,1000,1,3.37,928,378,116,117,102,215,"Plus Size,sundress,long dress,Dress,Women's Fashion,Maxi Dresses,Dresses,beach dress,Party Dress,fashion dresses,women dress,Holiday,Causal Dress",red,1,32,50,2397,3.860659157,3. Médio(1000),674,Vermelho,4. Alto Impacto,None,0,FALSE,FALSE,FALSE,1,Standard Delivery,2. Barato,2. Normal,06. P (S),Vestido,"Algodão/Poliéster, Algodão/Viscose, Poliéster/Viscose, Viscose/Poliéster, Poliéster, Poliéster/Elastano, Algodão",FALSE,CN,price_maior,-8,TRUE
627,5e913f130d3e282f24260292,Fashion Women Summer Casual Tank Tops Loose Beach Blouses Sleeveless Printed Cotton T Shirt,5,5,1000,1,3.68,155,67,26,26,18,18,"suspenders,Summer,Plus Size,Tank,Shirt,Beach,Tops,Loose,Women's Fashion,Fashion,printed,Summer Fashion,sleeveless,Cotton,blouse,Casual,Women",yellow,50,45,50,10600,3.86754717,3. Médio(1000),736,Laranja/Amarelo,3. Médio Impacto,None,0,FALSE,FALSE,FALSE,1,Standard Delivery,2. Barato,2. Normal,06. P (S),"Blusa, Camisa, Top","Algodão/Poliéster, Poliéster/Viscose, Algodão, Poliéster",FALSE,CN,iguais,0,TRUE
628,5e707d59ad58d64d89a54409,Sexy Women Short Sleeve T-shirt Top Sportwear Shorts Pants Tacksuit Outfit Clothes Sets Jumpsuit Summer,13,33,1000,1,3.88,122,59,27,14,6,16,"Summer,Shorts,Sleeve,Hollow-out,pants,sportsset,short sleeves,Outfits,Women's Fashion,Fashion,Women,tacksuit,sexy,Clothes,Tops,T Shirts,jumpsuit",grey,50,44,50,114,4.149122807,3. Médio(1000),776,Cinzento,2. Baixo a Médio Impacto,None,0,FALSE,FALSE,FALSE,1,Standard Delivery,2. Barato,2. Normal,06. P (S),"Macacão, Calça, Camisa, Camiseta, Shorts, Top","Algodão/Poliéster, Poliéster/Elastano, Algodão",FALSE,US,retail_maior,154,TRUE
629,588392e43d29014fabb85dad,Sexy Women Strapless Bikini Push Up One Piece Solid Tankini Summer Plus Size Swimwear,14,75,10000,0,4.15,2514,1375,544,332,122,141,"Summer,strapless,Plus Size,Vintage swimwear,onepiece,One Piece Swimsuits,Swimwear,Bikini,Women's Fashion,Push-Up,sexy,monokini,Women,plus size bathing suits,strapless bikini,Swimming",black,50,43,50,27719,4.070637469,4. Alto(10000),830,Preto,4. Alto Impacto,None,0,FALSE,FALSE,FALSE,0,Standard Delivery,2. Barato,2. Normal,06. P (S),"Biquíni, Conjunto/Terno, Maiô/Biquíni, Moda Praia","Algodão/Poliéster, Nilon/Elastano, Poliéster/Elastano, Poliéster/Algodão, Algodão, Algodão/Denim",FALSE,CN,retail_maior,436,FALSE
630,5ad95b9007c7b46572687a5d,Women Summer Floral Print Backless Elastic Waist Split Long Dress,7,6,10000,1,3.48,2504,892,491,456,247,418,"Summer,dressesforwomen,tunic,Waist,Elastic,women dresses,long dress,Dress,Print,Floral dress,Floral print,Dresses,Women's Fashion,elastic waist,backless,splits,vestido,Floral,summer dresses,Holiday,Women",pink,6,39,50,25260,3.995605701,4. Alto(10000),696,Rosa,3. Médio Impacto,None,0,FALSE,FALSE,FALSE,1,Standard Delivery,2. Barato,2. Normal,04. PP (XXS),"Vestido, Túnica","Poliéster/Elastano, Algodão/Poliéster, Elastano, Poliéster/Viscose, Algodão/Viscose, Viscose/Poliéster, Poliéster, Algodão",FALSE,CN,price_maior,-14,TRUE
631,5af8fc1aa708c4241d0cf8a3,Swimwear Bathing Bikini Set Padded Bandage Bra Push-up Suit Swimsuit Women,6,6,20000,1,3.74,6509,2620,1456,1235,515,683,"Bikini,Fashion,womenbikiniset,bikini set,pushupsuit,women swimsuit,New arrival,Swimwear,Swimsuit,padded,women swimwear,Bras,Suits,women bathing suit,Women,Women's Fashion,Padded Bra,Swimming",white,39,43,50,11740,4.113798978,5. Muito Alto(20000),748,Branco,1. Baixo Impacto,None,0,FALSE,FALSE,FALSE,1,Standard Delivery,2. Barato,2. Normal,07. M,"Biquíni, Sutiã, Conjunto/Terno, Maiô/Biquíni, Moda Praia","Algodão/Poliéster, Nilon/Elastano, Poliéster/Borracha, Poliéster/Algodão, Algodão",FALSE,CN,iguais,0,TRUE
632,59d5d6a6765fdd2dc2d6ed2a,Women's Fashion Autumn Winter Trendy Sexy Skirt Club Wear Cute Dress Summer New Women Long Skirts Solid Split Pencil Skirts High Waist Plus Size Bodycon Skirt Causal Package Hip Skirt Fashion A-line Skirt,8,7,5000,1,4.1,1512,845,294,179,72,122,"Fashion Skirts,long skirt,pencil skirt,solidcolordre,elegantsplitskirt,Bottom,Elegant,Dress,sidesplitshirt,pencil,sexy skirt,Women Skirts,Women's Fashion,Fashion,splits,sexy,Skirts,Women",pink,50,43,50,92005,4.316243682,4. Alto(10000),820,Rosa,3. Médio Impacto,None,0,FALSE,FALSE,FALSE,1,Standard Delivery,2. Barato,2. Normal,06. P (S),"Parte de Baixo, Vestido, Camisa","Algodão/Poliéster, Poliéster/Elastano, Algodão",FALSE,CN,price_maior,-12,TRUE
633,5e44564413b8939de2f0a0f8,Summer Women s  Fashion  Lace Up Tie Pants  Plus Size Casual High Waist Short Pants,5,30,100,0,3.69,13,5,2,4,1,1,"Summer,Shorts,high waist shorts,Lace,Casual pants,pants,summer shorts,Slim Fit,Short pants,high waist,Women's Fashion,Plus Size,Lace Up,Women,vocation,Fashion,Casual,Waist",black,50,40,50,16215,3.840024669,2. Baixo(100),738,Preto,4. Alto Impacto,None,0,FALSE,FALSE,FALSE,0,Standard Delivery,2. Barato,2. Normal,05. P (XS),"Calça, Shorts","Algodão/Poliéster, Renda, Algodão/Elastano, Algodão",FALSE,nao_informado,retail_maior,500,FALSE
635,5eb4dccc8fb578171beef0ad,Summer 2020 Fashionable Women's Solid Color Vest Sleeveless Halter V-Neck Top,5.65,33,10,0,5,0,0,0,0,0,0,"Mini,Vest,Fashion,Tank,Halter,Summer,womemstop,Tops,tank top,#top #crop,tankvest,V-neck,sleeveless",yellow,50,43,50,28798,4.037016459,1. Micro(10),1000,Laranja/Amarelo,3. Médio Impacto,Scarcity,0,FALSE,FALSE,FALSE,0,Standard Delivery,2. Barato,2. Normal,12. Plus Size (4XL),"Regata, Top","Algodão/Poliéster, Algodão",TRUE,CN,retail_maior,484,FALSE
636,5ebe625c3cdb6c40b7b9231e,Summer Women Fashion Double-Layer Sports Shorts Quick-Drying Yoga Sports Leggings Fitness Shorts Skirts,3.76,7,50,0,3.5,8,4,1,0,1,2,"Women Pants,Summer,Leggings,Shorts,Yoga,Fitness,casualshort,high waisted,yogashort,Women's Fashion,Fashion,Sport,falda,shortsforwomen,sportampoutdoor,Skirts,short skirt,Women",white,5,90,50,3730,3.880428954,2. Baixo(100),700,Branco,1. Baixo Impacto,None,0,FALSE,FALSE,FALSE,0,Standard Delivery,2. Barato,2. Normal,04. PP (XXS),"Calça, Shorts","Algodão/Poliéster, Algodão, Nilon/Elastano",FALSE,CN,retail_maior,86,FALSE
637,5e7e0c35e27371898f419f5d,UR SUGAR 4 Bottles/Set Colorful Summer Color Gel Nail Kit Soak Off Gel Nail Polish Set,7,6,100,1,4.57,23,16,4,3,0,0,"Summer,Colorful,Beauty,Nail Polish,nail kit,mattetopcoat,soakoffgel,Nails,cosmetic,gel nail polish,topbasegel,Nail Gel,uvlampgel,nail gel set,Kit,UV Gel",no_color_specified,50,27,50,105684,4.430935619,2. Baixo(100),914,Não Informado,0. Não Informado,None,1,FALSE,TRUE,FALSE,1,Standard Delivery,2. Barato,2. Normal,07. M,Casaco,"Poliéster/Algodão, Algodão/Poliéster, Algodão",FALSE,CN,price_maior,-14,TRUE
638,5d0c8dd26404871188ddf01d,Fashion Summer Ponytail Cap Baseball Cap for Women Mesh Visor Womens Sun Cap Sun Hat Girls Hat Ponytail Hat Adjustable Baseball Hat,4.67,4,10000,1,4.28,936,597,164,84,25,66,"Summer,ponytailhat,Fashion,Hats,Women Cap,Cap,Adjustable Baseball Cap,baseballcapforwomen,summercap,Women's Fashion,Baseball,Baseball Cap,sun hat,Visors,Women",white,50,138,50,96838,4.264658502,4. Alto(10000),856,Branco,1. Baixo Impacto,None,1,FALSE,TRUE,FALSE,1,Standard Delivery,2. Barato,2. Normal,00. Não Informado,Não Especificado,"Algodão/Poliéster, Algodão",FALSE,CN,price_maior,-14,TRUE
640,5ed9df5dd6223e34697f9024,Hollowing Out Halter Dress Women Summer V Neck Sleeveless Dress,2.8,3,100,1,3.17,6,1,1,3,0,1,"Summer,Plus Size,halter dress,Necks,Halter,Dresses,Dress,Loose,V-neck,Women's Fashion,Sleeveless dress,off shoulder,summer dress,sleeveless,women dress,Women,Casual,Cotton",grey,10,44,50,4595,4.258106638,2. Baixo(100),634,Cinzento,2. Baixo a Médio Impacto,Scarcity,0,FALSE,FALSE,FALSE,1,Standard Delivery,2. Barato,2. Normal,05. P (XS),Vestido,"Algodão/Poliéster, Algodão, Poliéster/Elastano, Algodão/Viscose",TRUE,CN,retail_maior,7,TRUE
641,5ef9a1091df14e8f41dca4fa,2020 Summer Fashion Two Piece Suit Bikini Set Casual Low Cut Off Shoulder Tops Ladies Beach Wear High Waist Bikini Backless Bikini Swimsuit Bathing Swimwear,16,25,10,1,4.5,4,3,0,1,0,0,"Summer,bathing suit,Fashion,Waist,Two Piece Swimwear,Beach,Tops,Swimwear,Swimsuit,Ladies,Bikini,Lace Up,high waist,Suits,solid color,backless,Swimming suit,Casual,beach bikini,Swimming",white,50,55,50,676,4.014792899,1. Micro(10),900,Branco,1. Baixo Impacto,None,0,FALSE,FALSE,FALSE,1,Standard Delivery,2. Barato,2. Normal,06. P (S),"Biquíni, Conjunto/Terno, Maiô/Biquíni, Moda Praia, Top","Poliéster/Elastano, Algodão/Poliéster, Nilon/Elastano, Renda, Poliéster/Algodão, Algodão",FALSE,CN,retail_maior,56,TRUE
642,5ce69880afab7162455321fe,Women Summer Boho Long Evening Party Dress Beach Dress Sundress Backless Maxi Dress,9,17,100,0,3.63,92,35,25,7,13,12,"Summer,Fashion,sundress,Evening Dress,Dress,Women's Fashion,boho,beach dress,Party Dress,backless,party,maxi dress,Beach,Women",no_color_specified,1,107,50,3190,4.289968652,2. Baixo(100),726,Não Informado,0. Não Informado,None,0,FALSE,FALSE,FALSE,0,Standard Delivery,2. Barato,2. Normal,06. P (S),Vestido,"Poliéster/Elastano, Algodão/Poliéster, Algodão/Viscose, Viscose/Poliéster, Poliéster, Algodão",FALSE,CN,retail_maior,89,FALSE
643,5926a32e5b3cde33d7993689,Sexy Women Bandage See-through Leggings Stitching Running Yoga Outwear Sports Skinny Pants,7,9,5000,1,3.83,1169,557,216,174,83,139,"Leggings,Fashion,Yoga,pants,legging fitness,Women's Fashion,Running,trousers,sexy,Sport",no_color_specified,50,43,50,33705,4.13493547,4. Alto(10000),766,Não Informado,0. Não Informado,Scarcity,0,FALSE,FALSE,FALSE,1,Standard Delivery,2. Barato,2. Normal,06. P (S),Calça,"Algodão/Poliéster, Poliéster/Elastano, Algodão, Nilon/Elastano",TRUE,CN,retail_maior,29,TRUE
644,5e8436c3c510a227405a1f1b,Women's Dress Summer Beach Maxi Dress Women Floral Print Boho Long Dress,16,14,100,0,4,11,5,3,2,0,1,"Summer,short sleeve dress,Floral print,Dresses,Dress,Print,boho,long dress,Women's Fashion,boho dress,women's dress,Floral,women dress,Women,Beach,casual dress",black,50,26,50,3588,4.148272018,2. Baixo(100),800,Preto,4. Alto Impacto,Scarcity,0,FALSE,FALSE,FALSE,0,Standard Delivery,2. Barato,2. Normal,06. P (S),Vestido,"Algodão/Poliéster, Viscose/Poliéster, Algodão/Viscose, Poliéster/Viscose, Poliéster, Algodão",TRUE,CN,price_maior,-12,FALSE
645,5a93ab421c6def23e6f0c878,Fashion Women&acute;s Ladies Summer Loose Chiffon Tops Long Sleeve Shirt Casual Blouse,9,34,50,0,4,5,3,0,1,1,0,"women sexy dress,blouse,Fashion,chiffon,Sleeve,shirt dress,Summer,Tops,looseblouse,fashion top,Long Sleeve,womendressshirt,women shirt,Ladies,women dress,Mini dress,women top,Casual,Women Fashion,Shirt",camel,50,61,50,537,4.458100559,2. Baixo(100),800,Tons Neutros,2. Baixo a Médio Impacto,Scarcity,0,FALSE,FALSE,FALSE,0,Standard Delivery,2. Barato,2. Normal,06. P (S),"Blusa, Vestido, Camisa, Top","Poliéster/Viscose, Algodão/Poliéster, Poliéster, Viscose/Poliéster, Poliéster/Elastano, Algodão",TRUE,US,retail_maior,278,FALSE
646,5eb3aec324c46f21c224b844,2020 New Arrival Women Fashion Short Sleeve Letter Print Casual T-shirts Plus Size Women O-neck Summer Graphic Tees,3,26,100,1,2,3,0,1,0,0,2,"Summer,Plus Size,Sleeve,letter print,graphic tee,short sleeves,Women's Fashion,Shorts,o-neck,Print,women top,Fashion,Casual,T Shirts,Women",yellow,13,43,50,12016,3.954643808,2. Baixo(100),400,Laranja/Amarelo,3. Médio Impacto,None,0,FALSE,FALSE,FALSE,1,Standard Delivery,2. Barato,2. Normal,06. P (S),"Camisa, Camiseta, Shorts, Top","Algodão/Poliéster, Poliéster, Algodão",FALSE,CN,retail_maior,767,TRUE
647,5c61232151aa0072bb647739,Summer Women Lace Hollow Backless Irregular Floral Long Beach Dress,6,6,5000,1,3.83,1458,615,357,248,92,146,"Summer,Fashion,Lace,long dress,Evening Dress,Dress,beach dress,women dress,irregulardre,boho dress,maxi dress,Floral,summer dresses,Beach,Women's Fashion,backless,Women",white,4,38,50,67171,4.102320942,4. Alto(10000),766,Branco,1. Baixo Impacto,Scarcity,0,FALSE,FALSE,FALSE,1,Standard Delivery,2. Barato,2. Normal,04. PP (XXS),Vestido,"Poliéster/Elastano, Algodão/Poliéster, Algodão/Viscose, Viscose/Poliéster, Poliéster/Viscose, Renda",TRUE,CN,iguais,0,TRUE
648,5c6512e25d38b721f29d4cb1,Women Sleeveless Spaghetti Strap Solid Color Pleated Dress Casual Loose Ruffle Maxi Dress Plus Size,12,72,1000,0,3.93,566,284,107,78,43,54,"sleeveless,Plus Size,ruffle,Dress,summer dress,kleid,Women's Fashion,maxi dress,pleateddresse,bohemian,long dresses,Sexy Dress,women dress,vestido,Spaghetti,Casual,Pleated,Women",black,50,38,50,44840,4.337466548,3. Médio(1000),786,Preto,4. Alto Impacto,None,0,FALSE,FALSE,FALSE,0,Standard Delivery,2. Barato,2. Normal,06. P (S),Vestido,"Algodão/Poliéster, Viscose/Poliéster, Poliéster/Elastano, Algodão/Viscose, Algodão",FALSE,CN,retail_maior,500,FALSE
649,5e9d476c03df0b35e16bc678,Summer Women Jurassic Mom of Dino Tank Tops Casual Vest Don't Mess with MamaSaurus You'll Get Jurasskicked Funny Mom Shirt Sleeveless Blouse,6,34,100,0,3.8,10,4,4,0,0,2,"Summer,Vest,momshirt,Get,summer t-shirts,funnytop,tank top,Tops,Women's Fashion,Fashion,yoga top,Casual,Women,blouse,Funny,Tank,Shirt,graphic tee,sleevelessblouse,sportsamprecreation,gymwear,sleeveless,casualblouse",white,50,41,50,3897,3.928919682,2. Baixo(100),760,Branco,1. Baixo Impacto,None,0,FALSE,FALSE,FALSE,0,Standard Delivery,2. Barato,2. Normal,08. G (L),"Blusa, Camisa, Camiseta, Regata, Top","Poliéster/Viscose, Algodão/Poliéster, Algodão, Nilon/Elastano",FALSE,CN,retail_maior,467,FALSE
651,5dc3b1f9896ffb0bdbd02d76,5 Colors Plus Size New Design  Hot Summer Women Fashion Tops Casual Sexy Floral Lace Spaghetti Straps Bra Patchwork Lingerie Top Sleeveless Halter Hollow Out Crop Top Cup Bra ,9,19,5000,1,3.97,588,317,100,66,44,61,"Women Vest,Plus Size,Lace,Halter,Summer,casual shirt,strap,floral lace,Women's Fashion,Fashion,sexy lace,sleeveless tops,sleeveless,Floral,sexy,slimtop,Spaghetti,summer tops,Women Fashion,Women,push up bra,Cup,Tops,lace shirts,Casual,Lingerie,Bras,women tank top,Design",white,50,64,50,1181,4.015241321,4. Alto(10000),794,Branco,1. Baixo Impacto,None,0,FALSE,FALSE,FALSE,1,Standard Delivery,2. Barato,2. Normal,07. M,"Sutiã, Camisa, Top, Regata, Colete","Nilon/Elastano, Algodão/Poliéster, Poliéster/Viscose, Renda, Renda/Poliéster, Poliéster/Elastano, Algodão/Elastano, Algodão",FALSE,CN,retail_maior,111,TRUE
652,5db8fcb8805c6a02fb6dcc29,New Women Fashion Solid Color Safety Shorts Yoga Running Shorts Short Leggings with Pockets S-3XL,9,26,20000,0,3.6,1193,500,218,171,110,194,"runningpant,Leggings,Shorts,Yoga,skinny pants,Short pants,Running,yoga leggings,yogashort,Women's Fashion,short leggings,Soft and comfortable,fitness leggings,Fashion,Women",navyblue,50,43,50,22711,3.872044384,5. Muito Alto(20000),720,Azul,3. Médio Impacto,None,0,FALSE,FALSE,FALSE,0,Standard Delivery,2. Barato,2. Normal,06. P (S),"Calça, Shorts","Algodão/Poliéster, Algodão, Nilon/Elastano",FALSE,CN,retail_maior,189,FALSE
653,5e9570e2d4af000dc41b1a9a,Women's Elegant Sleeveless Stripe T Shirts Dress Party Dress Big Swing Long Round Neck Maxi Dress Summer Color-block Beach Long Dress Plus Size S-5XL,5,5,100,0,3.06,65,18,10,13,6,18,"Summer,Plus Size,Shirt,Elegant,long dress,Dress,Necks,Party Dress,Round neck,Women Skirts,Women's Fashion,Sleeveless dress,striped dress,Stripes,party,Party Dresses,women dress,Beach,loose dress,sleeveless,Causal Dress",yellow,50,13,50,2248,4.150355872,2. Baixo(100),612,Laranja/Amarelo,3. Médio Impacto,Scarcity,0,FALSE,FALSE,FALSE,0,Standard Delivery,2. Barato,2. Normal,05. P (XS),"Vestido, Camisa","Algodão/Poliéster, Viscose/Poliéster, Viscose/Algodão, Poliéster, Poliéster/Elastano, Algodão/Viscose, Algodão",TRUE,CN,iguais,0,FALSE
654,5dbfe72d66169243db6635df,Womens Brief and Comfortable Summer Short Sleeve Baggy Midi Dress Ladies Shift Kaftan Dresses,16,84,100,0,3.41,27,11,5,3,0,8,"Summer,Shift Dress,Sleeve,shirt dress,long dress,Dress,short sleeves,cottonlinendre,beach dress,Shorts,Ladies,Women's Fashion,Beach",black,50,39,50,9940,4.048993964,2. Baixo(100),682,Preto,4. Alto Impacto,Scarcity,0,FALSE,FALSE,FALSE,0,Standard Delivery,2. Barato,2. Normal,06. P (S),"Vestido, Camisa, Camiseta, Shorts","Algodão/Poliéster, Algodão/Viscose, Algodão, Viscose/Poliéster",TRUE,CN,retail_maior,425,FALSE
655,5af406469be1de3b00f73128,Summer Fashion Trousers Women Leggings Ripped Pants Slim Pants Army Green Tights Pants,11,14,20000,1,3.76,8029,3689,1502,1160,592,1086,"Summer,Leggings,trousers,high waist,Casual pants,Army,pants,Women's Fashion,pencil pants,Fashion,Green,Women,slim,Pants & Capris",black,19,43,50,17760,4.137105856,5. Muito Alto(20000),752,Preto,4. Alto Impacto,None,0,FALSE,FALSE,FALSE,1,Standard Delivery,2. Barato,2. Normal,06. P (S),Calça,"Algodão/Poliéster, Algodão/Elastano, Algodão",FALSE,CN,retail_maior,27,TRUE
657,5eb4dfbb1284d61c96c43bad,4 Color Summer New Women's Fashion Short Sleeve Tie Dry Hipple Soul T-shirts Plus Size S-5XL,8,7,100,0,3.43,23,9,4,2,4,4,"gradientcolor,Summer,Plus Size,colorfultop,Shirt,Sleeve,dewshoulder,short sleeves,Shorts,colorblock,hipplesoul,Fashion,Tie Dye,Women's Fashion,T Shirts",pink,50,43,50,24132,4.130946461,2. Baixo(100),686,Rosa,3. Médio Impacto,None,0,FALSE,FALSE,FALSE,0,Standard Delivery,2. Barato,2. Normal,06. P (S),"Camisa, Camiseta, Shorts","Algodão/Poliéster, Algodão",FALSE,CN,price_maior,-12,FALSE
658,5c99cb32780afa57da3af9e0,Summer Women's Fashion Short Sleeve Lace Trim V-neck Pure Color Casual Tops T-shirt,7,7,10000,0,3.55,793,303,154,134,81,121,"short sleeves,lace trim,Shorts,Lace,Sleeve,Summer,sleeve lace,Pure Color,summer t-shirts,Women's Fashion,V-neck,Casual,T Shirts,Fashion,women t shirt,loose t-shirt,Short Sleeve T-Shirt,Tops",blue,50,45,50,59234,3.987051356,4. Alto(10000),710,Azul,3. Médio Impacto,None,0,FALSE,FALSE,FALSE,0,Standard Delivery,2. Barato,2. Normal,06. P (S),"Camiseta, Camisa, Shorts, Top","Algodão/Poliéster, Renda, Algodão",FALSE,CN,iguais,0,FALSE
659,5cdd3515d943635651a29bbf,Summer Fashion Womens Antiskid Zipper Canvas Shoes Casual Shoes Womens Canvas Shoes Denim Flats Plus Size 35-43,14,12,1000,0,3.82,176,88,30,22,11,25,"casual shoes,Summer,Plus Size,Womens Shoes,Flats,zippers,Denim,Loafers,Women's Fashion,Fashion,Shoes,Canvas,flat shoe,Casual,Canvas Shoes",black,5,42,50,99800,4.295791583,3. Médio(1000),764,Preto,4. Alto Impacto,None,0,FALSE,FALSE,FALSE,0,Standard Delivery,2. Barato,2. Normal,15. Calçados / Numerações,Não Especificado,"Algodão/Poliéster, Denim, Algodão, Metal/Plástico",FALSE,CN,price_maior,-14,FALSE
661,5e95cf4cce38972f9c579599,Women's Fashion Solid Summer Shorts Ladies Casual Short Pants Beach Shorts Plus Size XS-8XL,7,6,100,0,3.72,47,19,12,6,4,6,"Summer,Shorts,skinny pants,pants,women's pants,Short pants,summer shorts,Casual,harem pants,Women's Fashion,Plus Size,Sports Pants,Denim Shorts,high waisted shorts,Ladies,Beach,Fashion,pant womens summer",green,50,22,50,17655,4.127839139,2. Baixo(100),744,Verde,3. Médio Impacto,Scarcity,0,FALSE,FALSE,FALSE,0,Standard Delivery,2. Barato,2. Normal,05. P (XS),"Calça, Shorts","Algodão/Poliéster, Denim, Algodão",TRUE,CN,price_maior,-14,FALSE
662,5aabae5e7ddb066f389e4e7b,New Sexy Women Strap Backless Pajamas Lingerie Night Sleepwear Mini Dress ,8,7,100,0,2.79,14,5,1,0,2,6,"Mini,Dress,summer dress,Mini dress,silk dress,Women's Fashion,Party Dress,backless,Sleepwear,Lingerie,strapdre,women dress,sexy,sleepweardre,Pajamas,Women",brown,50,41,50,7012,4.3367085,2. Baixo(100),558,Tons Neutros,2. Baixo a Médio Impacto,None,2,TRUE,FALSE,TRUE,0,Express Delivery,3. Médio,1. Express,06. P (S),"Vestido, Pijama, Roupa de Dormir","Poliéster/Elastano, Algodão/Poliéster, Algodão/Viscose, Poliéster, Algodão",FALSE,CN,price_maior,-12,FALSE
663,5ea1a307f5df8f1f851fda62,2020 Summer New Fashion Women's Tie-dye Gradient Printed Loose T-shirt Plus Size S-5XL,8,7,1000,0,3.91,102,50,20,15,7,10,"shirtsforwomen,Summer,Fashion,Shirt,Tops,short sleeves,T Shirts,Plus Size,printed,loose t-shirt,Women's Fashion,Casual,Women",blue,50,37,50,2076,4.097302505,3. Médio(1000),782,Azul,3. Médio Impacto,None,0,FALSE,FALSE,FALSE,0,Standard Delivery,2. Barato,2. Normal,06. P (S),"Camiseta, Camisa, Top","Algodão/Poliéster, Algodão, Poliéster",FALSE,CN,price_maior,-12,FALSE
664,594b7307a6623669348a92d1,2019 Summer Hot Womens Playsuit For Holiday Ladies Summer Floral Jumpsuit Sleeveless Romper Shorts,14,86,1000,0,4.08,546,302,108,58,35,43,"women clothes,Shorts,playsuit,Ladies,Women's Fashion,summerjumpsuit,Women's Jumpsuits,jumpsuit,Rompers,beachjumpsuit",no_color_specified,50,17,50,62240,4.265472365,3. Médio(1000),816,Não Informado,0. Não Informado,Scarcity,0,FALSE,FALSE,FALSE,0,Standard Delivery,2. Barato,2. Normal,06. P (S),"Macacão, Shorts, Conjunto/Terno","Algodão/Poliéster, Poliéster/Algodão, Algodão",TRUE,CN,retail_maior,514,FALSE
665,5b24a2b9b2c8bd2aa4036e49,Summer Shorts Lace Up Elastic Waistband Loose Panties,6,32,5000,0,3.47,536,213,89,81,44,109,"Summer,Beach Shorts,Sports & Outdoors,Elastic,Short pants,summer shorts,Women's Fashion,Shorts,women shorts,Plus Size,Panties,high waisted shorts,pant womens summer,Lace",white,50,18,50,17120,3.898890187,4. Alto(10000),694,Branco,1. Baixo Impacto,Scarcity,0,FALSE,FALSE,FALSE,0,Standard Delivery,2. Barato,2. Normal,06. P (S),"Calça, Shorts","Algodão/Poliéster, Elastano, Renda, Algodão",TRUE,CN,retail_maior,433,FALSE
666,5d1c3deb8efcc17404a476fd,NEW Women Loose Solid Color Dress Short Sleeve V-neck Dress Plus Size,11,10,20000,1,3.63,2633,1097,482,430,227,397,"sleeve v-neck,fashion women,short sleeve dress,Sleeve,Dresses,Plus Size,summer dress,casual dresses,V-neck,Mini dress,short sleeves,Party Dress,Shorts,Women's Fashion,Dress,Women",grey,50,35,50,12441,3.924684511,5. Muito Alto(20000),726,Cinzento,2. Baixo a Médio Impacto,None,0,FALSE,FALSE,FALSE,1,Standard Delivery,2. Barato,2. Normal,06. P (S),"Vestido, Camiseta, Shorts","Algodão/Poliéster, Algodão/Viscose, Poliéster/Elastano, Poliéster, Algodão",FALSE,CN,price_maior,-9,TRUE
667,5d9addc41a7798259e7a705b,New Women Fashion Women Yoga butterfly printed Legging High Waist Jeggings Tight Jeans Print Slim Pant Skinny Leggings,8,26,1000,1,4.19,54,35,7,4,3,5,"butterfly,longtrouser,Plus Size,pants,slim,jeansforwomen,Women's Fashion,Fashion,printed,highwaispant,leggingsamptight,autumn and winter,Women Fashion,Women,Leggings,Yoga,Waist,Print,jegging,high waist,jeggingsforwoman,fitnesspant,Jeans",grey,50,43,50,65189,4.049640277,3. Médio(1000),838,Cinzento,2. Baixo a Médio Impacto,Scarcity,1,FALSE,TRUE,FALSE,1,Standard Delivery,2. Barato,2. Normal,06. P (S),"Jeans, Calça","Algodão/Poliéster, Denim, Poliéster, Algodão/Elastano, Algodão, Nilon/Elastano",TRUE,CN,retail_maior,225,TRUE
668,5ed5c0afc832f62b8cfb21cb,Summer Fashion Men's Shorts Summer Casual Sport Shorts for Men Knee Pleated Lac Up Waist Jogger Pants,14,12,10,1,4,2,1,0,1,0,0,"Summer,Shorts,Waist,pants,Jogger,Pleated,Men,summerpant,harem pants,Men's Fashion,Fashion,knee,Sport,Casual",black,1,22,50,514,3.875486381,1. Micro(10),800,Preto,4. Alto Impacto,Scarcity,0,FALSE,FALSE,FALSE,1,Standard Delivery,2. Barato,2. Normal,05. P (XS),"Calça, Shorts","Algodão/Poliéster, Algodão",TRUE,CN,price_maior,-14,TRUE
669,5ebfb735c9354d2da2efa220,Fashion Womens Jumpsuit Summer Bib Pants Shorts Casual Loose Sleeveless Rompers Jumpsuit Suspenders Overalls S-5XL,5,127,100,0,2.79,19,4,4,2,2,7,"Summer,Shorts,pants,Loose,Overalls,Fashion,black,sleeveless,Casual,jumpsuit",orange,18,54,50,9357,4.225392754,2. Baixo(100),558,Laranja/Amarelo,3. Médio Impacto,None,0,FALSE,FALSE,FALSE,0,Standard Delivery,2. Barato,2. Normal,06. P (S),"Macacão, Jardineira/Macacão, Calça, Shorts","Algodão/Poliéster, Denim, Algodão",FALSE,CN,retail_maior,2440,FALSE
670,5e9e512979c77d0abfe12ef2,2020 Summer Womens Teens Casual Splicing Drawstring Shorts High Waist Trendy Camouflage Printed Short Pants Female Trousers,11,10,100,0,4.25,20,12,4,2,1,1,"Splicing,Shorts,high waist,drawstringshort,Summer,pants,Short pants,camouflage,t,womens clothes,trousersforwomen,trousers,printed,shortsforwomen,Casual,Waist",camouflage,50,33,50,360,4.230555556,2. Baixo(100),850,Multicor/Estampado,4. Alto Impacto,None,0,FALSE,FALSE,FALSE,0,Standard Delivery,2. Barato,2. Normal,06. P (S),"Calça, Shorts","Algodão/Poliéster, Poliéster, Algodão",FALSE,CN,price_maior,-9,FALSE
671,5eb618659ac3e01e76161a4a,2020 Women Fashion V-neck Solid Color Slim Fit Casual Cotton Two Pieces Sports Wear,4.81,30,3,0,5,0,0,0,0,0,0,"Summer,Shorts,Slim Fit,slim,twopiecesoutfit,V-neck,Women's Fashion,Fashion,tank top,Women,sexy,Sport,Casual,Women Fashion,Cotton",green,5,43,50,11378,3.990507998,1. Micro(10),1000,Verde,3. Médio Impacto,None,0,FALSE,FALSE,FALSE,0,Standard Delivery,2. Barato,2. Normal,05. P (XS),"Shorts, Regata","Algodão/Poliéster, Algodão, Poliéster/Elastano, Algodão/Elastano",FALSE,CN,retail_maior,524,FALSE
672,5936611a08f45940ce8b5e01,MXNINA  Sexy Women's Summer Casual Sleeveless Evening Party Backless Beachwear Mini Dress wmnC16122400387E21,9,21,100,0,3.51,47,17,10,6,8,6,"Summer,womens dresses,Mini,Patchwork,fashion dress,Dress,Mini dress,Women's Fashion,Women S Clothing,backless,sexy,party,Casual,sleeveless",green,7,34,50,9827,4.11386995,2. Baixo(100),702,Verde,3. Médio Impacto,None,0,FALSE,FALSE,FALSE,0,Standard Delivery,2. Barato,2. Normal,07. M,Vestido,"Poliéster/Elastano, Algodão/Poliéster, Poliéster/Viscose, Poliéster, Algodão",FALSE,CN,retail_maior,133,FALSE
673,5e5769e751a8041e0224208f,Summer Women's Wear Lace-up Dress Sexy Fashion V-neck Bohemian Beach Skirt,11,70,10,0,2,2,0,0,0,2,0,"Summer,Fashion,Beach,Dress,boho,V-neck,Women's Fashion,bohemian,Lace Up,wear,sexy,Skirts,Women",pink,1,62,50,528,3.873106061,1. Micro(10),400,Rosa,3. Médio Impacto,None,0,FALSE,FALSE,FALSE,0,Standard Delivery,2. Barato,2. Normal,06. P (S),Vestido,"Algodão/Poliéster, Renda, Poliéster/Elastano, Algodão",FALSE,US,retail_maior,536,FALSE
674,5d159fb3571bc13fb08f3a77,Plus Size S-5xl Jumpsuits Summer Simple Style Women Short Sleeve Jumpsuit Wide Leg Solid Color Business Wear,12,11,1000,1,3.85,398,188,75,64,29,42,"Summer,trousers,Sleeve,Simple,Loose,short sleeves,Shorts,Round neck,Women's Fashion,Plus Size,summerjumpsuit,solid color,Women,Wool,women Jumpsuit,Casual,jumpsuit",navyblue,50,58,50,3727,3.863697344,3. Médio(1000),770,Azul,3. Médio Impacto,None,0,FALSE,FALSE,FALSE,1,Standard Delivery,2. Barato,2. Normal,06. P (S),"Macacão, Camiseta, Shorts","Algodão/Poliéster, Algodão",FALSE,CN,price_maior,-8,TRUE
675,5c3ec8efdb9deb55dd4b86c6,2019 Summer Women Sexy Off Shoulder Shirt Casual Half Sleeve Top Ladies Fashion Printing Loose T-shirts Plus Size Cotton Blouse XS-5XL,6,140,1000,0,4.09,538,299,105,63,25,46,"Summer,Plus Size,crop top,Cotton T Shirt,T Shirts,Fashion,off shoulder,Casual T-Shirt,sexy,Casual,Shirt,blouse,Cotton,Sexy Top,Sleeve,Tops,Womens Blouse,Women's Fashion,Printing t shirt,Ladies,loose t-shirt,Women,Ladies Fashion",red,44,18,50,2464,4.03125,3. Médio(1000),818,Vermelho,4. Alto Impacto,None,0,FALSE,FALSE,FALSE,0,Standard Delivery,2. Barato,2. Normal,05. P (XS),"Blusa, Camiseta, Camisa, Top","Poliéster/Viscose, Algodão/Poliéster, Algodão, Poliéster/Elastano, Poliéster",FALSE,CN,retail_maior,2233,FALSE
676,5e9536095c9c5306813b3bbc,NEW Fashion Women Flower Slip On Platform Sandals Slippers Beach Shoes Wedges Sandals Summer Casual Shoes Plus Size,3.87,15,100,1,4.53,43,32,6,3,0,2,"beach shoes,fashion women,Plus Size,Women Sandals,Fashion,bohemiasandal,Beach,Flowers,platformsandal,wedgessandal,nonslipslipper,womenshoessummer,sandals for women,Sandals,Summer,Shoes,Women,Women's Fashion,Casual,Slippers,slippers for women",grey,5,67,50,4501,4.232170629,2. Baixo(100),906,Cinzento,2. Baixo a Médio Impacto,None,1,TRUE,FALSE,FALSE,1,Standard Delivery,2. Barato,2. Normal,15. Calçados / Numerações,Não Especificado,"Algodão/Poliéster, Algodão",FALSE,CN,retail_maior,288,TRUE
678,5d32ae384c901a2f6263384d,Women Summer Sleeveless V-neck Tops Pure Color T-shirt Casual Tank Tops Loose Button-up Blouse Lady Sleeveless Shirts Plus Size Top,11,11,1000,0,3.75,213,97,35,38,16,27,"Summer,Plus Size,street style,V-neck,women summer tops,Sleeveless Shirt,Fashion,Casual T-Shirt,Casual,T Shirts,Shirt,blouse,Tank,summer tank top,Tops,Women's Fashion,woman shirt summer,Women,women tank top,sleeveless,summer t-shirts,Loose tank tops,Pure Color",purple,50,18,50,17120,3.898890187,3. Médio(1000),750,Roxo,3. Médio Impacto,Scarcity,0,FALSE,FALSE,FALSE,0,Standard Delivery,2. Barato,2. Normal,06. P (S),"Blusa, Camiseta, Camisa, Top, Regata","Poliéster/Viscose, Algodão/Poliéster, Algodão",TRUE,CN,iguais,0,FALSE
681,5eaaece39229fd6f744473dc,Cotton Shirt Tops Women's Summer Casual Loose Short-sleeved Printed Ladies Shirt,14,25,100,1,3.8,50,23,9,8,5,5,"blouse,Summer,Plus Size,Shirt,Tops,Loose,short sleeves,Fashion,printed,Tops & T-Shirts,Ladies,women top,Casual,Cotton",green,2,39,50,230,3.908695652,2. Baixo(100),760,Verde,3. Médio Impacto,Scarcity,0,FALSE,FALSE,FALSE,1,Standard Delivery,2. Barato,2. Normal,05. P (XS),"Blusa, Camisa, Camiseta, Top","Poliéster/Viscose, Algodão/Poliéster, Algodão, Poliéster",TRUE,CN,retail_maior,79,TRUE
683,5937a77811601873f9b93e96,Women Summer Sexy Floral print off shoulder Beach Bohemian Chiffon Dress Size S-4XL,9,8,10000,1,3.91,3101,1506,654,417,217,307,"Fashion,chiffon,long dress,Dress,summer dress,Women's Fashion,maxi dress,Floral,beach dress,off shoulder,women dress,Print,party,sexy,Beach,Women",red,7,41,50,12004,4.079223592,4. Alto(10000),782,Vermelho,4. Alto Impacto,None,0,FALSE,FALSE,FALSE,1,Standard Delivery,2. Barato,2. Normal,06. P (S),Vestido,"Algodão/Poliéster, Algodão/Viscose, Poliéster, Poliéster/Viscose, Viscose/Poliéster, Poliéster/Elastano, Algodão",FALSE,CN,price_maior,-11,TRUE
686,5d19be93231caf73e46ccc12,Women Summer Short Sleeve Deep V Neck Printed Beach Dress Loose Casual Big Swing Maxi Dress,9,8,5000,0,3.08,777,213,133,133,97,201,"Summer,Shorts,Necks,Sleeve,long dress,Beach,Tunic dress,Loose,short sleeves,V-neck,beach dress,printed,vacationdre,Dress,Women's Fashion,Casual,long_maxi_dress,Women",khaki,50,24,50,10474,3.908535421,4. Alto(10000),616,Tons Neutros,2. Baixo a Médio Impacto,Scarcity,0,FALSE,FALSE,FALSE,0,Standard Delivery,2. Barato,2. Normal,06. P (S),"Vestido, Camiseta, Shorts, Túnica","Algodão/Poliéster, Algodão/Viscose, Viscose/Poliéster, Poliéster, Algodão",TRUE,CN,price_maior,-11,FALSE
687,5d32ae381e56691d7722e2c2,Women Summer Casual Loose Solid Color Vintage Overalls Strap Long Pants Jumpsuits Rompers Plus Size,12,16,10000,0,3.01,1322,373,194,213,152,390,"Summer,Women Rompers,Plus Size,women long pants,linenjumpsuit,pants,Overalls,Loose,plussizejumpsuit,Women's Fashion,strappant,Long pants,Jumpsuits & Rompers,rompers womens jumpsuit,Vintage,Women,women Jumpsuit,Casual,jumpsuit",winered,50,18,50,17120,3.898890187,4. Alto(10000),602,Vermelho,4. Alto Impacto,None,0,FALSE,FALSE,FALSE,0,Standard Delivery,2. Barato,2. Normal,06. P (S),"Macacão, Jardineira/Macacão, Calça, Conjunto/Terno","Algodão/Poliéster, Denim, Poliéster/Algodão, Algodão, Algodão/Denim",FALSE,CN,retail_maior,33,FALSE
689,5cf7a100809b316c5d761f61,NEW Women Summer Floral Printed  Sleeveless Dress Sling Dress V-neck Backless Dress ,11,10,10000,1,4.09,2324,1222,492,345,117,148,"Sleeveless dress,Summer,Dresses,Dress,slingdre,Floral dress,Women's Fashion,Party Dress,backless,V-neck,bohemian dress,Floral,summer dresses,printed,Women,sleeveless,casual dress",floral,50,35,50,14095,4.08967719,4. Alto(10000),818,Multicor/Estampado,4. Alto Impacto,Scarcity,0,FALSE,FALSE,FALSE,1,Standard Delivery,2. Barato,2. Normal,08. G (L),Vestido,"Poliéster/Elastano, Algodão/Poliéster, Algodão/Viscose, Poliéster/Viscose, Poliéster, Algodão",TRUE,CN,price_maior,-9,TRUE
691,5b2b38a1f795e417f8c00222,Women's Fashion Hollow Out Boho Dress Spring Summer Vintage Loose Lace Lantern Sleeve Short Dress Ruffle Floral V Neckline Tunic Dress Plus Size XXS-5XL,11,159,1000,0,3.67,585,237,129,84,59,76,"Summer,Plus Size,ruffle,Spring/Autumn,Spring,Tunic dress,Loose,Women's Fashion,Shorts,Neckline,Floral,Lace,Maternity Dresses,blouse women,tunic,short dress,Sleeve,Dresses,Vintage,Vacation,boho,boho dress,daydre,Fashion,Dress,Lantern",white,50,109,50,16085,3.878023003,3. Médio(1000),734,Branco,1. Baixo Impacto,None,0,FALSE,FALSE,FALSE,0,Standard Delivery,2. Barato,2. Normal,05. P (XS),"Blusa, Vestido, Shorts, Túnica","Poliéster/Viscose, Viscose/Poliéster, Algodão/Poliéster, Renda, Algodão, Algodão/Viscose, Algodão/Denim",FALSE,CN,retail_maior,1345,FALSE
692,5cde482084913617975abc02,Women's Round Neck Digital Flower Printed Dress Sleeveless Plus Size Mini Dress,11,26,1000,0,3.95,596,304,112,86,36,58,"Mini,Plus Size,Necks,Round Collar,Dress,summer dress,Mini dress,Round neck,Women's Fashion,Flowers,printed,women dress,Summer Fashion,sleeveless,casual dress",rosered,50,33,50,5534,3.999819299,3. Médio(1000),790,Vermelho,3. Médio Impacto,None,0,FALSE,FALSE,FALSE,0,Standard Delivery,2. Barato,2. Normal,10. XG (2XL),Vestido,"Algodão/Poliéster, Algodão/Viscose, Poliéster/Elastano, Poliéster, Algodão",FALSE,CN,retail_maior,136,FALSE
693,55a3818f65bfcb406995a2a5,Sexy Women Maxi Long Lace Cocktail Evening Summer Beach Backless Ball Gown Dress,13,30,20000,0,2.93,3421,863,469,621,510,958,"Summer,Cocktail,Lace,flowerlacedre,gowns,long dress,Evening Dress,ballgowndre,summer dress,backless dress,ball gown,Maxi Dresses,Women's Fashion,boho dress,sexy,women dress,backless,Beach,Dress,Women",no_color_specified,50,45,50,200089,4.096666983,5. Muito Alto(20000),586,Não Informado,0. Não Informado,Scarcity,0,FALSE,FALSE,FALSE,0,Standard Delivery,2. Barato,2. Normal,07. M,Vestido,"Poliéster/Elastano, Algodão/Poliéster, Viscose/Poliéster, Renda, Algodão/Viscose, Algodão",TRUE,CN,retail_maior,131,FALSE
694,5d69df6c8b2a8b61e7b3eb0c,Summer Vacation Women S-5XL Plus Size V-neck Style  Mini Dress Sleeveless Pure Color Skirt Beach Dress Casual Loose Dress,5.77,9,100,0,2.9,62,16,8,13,4,21,"Summer,Plus Size,Deep V-neck Dress,Mini,Skirts,Pure Color,Loose,Vacation,V-neck,Mini dress,beach dress,Women,women dress,Dress,sleeveless,Beach,Women's Fashion,Casual,casual dress",pink,50,43,50,2044,4.002935421,2. Baixo(100),580,Rosa,3. Médio Impacto,None,0,FALSE,FALSE,FALSE,0,Standard Delivery,2. Barato,2. Normal,06. P (S),Vestido,"Algodão/Poliéster, Algodão/Viscose, Poliéster/Elastano, Algodão",FALSE,CN,retail_maior,56,FALSE
695,5e9eba2f1a0bf408fef8b837,Plus Size Women's Fashion Loose Casual slim Solid color sleeveless Summer Vest camisole tank tops,5,5,100,0,3.91,43,22,9,4,2,6,"Summer,Vest,Plus Size,Tank,camisole,Tops,slim,Women's Fashion,Fashion,Loose,solid color,sleeveless,Casual",coffee,1,24,50,10474,3.908535421,2. Baixo(100),782,Tons Neutros,2. Baixo a Médio Impacto,None,0,FALSE,FALSE,FALSE,0,Standard Delivery,2. Barato,2. Normal,05. P (XS),"Camisete, Top","Algodão/Poliéster, Poliéster/Viscose, Algodão/Elastano, Algodão",FALSE,CN,iguais,0,FALSE
696,5937cd7fb6a2cd0ccdbef91c,Women's Fashion Jumpsuits & Rompers Ruffle Floral Lace Slash Neck Jumpsuit Sexy Casual Off Shoulder Embroidery Bodysuit (4 Colors X 4 Sizes),11,10,5000,0,3.34,1897,669,302,328,196,402,"bodycon jumpsuits,Summer,short sleeve dress,ruffle,Lace,Slim Fit,jumpsuit,floral lace,Women's Fashion,Fashion,off shoulder,slashneckjumpsuit,sexy,sexy jumpsuit,women top,Casual,Necks",white,3,30,50,5660,3.958303887,4. Alto(10000),668,Branco,1. Baixo Impacto,None,0,FALSE,FALSE,FALSE,0,Standard Delivery,2. Barato,2. Normal,05. P (XS),"Vestido, Macacão, Conjunto/Terno, Top","Algodão/Poliéster, Poliéster/Viscose, Renda, Poliéster/Elastano, Algodão/Elastano, Poliéster/Algodão, Algodão",FALSE,CN,price_maior,-9,FALSE
697,5e807b83a887540e4049dd31,Kawaii Cartoon Avocado Short Sleeve T-shirt Women Casual Avocado Graphic T-shirt Female Tee Summer Women T-shirts Tops,6,17,100,0,3.47,55,22,9,6,9,9,"Kawaii,cute,#Summer Clothes,Shorts,Sleeve,Summer,korean style,Tops,avocado,T Shirts,short sleeves,Casual,Women's Fashion,women t shirt,Casual T-Shirt,Women,Cartoons,Cotton",green,50,49,50,7851,4.216278181,2. Baixo(100),694,Verde,3. Médio Impacto,None,0,FALSE,FALSE,FALSE,0,Standard Delivery,2. Barato,2. Normal,11. Plus Size (3XL),"Camiseta, Camisa, Shorts, Top","Algodão/Poliéster, Algodão",FALSE,CN,retail_maior,183,FALSE
698,5c86009eab8dc14c1e679eb0,2019 Summer Ribbed Knitted Tank Top Cool Casual Plain Crop Top,5,5,1000,0,3.34,252,80,44,57,23,48,"highwaisttop,Fashion,loosevest,Summer,loose shirt,Tank,Tops,knitted crop top,tank top,tank tops women,knitted,ribbed crop top,PLAINCROP TOP,Casual,cassualvest,solidblouse,tops for women",blue,15,41,50,15948,4.094745423,3. Médio(1000),668,Azul,3. Médio Impacto,Scarcity,0,FALSE,FALSE,FALSE,0,Standard Delivery,2. Barato,2. Normal,05. P (XS),"Blusa, Camisa, Regata, Top","Poliéster/Viscose, Algodão/Poliéster, Algodão/Viscose, Algodão",TRUE,CN,iguais,0,FALSE
700,5d11df5057a1887a5e25584f,Women Shorts Jumpsuits Summer Jumpsuits Casual V Neck Loose Drawstring Waist Jumpsuit One Piece Suits Short Sleeve Ladies Short Rompers,8,7,1000,1,3.47,378,145,67,54,44,68,"Summer,Women Rompers,looseblouse,summer shorts,short sleeves,Women's Fashion,jumsuitsforwomen,loosejumpsuit,One-Piece Suits,Necks,onepiece,Shorts,Waist,Sleeve,Pure Color,jumpsuit,Casual,Jumpsuits & Rompers,Ladies,Women,women Jumpsuit,tops for women",blue,5,137,50,4434,4.064727109,3. Médio(1000),694,Azul,3. Médio Impacto,None,0,FALSE,FALSE,FALSE,1,Standard Delivery,2. Barato,2. Normal,05. P (XS),"Blusa, Macacão, Camiseta, Shorts, Conjunto/Terno, Top","Poliéster/Viscose, Algodão/Poliéster, Viscose/Poliéster, Poliéster/Algodão, Algodão",FALSE,CN,price_maior,-12,TRUE
703,5d5f49662c026a13234062e7,Summer New Women's Casual Dress Short Sleeve V-neck Loose Dresses Solid Color Dress Plus Size,7,6,1000,1,3.28,141,44,29,21,17,30,"sleeve v-neck,Summer,Plus Size,Sleeve,Dresses,Dress,short sleeves,V-neck,Women's Fashion,Shorts,solid color,knee,Fashion,Casual",yellow,7,23,50,12309,4.045170201,3. Médio(1000),656,Laranja/Amarelo,3. Médio Impacto,Scarcity,0,FALSE,FALSE,FALSE,1,Standard Delivery,2. Barato,2. Normal,05. P (XS),"Vestido, Camiseta, Shorts","Algodão/Poliéster, Algodão",TRUE,CN,price_maior,-14,TRUE
704,5ce4172ab1219155bd999296,Women Summer Printed Plus Size  Loose Casual Trousers Harlon Pants Long Pants,12,11,10000,0,3.25,1276,431,195,205,146,299,"Summer,Plus Size,pants,harlonpant,Loose,Long pants,Women's Fashion,trousers,printed,Casual,Women",red,15,11,50,6158,3.794738551,4. Alto(10000),650,Vermelho,4. Alto Impacto,Scarcity,0,FALSE,FALSE,FALSE,0,Standard Delivery,2. Barato,2. Normal,06. P (S),Calça,"Algodão/Poliéster, Poliéster, Algodão",TRUE,CN,price_maior,-8,FALSE
705,5ea8f08300a7ca1e25baf3e1,Plus Size Women's Fashion Chiffon Shirt V-neck Long Sleeve Loose Tops Zipper T-Shirt,2,9,100,1,3.67,12,5,3,1,1,2,"Plus Size,Shirt,Sleeve,Long Sleeve,Tops,Loose,T Shirts,chiffon,Women's Fashion,Fashion,Chiffon Shirt,V-neck,zippers",rose,1,41,50,111,3.801801802,2. Baixo(100),734,Rosa,3. Médio Impacto,None,0,FALSE,FALSE,FALSE,1,Standard Delivery,2. Barato,2. Normal,05. P (XS),"Camisa, Camiseta, Top","Poliéster, Algodão/Poliéster, Algodão, Metal/Plástico",FALSE,CN,retail_maior,350,TRUE
706,5eb0d8b4423db02317031a34,Women Summer Casual Loose Sling Dress V-neck Backless Long Dress Dress Sleeveless Pockets Solid Color Maxi Dress Plus Size ,4,4,100,1,3.1,21,4,5,5,3,4,"Summer,Plus Size,long dress,Dress,summer dress,Party Dress,V-neck,Maxi Dresses,Casual,Women's Fashion,Sleeveless dress,backless,Sexy Dress,sleeveless,Women,loose dress,casual dress",pink & blue,5,25,50,22615,4.078222419,2. Baixo(100),620,Multicor/Estampado,3. Médio Impacto,None,0,FALSE,FALSE,FALSE,1,Standard Delivery,2. Barato,2. Normal,04. PP (XXS),Vestido,"Poliéster/Elastano, Algodão/Poliéster, Algodão/Viscose, Viscose/Poliéster, Viscose/Algodão, Poliéster, Algodão",FALSE,CN,iguais,0,TRUE
707,5af661dd2c642f136b49527b,2018 Black Flora Flower Printed Short Dress Women,11,11,10000,0,3.75,1520,660,322,231,119,188,"printeddres,flora,short dress,Shorts,Dress,Party Dress,Women's Fashion,bohoskirt,Mini dress,boho,Sleeveless dress,boho dress,Flowers,bohostyle,printed,Women,black",black,50,60,50,2975,4.180840336,4. Alto(10000),750,Preto,4. Alto Impacto,None,0,FALSE,FALSE,FALSE,0,Standard Delivery,2. Barato,2. Normal,06. P (S),"Vestido, Shorts","Algodão/Poliéster, Viscose/Poliéster, Poliéster/Elastano, Poliéster, Algodão/Viscose, Algodão",FALSE,US,iguais,0,FALSE
708,5cbe81430aa3a4566e6ee369,Fashion Women Jumpsuits Slit Bohemia Maxi Long Dress Womens Printed Dress Rose Boho Beach Shorts,13,15,100,0,3.49,55,21,11,6,8,9,"bohemia,sleeveless,Shorts,Rose,long dress,Vintage,Dress,boho,Women's Fashion,Fashion,printed,maxi dress,jumpsuit,women dress,Women,Beach,Vintage dress",green,2,33,50,3276,4.428571429,2. Baixo(100),698,Verde,3. Médio Impacto,None,1,FALSE,FALSE,TRUE,0,Standard Delivery,2. Barato,2. Normal,06. P (S),"Vestido, Macacão, Shorts","Algodão/Poliéster, Viscose/Poliéster, Poliéster, Algodão, Algodão/Denim",FALSE,CN,retail_maior,15,FALSE
709,57a940f74b2a7418992a07f4,Women's Shorts Spring Summer Leopard/Multicolor/Black/Red Printed Shorts Casual Short Pants,6,17,10000,0,4.35,3279,2091,612,336,109,131,"Women Pants,Summer,Fashion,pants,Leopard,Short pants,beach wear,Women's Fashion,Shorts,printed,Spring,sexy,Casual,european",black,3,40,50,110548,4.1436661,4. Alto(10000),870,Preto,4. Alto Impacto,None,1,FALSE,TRUE,FALSE,0,Standard Shipping,2. Barato,2. Normal,06. P (S),"Moda Praia, Calça, Shorts","Algodão/Poliéster, Nilon/Elastano, Poliéster, Poliéster/Elastano, Algodão",FALSE,CN,retail_maior,183,FALSE
710,5def361cdcbcd1028120322d,Summer Vintage Swimsuit  Women Two Piece Retro Halter Ruched High Waist Print Bikini Set,12,100,100,0,3.68,40,16,8,7,5,4,"Summer,Fashion,Halter,sexy bikini,One Piece Swimsuits,Women's Fashion,Bikinis Set,Swimsuit,Waist,Underwear,two piece swimsuit,high waist,Bikini swimwear,Vintage,Sexy Swimwear,Push up bikini,Bikini,retro,Print,Women,Swimming",no_color_specified,50,28,50,4758,4.243589744,2. Baixo(100),736,Não Informado,0. Não Informado,Scarcity,0,FALSE,FALSE,FALSE,0,Standard Delivery,2. Barato,2. Normal,06. P (S),"Biquíni, Conjunto/Terno, Maiô/Biquíni, Moda Praia","Nilon/Elastano, Algodão/Poliéster, Poliéster, Poliéster/Elastano, Poliéster/Algodão, Algodão, Algodão/Denim",TRUE,CN,retail_maior,733,FALSE
711,5ea11b7fdb5ebf040c8e489d,New Lovely Women's Two Piece Set Lips Print Short Sleeves T-shirt & Skinny Shorts Pants Sets,12,11,5000,0,3.96,247,135,37,32,17,26,"Summer,Shorts,Sleeve,pants,Short pants,Women Set,summer shorts,T Shirts,leopardprinted,Women's Fashion,lip,shirtandshort,Print,sexy,short sleeve shirt,lovely,lipsprint",brown,50,41,50,31916,4.105777666,4. Alto(10000),792,Tons Neutros,2. Baixo a Médio Impacto,None,0,FALSE,FALSE,FALSE,0,Standard Delivery,2. Barato,2. Normal,06. P (S),"Calça, Camisa, Shorts, Camiseta","Algodão/Poliéster, Poliéster, Poliéster/Elastano, Algodão",FALSE,CN,price_maior,-8,FALSE
712,5cdbfec689dab63d46b47cc5,ZANZEA Women Summer Fashion V Neck Short Sleeve Plain Cotton Ruffle Long Dress,14,126,100,1,4.09,150,76,37,19,10,8,"Summer,plaincolor,ruffle,Necks,Sleeve,long dress,Dress,Loose,short sleeves,V-neck,Shorts,Cotton Dress,Women's Fashion,Plus Size,women dress,Women,Fashion,frilledhem,Cotton",winered,50,40,50,14291,4.184731649,2. Baixo(100),818,Vermelho,4. Alto Impacto,Scarcity,0,FALSE,FALSE,FALSE,1,Standard Delivery,2. Barato,2. Normal,06. P (S),"Vestido, Camiseta, Shorts","Algodão, Algodão/Poliéster, Viscose/Poliéster",TRUE,CN,retail_maior,800,TRUE
713,5eb4ebb47cac1223a5749cc2,5 Colors Women's Summer Fashion Spaghetti Strap Floral Print Tie Front Mini Dress Party Dresses,11,10,100,1,4.38,8,6,1,0,0,1,"Summer,dressesforwomen,Floral print,Mini,long dress,Dress,Mini dress,Floral,Women's Fashion,Sleeveless dress,party,Sexy Dress,Print,summer dresses,Spaghetti,Women",pink,50,139,50,120,4.283333333,2. Baixo(100),876,Rosa,3. Médio Impacto,Scarcity,0,FALSE,FALSE,FALSE,1,Standard Delivery,2. Barato,2. Normal,06. P (S),Vestido,"Algodão/Poliéster, Poliéster/Viscose, Viscose/Poliéster, Poliéster/Elastano, Poliéster, Algodão/Viscose, Algodão",TRUE,CN,price_maior,-9,TRUE
714,5e65fa41b12772c309bcf9fe,Summer Women Elastic Waist Cotton Pleated Hem Solid Color Cotton  Patchwork Long Maxi Skirt Saia,14,97,100,0,4.23,44,20,16,7,0,1,"Summer,long skirt,elastic waist,Cotton,Waist,Elastic,Patchwork,Pleated,maxi skirt,Women's Fashion,Plus Size,summerlongskirt,solid color,Women,saiaplissada,Skirts,saialonga,pleatedhem",beige,3,36,50,878,4.21070615,2. Baixo(100),846,Tons Neutros,2. Baixo a Médio Impacto,None,0,FALSE,FALSE,FALSE,0,Standard Delivery,2. Barato,2. Normal,06. P (S),Não Especificado,"Algodão, Elastano, Algodão/Poliéster",FALSE,CN,retail_maior,593,FALSE
715,5e7d9bee6732e31740797e15,Women's Summer Fashion Spaghetti Strap Floral Print Tie Front Mini Dress Sexy Dress,9,9,1000,0,3.37,238,86,40,37,26,49,"Mini,spaghettistrapdresse,Floral print,Summer,womensfahsion,Spaghetti,Dress,summer dress,Print,minidressforwomen,Mini dress,spaghettishoulderstrapdre,Women's Fashion,floralprinteddre,Sexy Dress,Floral,sexy,Fashion",white,13,41,50,28694,3.893845403,3. Médio(1000),674,Branco,1. Baixo Impacto,None,0,FALSE,FALSE,FALSE,0,Standard Delivery,2. Barato,2. Normal,05. P (XS),Vestido,"Algodão/Poliéster, Poliéster/Viscose, Poliéster/Elastano, Poliéster, Algodão/Viscose, Algodão",FALSE,CN,iguais,0,FALSE
716,5ecb27f2a746691048f27232,Summer New Women's Casual Dress Short Sleeve V-neck Loose Dresses Solid Color Dress Plus Size,11,10,100,1,3.8,10,5,1,2,1,1,"sleeve v-neck,Summer,Plus Size,Sleeve,Dresses,Dress,short sleeves,V-neck,Women's Fashion,Shorts,solid color,Casual",yellow,10,26,50,247,3.943319838,2. Baixo(100),760,Laranja/Amarelo,3. Médio Impacto,None,0,FALSE,FALSE,FALSE,1,Standard Delivery,2. Barato,2. Normal,05. P (XS),"Vestido, Camiseta, Shorts","Algodão/Poliéster, Algodão",FALSE,CN,price_maior,-9,TRUE
717,5ce2702ba6bc056027727991,20 Pcs Fashion Comfortable Short Socks Candy Color Invisible Silicone Non-slip Socks Slippers Socks,3.7,58,5000,1,3.47,835,342,113,143,68,169,"Cotton Socks,Silicone,Socks,invisiblesock,candy,Shorts,Slippers,Food,candycolorsock,Fashion,antislipsock,shortsock,Moisturizing Socks,summersock,anklesock",nude,50,118,50,21012,4.189843899,4. Alto(10000),694,Tons Neutros,2. Baixo a Médio Impacto,None,0,FALSE,FALSE,FALSE,1,Standard Shipping,2. Barato,2. Normal,16. Outros Itens (Dimensões/Kits/Objetos),Shorts,"Algodão, Algodão/Poliéster",FALSE,CN,retail_maior,1468,TRUE
718,5b7658a91fde835ed161abd2,S-5XL Plus Size New Summer Fashion Skinny Pants Women Elastic Waist Capri Pants Solid Color Drawstring Casual Pants Cotton Short Pants Sportswear Leggings,9,48,10000,1,4.02,840,439,171,102,60,68,"Women Pants,sexy leggings,Leggings,elastic waist,skinny pants,Casual pants,capripant,pants,Short pants,yoga leggings,Shorts,Women's Fashion,Plus Size,Summer,Sportwear women,Elastic,Women,Cotton,Fashion,Casual,Waist",Blue,50,43,50,42919,4.105967054,4. Alto(10000),804,Azul,3. Médio Impacto,None,0,FALSE,FALSE,FALSE,1,Standard Delivery,2. Barato,2. Normal,06. P (S),"Calça, Shorts","Algodão/Poliéster, Algodão, Elastano, Poliéster/Elastano, Nilon/Elastano",FALSE,CN,retail_maior,433,TRUE
719,5d204f0cb51e547d5b3153cd,New Summer Women’s Fashion Casual Backless Dress Floral Printed V-Neck Sling Dress High Waist Big Swing Dress ,3.85,7,1000,1,4.18,142,81,26,22,6,7,"Summer,Fashion,Waist,Swing dress,long dress,Dress,Women's Fashion,V-neck,floralprinted,slingdre,backless,retro,high waist,Swing,Floral,printed,Casual,Women",green,1,35,50,31138,4.117444923,3. Médio(1000),836,Verde,3. Médio Impacto,None,0,FALSE,FALSE,FALSE,1,Standard Delivery,2. Barato,2. Normal,06. P (S),Vestido,"Poliéster/Elastano, Algodão/Poliéster, Poliéster/Viscose, Viscose/Poliéster, Poliéster, Algodão",FALSE,CN,retail_maior,82,TRUE
720,5d31f9a0a2b39074d5732b4e,NEW Womens Fashion Summer Short Sleeve Long Blouses Deep V-neck Loose Ladies Casual Loose Solid Color Plus Size Beach Wear Cover-up Short Linen Dress Plus Size XS~8XL,8,49,1000,1,3.49,154,55,33,25,15,26,"Summer,Fashion,Deep V-Neck,bathing suit cover ups,Loose,swimsuitscoverup,short sleeves,V-neck,Women's Fashion,Shorts,Casual,blouse,cardigan,Sleeve,beach coverup,Plus Size,beach dress,Swim Wear Cover Up,Coat,Ladies,Short Sleeve Blouses,Beach,Dress",lightpurple,2,22,50,5422,3.988933973,3. Médio(1000),698,Roxo,3. Médio Impacto,Scarcity,0,FALSE,FALSE,FALSE,1,Standard Shipping,2. Barato,2. Normal,05. P (XS),"Vestido, Blusa, Cardigan, Casaco, Camiseta, Shorts, Conjunto/Terno, Maiô/Biquíni","Algodão/Poliéster, Algodão/Viscose, Poliéster/Viscose, Poliéster/Algodão, Poliéster, Poliéster/Elastano, Nilon/Elastano, Algodão",TRUE,CN,retail_maior,512,TRUE
721,5e7dc8a4c2e8ef49007d2dd9,Women Summer Sleeveless Irregular Hem Dress Plus Size Beach Long Dress 5 Colors,14,12,1000,1,3.87,186,90,38,24,12,22,"Summer,Plus Size,long dress,Dress,asymmetrical dress,Women's Fashion,boho,Sleeveless dress,boho dress,maxi dress,women dress,Women,Beach,loose dress,sleeveless,casual dress",coffee,10,26,50,288,3.729166667,3. Médio(1000),774,Tons Neutros,2. Baixo a Médio Impacto,Scarcity,0,FALSE,FALSE,FALSE,1,Standard Delivery,2. Barato,2. Normal,06. P (S),Vestido,"Algodão/Poliéster, Viscose/Poliéster, Algodão/Viscose, Viscose/Algodão, Algodão",TRUE,CN,price_maior,-14,TRUE
722,56975d088b70437255bf8af8,Sexy Women One-Piece Push Up Bikini Bandage Monokini Swimsuit Bathing Swimwear,11,250,20000,0,3.64,3397,1342,691,618,301,445,"Women,womenpaddedbra,summercasualfashionsexywomenprintbikinissetpushupbraswimsuitmidwaist,women swimsuit,onepiece,womensummersexybacklessbikini,Swimsuit,Swimwear,sexyswimwearset,Bikini,Fashion,fashionswimsuitswimwearbathingsuit,womenfashionsummerbikinisset,sexy,pushupbikiniset,fashionsweetladybeautywomenbikinisexyswimwear,Women's Fashion,summerbeachbikini,Swimming",white,50,47,50,402743,4.156715325,5. Muito Alto(20000),728,Branco,1. Baixo Impacto,Scarcity,0,FALSE,FALSE,FALSE,0,Standard Delivery,2. Barato,2. Normal,06. P (S),"Biquíni, Sutiã, Conjunto/Terno, Maiô/Biquíni, Moda Praia","Poliéster/Elastano, Algodão/Poliéster, Nilon/Elastano, Poliéster/Borracha, Poliéster, Poliéster/Algodão, Algodão",TRUE,CN,retail_maior,2173,FALSE
723,5e70535be2608d353af85716,Plus Size Women's Fashion Loose Casual sleeveless Floral print Round neck Summer Vest camisole,6,6,5000,0,3.75,506,226,106,65,41,68,"Summer,Vest,Plus Size,Floral print,camisole,Loose,Round neck,Print,Women's Fashion,Fashion,Floral,sleeveless,Casual,Necks",yellow,7,24,50,2127,3.817583451,4. Alto(10000),750,Laranja/Amarelo,3. Médio Impacto,None,0,FALSE,FALSE,FALSE,0,Standard Delivery,2. Barato,2. Normal,05. P (XS),Camisete,"Algodão/Poliéster, Poliéster/Viscose, Poliéster, Algodão",FALSE,CN,iguais,0,FALSE
724,5c0f719d4901112e08cf971f,Bikini Swimsuit for Women Sexy One Piece Swimsuit Summer Floral Bikini Suit High Waisted Lady Beach Swimwear Deep V Neck Bikini S-XXL ,8,7,5000,0,3.39,1248,440,207,233,139,229,"Summer,Fashion,bikini set,Women's Fashion,high waist bikini,Floral,sexy,Swimsuit,Women,Deep V-Neck,Necks,padded bikini,Swimwear,Push up bikini,Bikini,one piece bathing suit,Suits,Halter Bikini,Beach,onepiece,Swimming",black,50,43,50,14194,4.041214598,4. Alto(10000),678,Preto,4. Alto Impacto,None,0,FALSE,FALSE,FALSE,0,Standard Delivery,2. Barato,2. Normal,07. M,"Biquíni, Conjunto/Terno, Maiô/Biquíni, Moda Praia","Algodão/Poliéster, Nilon/Elastano, Poliéster/Elastano, Poliéster/Viscose, Poliéster/Borracha, Poliéster/Algodão, Algodão",FALSE,CN,price_maior,-12,FALSE
725,5cd3e32fd908537780580e43,2019 New Fashion Summer Women Casual Dress Round Neck Loose Big Swing Skirt Sleeveless Soild Color Beach dress,5.74,5,10000,1,3.61,2366,981,434,368,220,363,"Summer,Fashion,Necks,Skirts,Dress,Loose,Women's Fashion,Round neck,beach dress,sleeveless,black dress,Beach,Casual,Women",white,1,50,50,59903,4.153665092,4. Alto(10000),722,Branco,1. Baixo Impacto,None,0,FALSE,FALSE,FALSE,1,Standard Delivery,2. Barato,2. Normal,07. M,Vestido,"Algodão/Poliéster, Algodão/Viscose, Algodão",FALSE,CN,price_maior,-13,TRUE
727,5e5f507c931bd44190563aa1,2020 Summer New Style Lotus Necklaces Jewelry Personalized Girl Silver Color Bohemia Alloy Necklace Multilayer Chain Women Collares Jewelry,2,2,1000,1,4.13,143,82,28,15,5,13,"bohemia,Summer,multilayerchainnecklace,Jewelry,Chain,multilayerdropnecklace,Women's Fashion,Lotus,ethnicstylenecklace,boho,Necklace,bohemiaalloynecklace,silver,Women",silver,50,42,50,1055,4.036018957,3. Médio(1000),826,Cinzento,2. Baixo a Médio Impacto,None,0,FALSE,FALSE,FALSE,1,Standard Delivery,2. Barato,2. Normal,00. Não Informado,Não Especificado,"Algodão/Poliéster, Renda, Algodão",FALSE,CN,iguais,0,TRUE
729,5b6270648aa701441eaab44f,Plus Size Summer Fashion Women Round Neck Chiffon Mini Dress Sleeveless Casual Dress S-5XL,8,7,1000,1,3.81,166,77,31,28,10,20,"Summer,Plus Size,Necks,chiffon,Mini,chiffon dress,Dress,Loose,Mini dress,Round neck,t-shirt dress,Women's Fashion,Sleeveless dress,solid color,sleeveless,Fashion,Casual,Women",army,50,58,50,6357,4.25420796,3. Médio(1000),762,Verde,3. Médio Impacto,None,0,FALSE,FALSE,FALSE,1,Standard Delivery,2. Barato,2. Normal,04. PP (XXS),"Vestido, Camisa","Algodão/Poliéster, Poliéster, Poliéster/Elastano, Algodão/Viscose, Algodão",FALSE,CN,price_maior,-12,TRUE
730,5e16cb87e6dd7c03be24b28a,Women Summer Fashion Tank Tops Sexy Sleeveless Crop Tops Casual Style Women Cotton Print Lace Stitching Irregular Blouse Tops（XS-5XL),2,2,1000,0,4.19,81,50,14,6,4,7,"blouse,Summer,Plus Size,Tops & Blouses,Lace,Tank,Tops,topsamptshirt,tank top,Women's Fashion,Fashion,Loose,topsampblouse,Print,sleeveless,sexy,Women,Casual,Cotton",green,1,35,50,126370,4.146957347,3. Médio(1000),838,Verde,3. Médio Impacto,None,1,FALSE,TRUE,FALSE,0,Standard Delivery,2. Barato,2. Normal,05. P (XS),"Blusa, Camisa, Regata, Top","Poliéster/Viscose, Algodão/Poliéster, Algodão, Renda, Poliéster, Poliéster/Elastano",FALSE,CN,iguais,0,FALSE
731,5c8f86e0f842ba52b8c19009,Women Fashion Loose Casual Sleeveless Striped Plus Size Cotton Summer Sling Dress,11,10,5000,0,3.13,908,268,132,169,129,210,"Summer,Plus Size,Dress,Loose,Women's Fashion,slingdre,Fashion,sleeveless,strapdre,Striped,Women,Casual,Women Fashion,Cotton",black & stripe,50,24,50,2127,3.817583451,4. Alto(10000),626,Multicor/Estampado,4. Alto Impacto,None,0,FALSE,FALSE,FALSE,0,Standard Delivery,2. Barato,2. Normal,06. P (S),Vestido,"Algodão/Poliéster, Algodão",FALSE,CN,price_maior,-9,FALSE
732,55acbdf8ed44704872df93e2,Woman Summer Lovely Flower Printed Sleeveless Mini Skirt Sweet Dating beach Sun Dress,11,20,20000,0,3.56,3929,1417,804,786,411,511,"Mini,Summer,fashion dress,Dress,Mini dress,Women's Fashion,Party Dress,printed,Skirts,Bodycon Dress,slim dress,Flowers,Beach,sundress,summeronepiece,datingdres,mini skirt,sleeveless,lovely,Sweets,lovelydres",no_color_specified,50,37,50,33839,3.962380685,5. Muito Alto(20000),712,Não Informado,0. Não Informado,None,0,FALSE,FALSE,FALSE,0,Standard Delivery,2. Barato,2. Normal,07. M,Vestido,"Algodão/Poliéster, Poliéster/Elastano, Poliéster/Viscose, Poliéster, Algodão/Elastano, Algodão",FALSE,CN,retail_maior,82,FALSE
734,5e5f56ea3dbe9d00474f503f,Summer Women's Fashion Solid Color High Waist Yoga Quick Dry Elastic Short Plus Size,5,85,5000,1,3.7,296,133,45,52,29,37,"Summer,Plus Size,Yoga,Waist,Elastic,Shorts,controlpantie,Women's Fashion,yogashort,women shorts,elastic waist,laceseamle,elasticlegging,solidcolorshort,Fashion,Women Fashion,high waist",red,2,41,50,18138,3.831513949,4. Alto(10000),740,Vermelho,4. Alto Impacto,None,0,FALSE,FALSE,FALSE,1,Standard Delivery,2. Barato,2. Normal,05. P (XS),Shorts,"Elastano, Algodão/Poliéster, Renda, Algodão, Nilon/Elastano",FALSE,CN,retail_maior,1600,TRUE
735,5e6f204282e6d6b567d051d7,2020 Plus Size S-5XL Ladies Short Sleeve Summer Loose Denim Midi Dress Women High Quality Jeans Dresses,9,8,100,0,3.7,27,11,4,6,5,1,"Jeans,Plus Size,Sleeve,Summer,Dress,Denim,summer dress,denimjeansdres,short sleeves,casual dresses,Ladies,Women's Fashion,Shorts,minishirtdres,Lines,mididre,Women",blue,50,81,50,104,3.894230769,2. Baixo(100),740,Azul,3. Médio Impacto,Scarcity,0,FALSE,FALSE,FALSE,0,Standard Delivery,2. Barato,2. Normal,07. M,"Vestido, Jeans, Camisa, Camiseta, Shorts","Algodão/Poliéster, Algodão/Viscose, Denim, Algodão",TRUE,CN,price_maior,-11,FALSE
736,5ae9344787ff841c9ab69b79,2018 Women Fashion Stretchy Camisole  Spaghetti Strap Long Tank Top Slip Summer Fashion Floral Mini Dress 7 Color SIZE XXL,9,8,5000,0,3.68,856,358,169,147,64,118,"Summer,Strapless Dress,Fashion,Tank,Mini,Dress,Floral dress,Mini dress,2018fashion,Women's Fashion,Sleeveless dress,tank top,Women,Summer Fashion,women dress,bodycon,Spaghetti,Tops,Floral,casual dress",pink,50,43,50,5083,3.947471965,4. Alto(10000),736,Rosa,3. Médio Impacto,Scarcity,0,FALSE,FALSE,FALSE,0,Standard Delivery,2. Barato,2. Normal,07. M,"Vestido, Regata, Top","Algodão/Poliéster, Algodão/Viscose, Poliéster/Viscose, Poliéster/Elastano, Algodão",TRUE,CN,price_maior,-11,FALSE
737,5dfd9633ddee91057e0018d2,Women Fashion Swimwear Two Pieces Split Bikini Set Summer Printed Beach Bathing Swimsuits,7,6,100,0,3.95,65,30,17,10,1,7,"Summer,sexy bathing suit,Bikinis Set,Beach,splitbikiniset,Swimwear,Bikini,Fashion,Two Pieces,splits,Women,Women's Fashion,printed",black,50,40,50,1047,3.956064947,2. Baixo(100),790,Preto,4. Alto Impacto,Scarcity,0,FALSE,FALSE,FALSE,0,Standard Delivery,2. Barato,2. Normal,05. P (XS),"Biquíni, Moda Praia","Algodão/Poliéster, Nilon/Elastano, Poliéster, Poliéster/Elastano, Algodão",TRUE,CN,price_maior,-14,FALSE
738,593fb0c99a2eee2bb40cee61,Women's Plus Size Flowy Summer Spaghetti Strap Camisoles Tank,9,9,20000,0,4.1,4874,2616,1011,657,284,306,"Summer,Vest,Plus Size,Tank,flowytop,Pure Color,spaghetti strap tank top,tank top,summer tops,Tops,Women's Fashion,Fashion,sleeveless,Spaghetti,Casual",coolblack,50,41,50,20681,3.999371404,5. Muito Alto(20000),820,Preto,4. Alto Impacto,None,0,FALSE,FALSE,FALSE,0,Standard Delivery,2. Barato,2. Normal,06. P (S),"Top, Regata","Algodão/Poliéster, Poliéster/Elastano, Algodão",FALSE,CN,iguais,0,FALSE
739,5aa8cd7b2c3a22301d352e25,Summer Women Sling V-Neck Sexy Club Elegant Bodycon Jumpsuit Romper,11,11,5000,1,3.59,1329,515,265,238,115,196,"Summer,clubwear,Dress,Women's Fashion,V-neck,bodycon,Elegant,Jumpsuits & Rompers,sexy,Women,Rompers,jumpsuit",black,50,44,50,246312,4.203725356,4. Alto(10000),718,Preto,4. Alto Impacto,Scarcity,0,FALSE,FALSE,FALSE,1,Standard Delivery,2. Barato,2. Normal,07. M,"Vestido, Macacão, Conjunto/Terno","Algodão/Poliéster, Poliéster/Elastano, Poliéster/Algodão, Algodão",TRUE,CN,iguais,0,TRUE
740,5ebf573c45f8f02b2539663b,Women Summer Shorts Lace Up Elastic Waistband Loose Thin Casual Pants Plus Size S-8XL,2,2,100,1,2.57,7,1,1,2,0,3,"Summer,Plus Size,Lace,Casual pants,Bottom,pants,Loose,Women's Fashion,Shorts,Lace Up,Elastic,Casual,Women",yellow,5,30,50,12919,4.024460098,2. Baixo(100),514,Laranja/Amarelo,3. Médio Impacto,None,0,FALSE,FALSE,FALSE,1,Standard Delivery,2. Barato,2. Normal,06. P (S),"Parte de Baixo, Calça, Shorts","Algodão/Poliéster, Elastano, Renda, Algodão",FALSE,CN,iguais,0,TRUE
741,58d5c37dd3af5b54ebb74d56,Hot Summer Women's Fashion Boho Chiffon Long Maxi Dress Sleeveless Lady Beach Dresses Sundress Party Loose Dress,14,12,20000,1,3.61,5891,2246,1221,1098,506,820,"off the shoulder dress,Summer,Fashion,Dresses,Dress,summer dress,long dress,plussizemaxidresse,beachdresse,boho,floraldresse,sleeveless,Party Dresses,Beach",yellow,50,32,50,14553,3.915275201,5. Muito Alto(20000),722,Laranja/Amarelo,3. Médio Impacto,None,0,FALSE,FALSE,FALSE,1,Standard Delivery,2. Barato,2. Normal,07. M,Vestido,"Algodão/Poliéster, Poliéster/Viscose, Viscose/Poliéster, Poliéster, Poliéster/Elastano, Algodão/Viscose, Algodão",FALSE,CN,price_maior,-14,TRUE
742,5cc5363ab90e2b5649a53b80,Summer Women's Loose V-neck Sling Dress Sleeveless Dress Lace Dress,7,26,10000,0,3.86,2092,1009,399,300,143,241,"Summer,Lace,Dress,Lace Dress,V-neck,Women's Fashion,Women Clothing,Sleeveless dress,sleeveless,summer dresses,women dress,loose dress,casual dress",white,50,33,50,5534,3.999819299,4. Alto(10000),772,Branco,1. Baixo Impacto,None,0,FALSE,FALSE,FALSE,0,Standard Delivery,2. Barato,2. Normal,06. P (S),Vestido,"Algodão/Poliéster, Algodão/Viscose, Renda, Viscose/Algodão, Algodão",FALSE,CN,retail_maior,271,FALSE
743,5d1cbf16231caf5ee5f61593,2019 Summer Women s Fashion Lace Up Tie Pants Plus Size Casual High Waist Short Pants(S-5XL),8,7,10000,1,3.66,1467,624,262,246,122,213,"Summer,Shorts,Lace,pants,Waist,Short pants,Yellow,Women's Fashion,Plus Size,Lace Up,Women,Fashion,Casual,high waist",black,50,41,50,8563,3.897115497,4. Alto(10000),732,Preto,4. Alto Impacto,Scarcity,0,FALSE,FALSE,FALSE,1,Standard Delivery,2. Barato,2. Normal,12. Plus Size (4XL),"Calça, Shorts","Algodão/Poliéster, Renda, Algodão",TRUE,CN,price_maior,-12,TRUE
744,5b07af657c3f11160f8bb7d9,New Summer Fashion Women Round Neck Chiffon Mini Dress Sleeveless Casual Dress S-5XL,13,11,10000,1,3.87,2731,1223,644,419,178,267,"Mini,Fashion,Necks,chiffon,Summer,Pure Color,Mini dress,Round neck,Women's Fashion,Casual,sleeveless,Dress,Women",rosered,48,37,50,16447,4.030461482,4. Alto(10000),774,Vermelho,3. Médio Impacto,None,0,FALSE,FALSE,FALSE,1,Standard Delivery,2. Barato,2. Normal,07. M,Vestido,"Algodão/Poliéster, Poliéster, Poliéster/Elastano",FALSE,CN,price_maior,-15,TRUE
746,5cedf538a1e74b7cfd5974ab,Women Casual Tank Tops Hollow Out Cross Tee Shirt Summer Sleeveless Halter Loose Tunic Tops Vest,8,7,10000,0,4.13,1312,705,296,162,79,70,"Women Vest,Vest,Fashion,Halter,Women Blouse,summer t-shirts,Cross,Women's Fashion,Summer,Casual T-Shirt,tunic,short sleeve shirt,Casual,Women,blouse women,Tops & Blouses,Shirt,Short Sleeve Blouses,Tops,Blouses & Shirts,sleeveless,Short Sleeve T-Shirt,Tank",grey,50,31,50,7356,4.053017945,4. Alto(10000),826,Cinzento,2. Baixo a Médio Impacto,Scarcity,0,FALSE,FALSE,FALSE,0,Standard Delivery,2. Barato,2. Normal,05. P (XS),"Blusa, Camiseta, Camisa, Top, Túnica, Colete","Poliéster/Viscose, Algodão/Poliéster, Algodão, Algodão/Viscose",TRUE,CN,price_maior,-12,FALSE
747,5eb2200b989caa081980b812,Women's Summer Fashion Spaghetti Strap Floral Print Tie Front Mini Dress Sexy Dress,8,68,8,0,5,0,0,0,0,0,0,"Mini,summer dress,Floral print,Summer,womensfahsion,Spaghetti,Dress,floralprinteddres,Print,minidressforwomen,Mini dress,spaghettishoulderstrapdres,Women's Fashion,spaghettistrapdresse,Sexy Dress,Floral,sexy,Fashion",white,50,43,50,626,3.916932907,1. Micro(10),1000,Branco,1. Baixo Impacto,Scarcity,0,FALSE,FALSE,FALSE,0,Standard Delivery,2. Barato,2. Normal,06. P (S),Vestido,"Algodão/Poliéster, Poliéster/Viscose, Poliéster/Elastano, Poliéster, Algodão/Viscose, Algodão",TRUE,CN,retail_maior,750,FALSE
748,5e8695172124351e6192bcf5,New Fashion Women's Fashion Loose Casual Blouse Sleeveless Floral Print Round Neck Summer Vest Camisole Plus Size,11,10,1000,1,3.8,75,35,12,12,10,6,"blouse,Summer,Vest,Fashion,Floral print,camisole,Loose,Round neck,Print,Women's Fashion,Plus Size,Floral,sleeveless,Casual,Women Fashion,Necks",green,20,31,50,3762,3.797448166,3. Médio(1000),760,Verde,3. Médio Impacto,Scarcity,0,FALSE,FALSE,FALSE,1,Standard Delivery,2. Barato,2. Normal,06. P (S),"Blusa, Camisete","Poliéster/Viscose, Algodão/Poliéster, Poliéster, Algodão",TRUE,CN,price_maior,-9,TRUE
749,5e8d7d681db40e4c921cc994,Women's Fashion Summer O-neck Cotton T-shirt Loose Printed Blouse Casual Short Sleeve Tops Ladies Fashion Plus Size Shirt,5,5,100,0,3.97,30,16,5,5,0,4,"blouse,Summer,Plus Size,Cotton,Shirt,Sleeve,Tops,slim,short sleeves,Women's Fashion,Shorts,printed,Ladies,o-neck,Fashion,Casual,T Shirts,Ladies Fashion",winered,50,45,50,10600,3.86754717,2. Baixo(100),794,Vermelho,4. Alto Impacto,Scarcity,0,FALSE,FALSE,FALSE,0,Standard Delivery,2. Barato,2. Normal,06. P (S),"Blusa, Camisa, Camiseta, Shorts, Top","Poliéster/Viscose, Algodão/Poliéster, Algodão, Poliéster, Algodão/Elastano",TRUE,CN,iguais,0,FALSE
750,5e3e1e80659f9c012d05e35c,Women Casual Backless Strap Siamese Trousers Deep V-neck Drawstring Pure Cotton Jumpsuit Print Sleeveless Combinaison Femme_JHAO,5.75,16,100,1,4.26,27,18,4,2,0,3,"Deep V-Neck,fashion women,trousers,Cotton,rompersjumpsuit,printjumpersuit,Women's Fashion,V-neck,Jumpsuits & Rompers,backless,Print,sleeveless,backlesssiamese,siamesetrouser,women Jumpsuit,Casual,jumpsuit,Women",black,50,32,50,36,4.444444444,2. Baixo(100),852,Preto,4. Alto Impacto,Scarcity,0,FALSE,FALSE,FALSE,1,Standard Delivery,2. Barato,2. Normal,04. PP (XXS),"Macacão, Conjunto/Terno","Poliéster/Elastano, Algodão/Poliéster, Algodão, Poliéster, Poliéster/Algodão",TRUE,CN,retail_maior,178,TRUE
751,5cff1056c76d52288fac419d,New Women Fashion Loose Shorts Elastic Waist Summer Beach Short Pants Shorts,8,7,5000,1,3.32,743,243,122,142,99,137,"Summer,Shorts,Waist,Elastic,Bottom,pants,Loose,Short pants,Women's Fashion,Fashion,Casual,Women",green,31,48,50,4178,3.937529919,4. Alto(10000),664,Verde,3. Médio Impacto,None,0,FALSE,FALSE,FALSE,1,Standard Delivery,2. Barato,2. Normal,08. G (L),"Parte de Baixo, Calça, Shorts","Algodão/Poliéster, Elastano, Algodão",FALSE,CN,price_maior,-12,TRUE
753,5ec5fba4a6e08e12f03e460e,Fashion Women Vintage Vertical Striped Mini Sexy Button Cami Spring Summer Dresses,6,7,50,1,4,4,2,1,0,1,0,"Summer,Fashion,Mini,Vintage,button,slim,Women's Fashion,Spring,sexy,Striped,Dress,Women",blue,50,45,50,139788,4.166509285,2. Baixo(100),800,Azul,3. Médio Impacto,None,0,FALSE,FALSE,FALSE,1,Standard Delivery,2. Barato,2. Normal,06. P (S),Vestido,"Plástico/Metal, Algodão/Poliéster, Poliéster/Elastano, Algodão/Elastano, Algodão, Algodão/Denim",FALSE,CN,retail_maior,17,TRUE
754,5a748120dc0c28764634ccfe,Neoprene Sauna Waist Trainer Vest Shaper Summer Workout Shaperwear Slimming Adjustable Sweat Belt Fajas Body Shaper,11,19,20000,1,3.78,2729,1334,459,339,201,396,"Fashion Accessory,slimmingshapewear,hotshaper,Body Shapers,waist trainer,trainingcorset,slimwaistshaperbelt,bodyslimmingcincher,slimmingwaistbelt,bodyshaperwomen,belt",rosered,50,41,50,4336,4.003228782,5. Muito Alto(20000),756,Vermelho,3. Médio Impacto,None,0,FALSE,FALSE,FALSE,1,Standard Delivery,2. Barato,2. Normal,06. P (S),Não Especificado,"Algodão/Poliéster, Algodão/Elastano, Algodão",FALSE,CN,retail_maior,73,TRUE
755,5d0b0ac9fdbec0744e2584a9,Summer New Tank Top Women's Fashion Loose Casual Sleeveless Design Floral Printed Spaghetti Strap Tank Top Plus Size  Tops  S-6XL,5.65,6,1000,1,3.96,164,86,26,28,8,16,"Summer,Plus Size,Tank,Tops,Spaghetti Strap,tank top,floralprinted,Women's Fashion,Fashion,Design,printed,Floral,sleeveless,Spaghetti,Casual",black,17,23,50,12309,4.045170201,3. Médio(1000),792,Preto,4. Alto Impacto,None,0,FALSE,FALSE,FALSE,1,Standard Delivery,2. Barato,2. Normal,07. M,"Regata, Top","Algodão/Poliéster, Poliéster/Viscose, Poliéster, Poliéster/Elastano, Algodão",FALSE,CN,retail_maior,6,TRUE
756,5d6f980190bd5f5694d25a6d,Women Short Sleeve T Shirts Tops Letter Printed Cotton Summer Casual T Shirts Tees S-5XL,8,8,5000,0,4.14,555,304,122,68,23,38,"Summer,Funny T Shirt,Shirt,Sleeve,Shorts,tshirtcotton,Tops,short-sleeved shirt,short sleeves,cottontop,Casual,Women's Fashion,tshirtsfemme,tanktopshirt,women t shirt,Women,printed,Cotton,letterprinttshirt,summer tops,casualtshirttop",white,50,41,50,9678,3.799958669,4. Alto(10000),828,Branco,1. Baixo Impacto,None,0,FALSE,FALSE,FALSE,0,Standard Delivery,2. Barato,2. Normal,07. M,"Camisa, Camiseta, Shorts, Top","Algodão/Poliéster, Algodão, Poliéster",FALSE,CN,iguais,0,FALSE
757,5cdbb7300ffb0e5faa5d5d63,Summer Beach Fashion Plus Size Women's Loose Short Sleeve Long Blouses Plus Size Deep V-neck Party Dress Ladies Casual Solid Color Beach Wear Swimsuit Cover-up Short Linen Dress,5,5,5000,0,3.6,763,308,146,130,55,124,"Summer,Plus Size,Deep V-Neck,Dress,short sleeves,V-neck,Mini dress,beach dress,Fashion,t-shirt dress,Casual,blouse,Shorts,Tops & Blouses,Sleeve,summer dress,Women's Fashion,Swimsuit,swim suit cover up,Party Dress,Ladies,party,linen dress,Beach,loose dress,Swimming",white,7,20,50,5995,4.028857381,4. Alto(10000),720,Branco,1. Baixo Impacto,None,0,FALSE,FALSE,FALSE,0,Standard Delivery,2. Barato,2. Normal,05. P (XS),"Vestido, Blusa, Camisa, Camiseta, Shorts, Maiô/Biquíni, Top","Algodão/Poliéster, Algodão/Viscose, Poliéster/Viscose, Poliéster, Poliéster/Elastano, Viscose/Algodão, Nilon/Elastano, Algodão",FALSE,CN,iguais,0,FALSE
758,5cedf93ac0baab7389f4ccd7,2019 Summer New Women Fashion “ Let It ~“ Bee ’’Printed Casual Round Neck Graphic Tee Cute Short Sleeve Cotton T-shirts,11,10,10000,1,4.05,1479,754,329,219,73,104,"Summer,Shorts,Cotton,Cotton T Shirt,letter print,cute,teeshirthomme,short sleeves,animalprotectiontshirt,Round neck,Women's Fashion,Fashion,printed,topsamptee,Casual,beetshirt,Women,Sleeve,T Shirts,Necks",black,50,45,50,5816,3.936382393,4. Alto(10000),810,Preto,4. Alto Impacto,Scarcity,0,FALSE,FALSE,FALSE,1,Standard Delivery,2. Barato,2. Normal,07. M,"Camiseta, Camisa, Shorts, Top","Algodão/Poliéster, Algodão, Poliéster",TRUE,CN,price_maior,-9,TRUE
759,5d09ecc2f5d4eb7721203368,Summer Women's Fashion Sleeveless V-neck backless Dress Street Sexy punk Party Dress,49,42,100,0,4.67,6,4,2,0,0,0,"party,Goth,Plus Size,Summer,Dress,V-neck,bodycon,Women's Fashion,Party Dress,Design,Sexy Dress,sleeveless,sexy,Fashion,backless",Rose red,2,41,2,29977,4.223137739,2. Baixo(100),934,Vermelho,3. Médio Impacto,None,1,FALSE,FALSE,TRUE,0,Express Delivery,3. Médio,1. Express,13. Plus Size (5XL),Vestido,"Poliéster/Elastano, Algodão/Poliéster, Poliéster, Algodão",FALSE,CN,price_maior,-14,FALSE
760,5eb5268448db4b2032243489,Summer Women s  Fashion  Lace Up Tie Pants  Plus Size Casual High Waist Short Pants,5,5,100,1,4.83,6,5,1,0,0,0,"Summer,Shorts,high waist shorts,high waist,Casual pants,pants,Short pants,Waist,Slim Fit,summer shorts,Women's Fashion,Plus Size,Lace Up,Women,Fashion,Casual,Lace",red,1,40,50,231,3.038961039,2. Baixo(100),966,Vermelho,4. Alto Impacto,None,0,FALSE,FALSE,FALSE,1,Standard Delivery,2. Barato,2. Normal,05. P (XS),"Calça, Shorts","Algodão/Poliéster, Renda, Algodão/Elastano, Algodão",FALSE,CN,iguais,0,TRUE
761,5ed9bcfdaaa2b81d9c991b83,Muscle Tops Vest Mens T-Shirts Weste Undershirt Spaghetti Strap Tank Slim Man Fasion,4.66,11,100,1,2.92,24,9,0,4,2,9,"Vest,Slim Fit,Tops & Blouses,muscleshirt,Tops,slim,Undershirts,T Shirts,Tank,Muscle,Spaghetti",black,50,41,50,8443,4.275731375,2. Baixo(100),584,Preto,4. Alto Impacto,None,0,FALSE,FALSE,FALSE,1,Standard Delivery,2. Barato,2. Normal,09. GG (XL),"Blusa, Camisa, Camiseta, Top","Poliéster/Viscose, Algodão/Poliéster, Algodão/Elastano, Poliéster/Elastano, Algodão",FALSE,CN,retail_maior,136,TRUE
763,5def3c02b8bdac0102daa099, New Fashion Autumn Summer Women's Long Sleeve V Neck Long Dress Floral Print Split Maxi Dress Holiday Party Beach Sundress Evening Dresses,19,17,1000,1,3.4,255,96,44,37,23,55,"Summer,Fashion,long dress,Dress,Floral dress,beach dress,Party Dress,party,Floral,maxi dress,Floral print,Necks,Sleeve,bohemian maxi dress,summer dress,Women's Fashion,Long Sleeve,boho dress,splits,Print,splitbohodre,Holiday,Beach",greysnakeskinprint,49,21,50,18762,3.760579896,3. Médio(1000),680,Multicor/Estampado,2. Baixo a Médio Impacto,None,0,FALSE,FALSE,FALSE,1,Standard Shipping,2. Barato,2. Normal,05. P (XS),Vestido,"Algodão/Poliéster, Algodão/Viscose, Viscose/Poliéster, Poliéster/Viscose, Poliéster, Poliéster/Elastano, Algodão",FALSE,CN,price_maior,-11,TRUE
764,5d2fca68d4465c17e6206de7,5 Color New Summer Women Fashion Spaghetti Strap Long Dress Sexy Gradient Chiffon Beach Dress Floor-Length Casual O-Neck Sleeveless Dress Plus Size S-5XL ,23,118,100,0,3.86,118,63,16,16,6,17,"Summer,sleeveless,Plus Size,chiffon,chiffon dress,Beach,Dress,summer dress,spaghettistrapdre,long dress,beach dress,Sleeveless dress,Spaghetti,Sexy Dress,Women's Fashion,sexy,Women,Fashion,Casual,Women Fashion,casual dress",orange,50,54,50,8117,4.064925465,2. Baixo(100),772,Laranja/Amarelo,3. Médio Impacto,None,0,FALSE,FALSE,FALSE,0,Standard Delivery,3. Médio,2. Normal,07. M,Vestido,"Algodão/Poliéster, Algodão/Viscose, Poliéster, Viscose/Poliéster, Poliéster/Elastano, Algodão",FALSE,CN,retail_maior,413,FALSE
765,5b12401145089b206d7a455e,Women Jumpsuit Print Off Shoulder Rompers Summer Playsuit,9,10,100,1,3.84,51,27,6,8,3,7,"Summer,romperswomenjumpsuit,floralprintromper,Women's Fashion,sexy,Print,Women,sexy jumpsuit,playsuit,rompersforwomen,Rompers,jumpsuitsforwomen,jumpsuit",white,2,39,50,1078,3.651205937,2. Baixo(100),768,Branco,1. Baixo Impacto,None,0,FALSE,FALSE,FALSE,1,Standard Delivery,2. Barato,2. Normal,08. G (L),"Macacão, Conjunto/Terno","Algodão/Poliéster, Poliéster/Viscose, Poliéster, Poliéster/Elastano, Poliéster/Algodão, Algodão",FALSE,CN,retail_maior,11,TRUE
766,5ccaadf547634f48ae1daf8c,Women One-Piece Swimsuit Beachwear Swimwear push up monokini bikini Bathing Suit,6,34,1000,0,3.41,106,35,19,22,14,16,"bathing suit,Fashion,sexy bra,onepiece,sexy bikini,Swimwear,swimsuits for women,Push up bikini,push up swimwear,beach swimwear,Bikini,Women,Suits,Swimming,sexy,Swimsuit,Women's Fashion,beachwearladie",pink,50,43,50,2044,4.002935421,3. Médio(1000),682,Rosa,3. Médio Impacto,Scarcity,0,FALSE,FALSE,FALSE,0,Standard Delivery,2. Barato,2. Normal,06. P (S),"Biquíni, Conjunto/Terno, Maiô/Biquíni, Moda Praia","Algodão/Poliéster, Nilon/Elastano, Poliéster/Elastano, Poliéster/Algodão, Algodão",TRUE,CN,retail_maior,467,FALSE
767,5da42681410d480fbb13c9db,ZANZEA Women Fashion Short Sleeve Crew Neck Polka Dot Kaftan Holiday Beach Club Party Long Maxi Dress Long Dress Robes Plus Kleid,14,92,100,0,3.92,25,8,11,4,0,2,"Fashion,long dress,plus size dress,Dress,short sleeves,Women's Fashion,Party Dress,polka dot dress,pocketdres,women dress,maxi dress,shirtdressforwomen,Women,party,34sleevedres,Necks,Sleeve,stripedres,polka dot,Polkas,Shorts,longshirtdres,Holiday,Beach",red,50,40,50,7328,4.227620087,2. Baixo(100),784,Vermelho,4. Alto Impacto,None,0,FALSE,FALSE,FALSE,0,Standard Delivery,2. Barato,2. Normal,07. M,"Vestido, Camisa, Camiseta, Shorts","Algodão/Poliéster, Algodão/Viscose, Viscose/Poliéster, Poliéster, Poliéster/Elastano, Algodão",FALSE,CN,retail_maior,557,FALSE
768,5c0a0eab7721f07320bdacd0,New Fashion Women Solid Color Causal Dialy Demin Romper Overalls Jumpsuit Demin Pants Demin Blue Large Size S-3XL,22,19,20000,1,3.66,1103,461,218,170,94,160,"Blues,Plus Size,pants,Women jeans,denimromper,Rompers,Women's Fashion,Fashion,womenoverall,Denim pants,jumpsuit,Casual,Women",denimblue,50,38,50,4107,4.096907719,5. Muito Alto(20000),732,Azul,3. Médio Impacto,None,0,FALSE,FALSE,FALSE,1,Standard Delivery,3. Médio,2. Normal,06. P (S),"Jeans, Macacão, Calça","Algodão/Poliéster, Denim, Algodão",FALSE,CN,price_maior,-14,TRUE
769,5e60a7a59c6112c4c01a2ded,New Women Fashion Summer Shorts Yoga Shorts Summer Beach Short Athletic Shorts Pants Sport Shorts Gym Workout Waistband Casual Shorts,8,7,1000,1,2.98,108,36,9,17,9,37,"Summer,Beach Shorts,Yoga,Athletics,pants,casualshort,Beach,athleticshort,sexyshort,sportshort,yogashort,gymshort,Women's Fashion,Shorts,Sport,Fashion,Casual,Women",green,20,36,50,942,3.475583864,3. Médio(1000),596,Verde,3. Médio Impacto,None,0,FALSE,FALSE,FALSE,1,Standard Delivery,2. Barato,2. Normal,06. P (S),"Calça, Shorts","Algodão/Poliéster, Poliéster/Elastano, Algodão, Nilon/Elastano",FALSE,CN,price_maior,-12,TRUE
772,593e59811897c53b972f5dc7,Women's Fashion Sexy Dress Formal Dress A Variety of Ways To Wear Cross-flush Sexy Skirt 15 Colors,16,14,10000,0,4.34,3075,1974,581,275,91,154,"Summer,long skirt,Fashion,Elegant,solid,Skirts,Dress,Sexy Dress,Formal Dress,Women's Fashion,party,sexy,Beach",black,50,47,50,17621,4.301174735,4. Alto(10000),868,Preto,4. Alto Impacto,Scarcity,1,FALSE,TRUE,FALSE,0,Standard Delivery,2. Barato,2. Normal,05. P (XS),Vestido,"Algodão/Poliéster, Poliéster, Poliéster/Elastano, Algodão",TRUE,CN,price_maior,-12,FALSE
774,5aea67918a743b21013e41f6,Ladies Sexy Backless Lace Hollow Out Halter Neck Sling Mini Dress,14,12,1000,0,3.74,582,252,117,95,46,72,"Summer,halter dress,Lace,Cocktail,Mini,Halter,Dress,Lace Dress,backless dress,Mini dress,Women's Fashion,Party Dress,backless,Ladies,sexy,Necks",white,43,26,50,32858,3.885537769,3. Médio(1000),748,Branco,1. Baixo Impacto,None,0,FALSE,FALSE,FALSE,0,Standard Delivery,2. Barato,2. Normal,12. Plus Size (4XL),Vestido,"Poliéster/Elastano, Algodão/Poliéster, Renda, Poliéster, Algodão",FALSE,CN,price_maior,-14,FALSE
775,5f11698e9a44cd5ecd1909db,Personal Fan USB Rechargeable Hands Free Neckband Fan Outdoor Sports Mini Fan,16,16,2,0,5,0,0,0,0,0,0,"Mini,Summer,portablefan,usb,minifan,Rechargeable,travelfan,Outdoor,Fans,sportfan,Sport,neckhangingfan,lazyfan",no_color_specified,10,32,50,693,4.303030303,1. Micro(10),1000,Não Informado,0. Não Informado,None,0,FALSE,FALSE,FALSE,0,Standard Delivery,2. Barato,2. Normal,16. Outros Itens (Dimensões/Kits/Objetos),Não Especificado,"Algodão/Poliéster, Algodão",FALSE,CN,iguais,0,FALSE
776,5ccfa41e35af5c46c0bbad64,Women Summer Hollowing Out Halter Dress V-neck Sleeveless Dress,8,8,1000,0,4.18,668,385,126,85,33,39,"hollowingout,halter dress,Halter,Summer,Dresses,Dress,summer dress,V-neck,Women's Fashion,Sleeveless dress,women dress,sleeveless,V-neck Dresses,Women",green,48,15,50,5226,4.005740528,3. Médio(1000),836,Verde,3. Médio Impacto,Scarcity,0,FALSE,FALSE,FALSE,0,Standard Delivery,2. Barato,2. Normal,05. P (XS),Vestido,"Algodão/Poliéster, Algodão/Viscose, Algodão",TRUE,CN,iguais,0,FALSE
777,5c9b5efc65b4b3700cd6c679,5 Colors Women Girls Summer Funny Letter Printed Personalized T Shirts Ladies Casual Streetwear Comfy Blouse Tees,9,8,5000,1,4.22,827,471,185,96,36,39,"blouse,shirt women,blouse women,Shirt,letter print,Summer,blusasfeminina,Tee Shirt,summer t-shirts,comfy,funnyshirt,Casual,blusasmujer,Funny,Women's Fashion,Fashion,T-Shirt womens,Ladies,Women,summer tops,printed",blue,50,43,50,14275,4.091418564,4. Alto(10000),844,Azul,3. Médio Impacto,None,0,FALSE,FALSE,FALSE,1,Standard Delivery,2. Barato,2. Normal,07. M,"Blusa, Camisa, Camiseta, Top","Poliéster/Viscose, Algodão/Poliéster, Poliéster, Algodão",FALSE,CN,price_maior,-11,TRUE
778,5e71b033d9b4ac3bfee4274f,2020 Summer Bodycon Rompers Womens Slim Fit Jumpsuit Chest Zipper Solid Color Short Sleeve V-Neck Shorts Bodysuit,14,12,100,0,4.23,65,41,8,10,2,4,"sleeve v-neck,Summer,Slim Fit,Sleeve,Shorts,women Jumpsuit,slim,bodysuitsjumpsuit,short sleeves,V-neck,bodycon,shortjumpsuit,chestzipper,rompersoverall,zippers,summerjumpsuit,jumpsuitshort,rompersshort,jumpsuit",black,50,33,50,3520,4.169886364,2. Baixo(100),846,Preto,4. Alto Impacto,None,1,FALSE,TRUE,FALSE,0,Standard Delivery,2. Barato,2. Normal,06. P (S),"Macacão, Camiseta, Shorts, Conjunto/Terno","Algodão/Poliéster, Algodão/Elastano, Poliéster/Algodão, Algodão, Metal/Plástico",FALSE,CN,price_maior,-14,FALSE
779,5cdfa97c034a3c0f3af1bfd1,2019 New Women's Fashion Summer Casual Leopard-print Deep V-Neck Lotus Leaf Edge Dress ,11,10,10000,1,3.76,1546,662,328,252,129,175,"Deep V-Neck,Summer,Fashion,leaf,short dress,leopard print,Dress,V-neck,Women's Fashion,Lotus,Casual,Women",white,27,36,50,55499,4.138885385,4. Alto(10000),752,Branco,1. Baixo Impacto,None,0,FALSE,FALSE,FALSE,1,Standard Delivery,2. Barato,2. Normal,08. G (L),Vestido,"Algodão/Poliéster, Poliéster/Elastano, Poliéster, Algodão",FALSE,CN,price_maior,-9,TRUE
780,5ccfc1718249575e0f776a12,HODMEXI Summer Women Lace Party Dresses Plus Size Elegant Sleeveless Long Dress Women Clothing,15,109,1000,0,3.96,382,190,83,48,25,36,"lace dresses,Club Dress,Plus Size,Lace,Summer,long dress,Clothing,Dress,summer dress,Women's Fashion,Maxi Dresses,womens clothes,Elegant,beach dress,Sleeveless dress,sleeveless,party,Women,Fashion,casual dress",black,50,36,50,51369,3.9682688,3. Médio(1000),792,Preto,4. Alto Impacto,None,0,FALSE,FALSE,FALSE,0,Standard Delivery,2. Barato,2. Normal,06. P (S),Vestido,"Algodão/Poliéster, Algodão/Viscose, Renda, Viscose/Poliéster, Poliéster, Algodão",FALSE,CN,retail_maior,627,FALSE
782,5ed4cabd34f3329741e8c3ee,Hakuna Matata Letter Print Tee Shirt Summer Women Short Sleeve T Shirt Plus Size Women Casual Cotton Top Funny T Shirt,5.75,5,10,1,5,0,0,0,0,0,0,"Funny,letter print,Fashion,Shirt,Sleeve,Summer,unisex,Tops,short sleeves,Shorts,T Shirts,Plus Size,black,Tops & T-Shirts,Print,Women,Women's Fashion,Casual,Cotton",white,5,139,50,3,2.333333333,1. Micro(10),1000,Branco,1. Baixo Impacto,None,0,FALSE,FALSE,FALSE,1,Standard Delivery,2. Barato,2. Normal,05. P (XS),"Camisa, Camiseta, Shorts, Top","Algodão/Poliéster, Algodão, Poliéster",FALSE,CN,price_maior,-13,TRUE
783,5ea8dcee238ae108c8a57aa1,Women's Fashion Plus Size Casual Short Sleeve Loose Summer Print V-neck Dress,9,8,1000,1,3.29,99,40,12,10,11,26,"Summer,Plus Size,Sleeve,Dress,Loose,short sleeves,V-neck,Shorts,Women's Fashion,Fashion,Print,Casual,Women Fashion",red,44,28,50,88193,4.080890774,3. Médio(1000),658,Vermelho,4. Alto Impacto,Scarcity,0,FALSE,FALSE,FALSE,1,Standard Delivery,2. Barato,2. Normal,06. P (S),"Vestido, Camiseta, Shorts","Algodão/Poliéster, Poliéster, Algodão",TRUE,CN,price_maior,-11,TRUE
784,5c8aa4b8571dc27f6022a29a,2019 New Women Crop Top Ribbed Short Sleeve t-shirt Casual Cotton T Shirt Tops Fashion Tee Hot,6,6,1000,0,3.21,362,117,60,52,48,85,"short sleeves,Shorts,Shirt,Sleeve,ribbed,Tee,crops,Casual,T Shirts,Fashion,Women,Women's Fashion,Tops,Cotton",black,50,24,50,5914,4.15539398,3. Médio(1000),642,Preto,4. Alto Impacto,Scarcity,0,FALSE,FALSE,FALSE,0,Standard Delivery,2. Barato,2. Normal,06. P (S),"Camisa, Camiseta, Shorts, Top","Algodão/Poliéster, Algodão",TRUE,CN,iguais,0,FALSE
785,5d523b41dc07526635f3ae75,Women's Skinny Pants Casual Pure Color Yoga Pants Sportwear Cropped Trousers Leggings Women Trousers,8,7,10000,0,4.09,1087,626,176,138,48,99,"Trousers & Shorts,trousers,sport pants,skinny pants,Casual pants,pants,Pure Color,yoga pants,Short pants,Leggings,Long pants,pencil pants,Sports Pants,women trousers,Yoga,Women's Fashion,Casual,Women",black,50,21,50,4019,3.960935556,4. Alto(10000),818,Preto,4. Alto Impacto,Scarcity,0,FALSE,FALSE,FALSE,0,Standard Delivery,2. Barato,2. Normal,06. P (S),"Calça, Shorts","Algodão/Poliéster, Algodão, Nilon/Elastano",TRUE,CN,price_maior,-12,FALSE
786,5b61a98ba3839047d010fd62,Summer Fashion V Neck Women Casual Loose Half Sleeve Blouse Tops,5.73,5,1000,1,3.69,182,82,30,27,17,26,"blouse,Summer,Fashion,Shirt,Sleeve,halfsleeve,Tops,Loose,blousetop,Necks,Women's Fashion,V-neck,Casual,Women",yellow,50,58,50,3396,4.279446408,3. Médio(1000),738,Laranja/Amarelo,3. Médio Impacto,None,0,FALSE,FALSE,FALSE,1,Standard Delivery,2. Barato,2. Normal,04. PP (XXS),"Blusa, Camisa, Top","Poliéster/Viscose, Algodão/Poliéster, Algodão",FALSE,CN,price_maior,-13,TRUE
787,5b31e341ec739662f2bd71ab,COMENII Summer Women Casual Round Neck Floral Printed Loose Sleeveless Beach Tank Top Holiday A-line Pocket Dresses Sexy Short Club Party Mini Halter Midi Dresses Robe Ete Femme Knee Length Pleated Skirts Ladies Fashion Swing Cotton T-Shirt Dress Plus Size S-6XL,8,7,20000,0,3.9,3700,1783,730,566,258,363,"Summer,Fashion,Mini,plus size dress,Pleated,tank top,beach dress,Party Dress,Elegant Dress,summer dresses,Skirts,Casual,Cotton,short dress,Tops,Round neck,Sleeveless dress,Ladies,sleeveless,Robes,Holiday,Beach,Plus Size,Halter,Dress,Floral dress,Mini dress,Pocket,Women's Fashion,printed,party,Floral,knee,casual dress,sexy,Shorts,Tank,Necks,T Shirts,Women,Ladies Fashion",white,2,18,50,9492,4.130004214,5. Muito Alto(20000),780,Branco,1. Baixo Impacto,None,0,FALSE,FALSE,FALSE,0,Standard Delivery,2. Barato,2. Normal,05. P (XS),"Vestido, Robe, Camisa, Shorts, Camiseta, Regata, Top","Algodão/Poliéster, Algodão/Viscose, Algodão, Poliéster/Viscose, Poliéster/Elastano, Poliéster, Poliéster/Algodão",FALSE,CN,price_maior,-12,FALSE
788,5e047ffa271ecb01ce39ae76,Women's Sexy Lace Sling Dress Summer Sleeveless Tank Top Dress Vest Tank Blouse,11,10,1000,1,3.35,85,27,16,17,10,15,"Summer,Vest,Fashion,Lace,fashion vest,Dress,blouse,tank top,Sleeveless Shirt,sexy lace,sexy,women shirt Blouse,Tank,sexy shirts,Chiffon Shirt,Women's Fashion,cami top,women tank top,sleeveless,Tops",winered,50,33,50,3668,3.895038168,3. Médio(1000),670,Vermelho,4. Alto Impacto,None,0,FALSE,FALSE,FALSE,1,Standard Delivery,2. Barato,2. Normal,06. P (S),"Blusa, Camisete, Vestido, Camisa, Regata, Top","Poliéster/Viscose, Algodão/Poliéster, Poliéster, Renda, Poliéster/Elastano, Algodão",FALSE,CN,price_maior,-9,TRUE
789,5e6f1aa7c182c5b14b486f9d,2020 Summer Fashion Dress for Women's Dress Short Sleeve Slim Print Mini Dress Summer Sexy Skirt,8,7,50,1,3.67,6,2,1,2,1,0,"Summer,Fashion,Mini,Dress,slim,short sleeves,Mini dress,Women's Fashion,printed,sexy,Women Party Dress,Skirts,Cotton,slim dress,Shorts,Sleeve,summer dress,women's dress,mini skirt,Print,Short Sleeved,blousedre",brown,20,37,50,519,3.791907514,2. Baixo(100),734,Tons Neutros,2. Baixo a Médio Impacto,Scarcity,0,FALSE,FALSE,FALSE,1,Standard Delivery,2. Barato,2. Normal,06. P (S),"Blusa, Vestido, Camiseta, Shorts","Poliéster/Viscose, Algodão, Algodão/Poliéster, Poliéster/Elastano, Poliéster, Algodão/Elastano, Algodão/Viscose",TRUE,CN,price_maior,-12,TRUE
790,5eeef4c4066647a9388a8ac2,2020 Summer Men's Classic Shorts Multi-pocket Casual Pants Summer Loose Overalls Cargo Pants,7,17,10,0,5,2,2,0,0,0,0,"joggingpant,Shorts,Casual pants,pants,Summer,Overalls,beachpant,tacticalpant,bermudashort,summerpant,Classics,Casual",grey,2,21,50,46,3.608695652,1. Micro(10),1000,Cinzento,2. Baixo a Médio Impacto,None,0,FALSE,FALSE,FALSE,0,Standard Delivery,2. Barato,2. Normal,15. Calçados / Numerações,"Calça, Jardineira/Macacão, Shorts","Algodão/Poliéster, Denim, Algodão",FALSE,CN,retail_maior,143,FALSE
791,5953892749a5f7756941171f,Plus Size Fashion Sleeveless Tank Tops For Women Sizes XS-5XL,4,6,50000,0,4,10927,5479,2331,1605,665,847,"sleeveless,Plus Size,Tops & Blouses,Shirt,chiffon,Tank,Tops,tank top,Pocket,Women's Fashion,Fashion,V-neck,sexy,button,loose t-shirt,Shirts & T-Shirts,Casual,sleeveless tops",purple,50,30,50,13665,4.094694475,6. Crítico(>20000),800,Roxo,3. Médio Impacto,None,0,FALSE,FALSE,FALSE,0,Standard Delivery,2. Barato,2. Normal,06. P (S),"Blusa, Camiseta, Camisa, Top, Regata","Poliéster/Viscose, Plástico/Metal, Algodão/Poliéster, Poliéster, Algodão, Poliéster/Elastano",FALSE,CN,retail_maior,50,FALSE
792,5ea8f0eb3f8a650a4227f717,Sexy Women's Summer Casual Sleeveless Evening Party Backless Beachwear Mini Dress,13,11,100,0,3.22,9,5,0,0,0,4,"Mini,womens dresses,Summer,sleevele,Dress,Mini dress,Women's Fashion,Fashion,backless,party,sexy,summer dresses,Women S Clothing,Casual,sleeveless",applegreen,50,41,50,111,3.801801802,2. Baixo(100),644,Verde,3. Médio Impacto,Scarcity,0,FALSE,FALSE,FALSE,0,Standard Delivery,2. Barato,2. Normal,08. G (L),Vestido,"Poliéster/Elastano, Algodão/Poliéster, Poliéster, Algodão/Viscose, Algodão",TRUE,CN,price_maior,-15,FALSE
793,5d2823d9afa40277f9dcd92d,Casual Womens Ladies Long Sleeve Long Shirt Dress Loose Side Slit Blouse Dresses ,12,85,1000,1,4.15,153,87,30,19,6,11,"blouse,Plus Size,Shirt,Sleeve,shirt dress,Long Sleeve,robefemme,Tunic dress,Casual,long dress,Women's Fashion,Fashion,Ladies,Cotton Dress,Dress,casual dress",offwhite,50,40,50,15551,4.233682721,3. Médio(1000),830,Branco,1. Baixo Impacto,Scarcity,0,FALSE,FALSE,FALSE,1,Standard Delivery,2. Barato,2. Normal,06. P (S),"Blusa, Vestido, Camisa, Túnica","Poliéster/Viscose, Algodão/Poliéster, Algodão/Viscose, Algodão, Viscose/Poliéster",TRUE,CN,retail_maior,608,TRUE
795,5a6af94ffb04de342fa3ff8b,2018 New Summer Women Sexy V-neck Bandage T-shirts Camouflage Printed Short Sleeve Plus size Tops Tee(S-4XL),5.78,50,5000,1,3.55,876,362,142,141,77,154,"Summer,Plus Size,Sleeve,Tops,womens top,short sleeves,camouflage,Shorts,T Shirts,Women Clothing,V-neck,Tops & T-Shirts,camouflagetshirt,printed,Women,tops for women,t",grey,50,10,50,27175,3.966034959,4. Alto(10000),710,Cinzento,2. Baixo a Médio Impacto,None,0,FALSE,FALSE,FALSE,1,Standard Delivery,2. Barato,2. Normal,05. P (XS),"Camisa, Camiseta, Shorts, Top","Algodão/Poliéster, Poliéster, Algodão",FALSE,CN,retail_maior,765,TRUE
796,5c83278c6b39e64d6c16c907,Women's Fashion High Waist Swimsuit New Bikinis Push Up Bikini Set Vintage Retro Bandage Bathing Suit Beach Wear,5.86,11,1000,0,4.28,512,310,108,46,25,23,"Summer,Fashion,high waist,Vintage,Waist,Swimwear,Bikini,Women's Fashion,retro,Women,Suits,sexy,Swimsuit,Beach,Swimming",black,50,29,50,904,4.264380531,3. Médio(1000),856,Preto,4. Alto Impacto,Scarcity,1,FALSE,TRUE,FALSE,0,Standard Delivery,2. Barato,2. Normal,06. P (S),"Biquíni, Conjunto/Terno, Maiô/Biquíni, Moda Praia","Algodão/Poliéster, Nilon/Elastano, Poliéster/Elastano, Poliéster/Algodão, Algodão, Algodão/Denim",TRUE,CN,retail_maior,88,FALSE
797,5c874bffc7901e40dcb53cd2,Women Ladies Fashion Musical Note Asymmetric Tank Top Summer Tops Plus Size,9,22,10000,0,3.82,1860,891,323,280,161,205,"Summer,Plus Size,Tank,tunic top,asymmetric,summer shirt,summer t-shirts,tank top,women summer tops,Sleeveless Shirt,Fashion,women tank top,Ladies,Printed T Shirts,Tops,Women",blue,50,18,50,9177,3.874032908,4. Alto(10000),764,Azul,3. Médio Impacto,None,0,FALSE,FALSE,FALSE,0,Standard Delivery,2. Barato,2. Normal,05. P (XS),"Camisa, Camiseta, Top, Regata, Túnica","Algodão/Poliéster, Poliéster, Algodão, Algodão/Viscose",FALSE,CN,retail_maior,144,FALSE
798,5e4ce8cc2ce2e50680cee732,XS-8XL New Women's Fashion Summer Sleeveless Gradient Printing Sling Dress Deep V-Neck Big Swing Party Dress Casual Long Beach Skirt Ladies Loose Mini Dress Plus Size Slim Fit Maxi Dress,3.87,4,1000,0,3.34,94,33,13,19,11,18,"Mini,Fashion,Summer,long dress,plus size dress,Dress,slim,V-neck,Mini dress,Women's Fashion,Party Dress,Sexy Dress,maxi dress,Skirts,Casual,casual dress,Deep V-Neck,party,Dresses,Plus Size,summer dress,Slim Fit,Sleeveless dress,Evening Dress,Ladies,women dress,Beach,sleeveless",lightgray,1,22,50,3117,4.127366057,3. Médio(1000),668,Cinzento,2. Baixo a Médio Impacto,None,0,FALSE,FALSE,FALSE,0,Standard Delivery,2. Barato,2. Normal,05. P (XS),Vestido,"Algodão/Poliéster, Algodão/Viscose, Poliéster/Elastano, Viscose/Poliéster, Poliéster, Algodão/Elastano, Algodão",FALSE,CN,retail_maior,3,FALSE
799,591e8dcf49043a6ea25b1a31,Summer Fashion Dabbing Pug T-Shirt Newest Men Funny T Shirts  Tops Hip Hop Tee,9,38,1000,0,4.52,312,216,64,16,9,7,"Hip Hop,Summer,Fashion,Shirt,Funny,onecktshirt,Tops,summer t-shirts,Tee,Men's Fashion,Cool T-Shirts,T Shirts,Men T-shirt,Men,3dprintedtshirt,sizesxxxl",white,50,55,50,27740,4.380173035,3. Médio(1000),904,Branco,1. Baixo Impacto,Scarcity,1,FALSE,TRUE,FALSE,0,Standard Delivery,2. Barato,2. Normal,06. P (S),"Camiseta, Camisa, Top","Algodão, Algodão/Poliéster, Poliéster",TRUE,CN,retail_maior,322,FALSE
800,5e6079792389e6a7ef176eed,New Women Fashion Two Piece Sunflower Printed Bikini Set Swimsuit Bathing Suit Beach Wear High Waist Bikini Swimwear,5.74,5,100,1,3.38,58,24,6,11,2,15,"bathing suit,Fashion,high waist,Sunflowers,Beach,Waist,beach wear,Swimwear,Bikini,printed,Suits,Swimming,Women,Swimsuit,Women's Fashion,Two piece set",yellow,1,30,50,66644,4.137581778,2. Baixo(100),676,Laranja/Amarelo,3. Médio Impacto,Scarcity,0,FALSE,FALSE,FALSE,1,Standard Delivery,2. Barato,2. Normal,05. P (XS),"Moda Praia, Biquíni, Conjunto/Terno, Maiô/Biquíni","Algodão/Poliéster, Nilon/Elastano, Poliéster, Poliéster/Algodão, Algodão",TRUE,CN,price_maior,-13,TRUE
801,5d00ccdde1fe9971cb8aef7a,2019 Summer Plus Size Tank Top for Women Spaghetti Strap  Flower Print Sleeveless Casual Top (S-6XL),9,8,10000,1,4.06,1642,894,303,224,92,129,"Summer,Plus Size,Floral print,Tank,Tops,Spaghetti Strap,tank top,Women's Fashion,Flowers,Spaghetti,Print,sleeveless,Fashion,Casual,Women",beige,28,23,50,12309,4.045170201,4. Alto(10000),812,Tons Neutros,2. Baixo a Médio Impacto,Scarcity,0,FALSE,FALSE,FALSE,1,Standard Delivery,2. Barato,2. Normal,07. M,"Regata, Top","Algodão/Poliéster, Poliéster/Viscose, Poliéster, Poliéster/Elastano, Algodão",TRUE,CN,price_maior,-11,TRUE
802,5eec6643d6854068e20df558,M-XXL Size Summer New Ladies Butterfly Printing Bohemian Beach Skirt v-Neck Sleeveless Casual Temperament Dress,8,55,7,0,5,1,1,0,0,0,0,"butterfly,Summer,printeddre,halter dress,dressesforwomensummer,Beach,Dress,boho,V-neck,beach dress,bohemian,icesilk,Ladies,sleeveless,Skirts,butterflyprintskirt,Casual,Women's Fashion",white,50,63,50,6348,4.248582231,1. Micro(10),1000,Branco,1. Baixo Impacto,None,0,FALSE,FALSE,FALSE,0,Standard Delivery,2. Barato,2. Normal,07. M,Vestido,"Algodão/Poliéster, Algodão/Viscose, Poliéster, Algodão",FALSE,CN,retail_maior,588,FALSE
803,5d82f19340367911da1b9ee7,New Summer Women's New Fashion Sleeveless Polka Dot V-neck Strap Mini Backless Casual Top Dresses,3.68,4,100,0,3.71,42,18,7,9,3,5,"Summer,Fashion,Mini,Tops,Polkas,V-neck,Casual,black,polka dot,sleeveless,backless,Dress,Women Fashion",navy,1,38,50,105015,3.789601486,2. Baixo(100),742,Azul,3. Médio Impacto,None,0,FALSE,FALSE,FALSE,0,Standard Delivery,2. Barato,2. Normal,05. P (XS),"Vestido, Top","Poliéster/Elastano, Algodão/Poliéster, Poliéster, Algodão",FALSE,nao_informado,retail_maior,9,FALSE
804,5e6885a8835b431211cdcd46,Summer Men Viking Tattoo Art T Shirt 3D Print T-shirts Short Sleeve Casual Top,4.86,8,1000,1,3.89,115,55,23,20,3,14,"Summer,Fashion,art,Shirt,Sleeve,tattoo,Tops,Men,short sleeves,Men's Fashion,retrotshirt,Round neck,T Shirts,Shorts,3D T-shirt,Casual,Print,Tee Shirt,printed",white,1,38,50,21842,3.789900192,3. Médio(1000),778,Branco,1. Baixo Impacto,None,0,FALSE,FALSE,FALSE,1,Standard Delivery,2. Barato,2. Normal,05. P (XS),"Camisa, Camiseta, Shorts, Top","Algodão/Poliéster, Poliéster, Algodão",FALSE,CN,retail_maior,65,TRUE
806,5e9afadf98c04211c179fcf4,Women's Fashion Boho Long Dot Dress Long Dress High Silt Printed Beach Dress XS-5XL,12,11,50,1,3.29,7,1,3,1,1,1,"wavepointdre,Fashion,long dress,Beach,Dress,summer dress,beach dress,boho,Party Dress,boho dress,printed,Women's Fashion",black,50,36,50,28,3.464285714,2. Baixo(100),658,Preto,4. Alto Impacto,None,0,FALSE,FALSE,FALSE,1,Standard Delivery,2. Barato,2. Normal,12. Plus Size (4XL),Vestido,"Algodão/Poliéster, Algodão/Viscose, Viscose/Poliéster, Poliéster, Poliéster/Elastano, Algodão",FALSE,CN,price_maior,-8,TRUE
807,5c78989a826e994cd3bdab97,Women Fashion 1/2 Sleeve Dress Casual V Neck Slim Waist Bandage Dress Spring Summer Ladies Normal Dress Solid Color Party Dress Women Gift Dress,15,25,1000,1,3.3,408,129,67,91,41,80,"Summer,bandage dress,women dresses,Spring,Dress,slim,casual dresses,Women's Fashion,Fashion,springdre,summer dresses,Casual,casual dress,Slimwaist,party,sleeve dress,Necks,Sleeve,Dresses,Waist,Gifts,long sleeve dress,Ladies,women dress,Women",green,49,25,50,1335,3.94906367,3. Médio(1000),660,Verde,3. Médio Impacto,None,0,FALSE,FALSE,FALSE,1,Standard Delivery,2. Barato,2. Normal,08. G (L),Vestido,"Algodão/Poliéster, Algodão/Viscose, Poliéster, Algodão/Elastano, Algodão",FALSE,CN,retail_maior,67,TRUE
808,5e913de867b78002c07d5ff9,Plus Size Fashion Women Summer Casual Tank Tops Loose Beach Blouses Sleeveless Printed Cotton Beach T Shirt,3.91,4,1000,1,3.73,145,64,30,18,14,19,"suspenders,Summer,Plus Size,Tank,Shirt,Beach,Tops,Loose,Women's Fashion,Fashion,printed,Summer Fashion,sleeveless,Cotton,blouse,Casual,Women",yellow,50,48,50,32168,3.884543646,3. Médio(1000),746,Laranja/Amarelo,3. Médio Impacto,Scarcity,0,FALSE,FALSE,FALSE,1,Standard Delivery,2. Barato,2. Normal,06. P (S),"Blusa, Camisa, Top","Algodão/Poliéster, Poliéster/Viscose, Algodão, Poliéster",TRUE,CN,retail_maior,2,TRUE
809,5de22bd604954c94ec9b6c99,Men's Summer Outdoor Cargo Shorts Relaxed Fit Multi-Pockets Elastic Waist Casual Shorts,11,14,100,0,3.16,38,11,7,7,3,10,"Summer,beachlooseshort,elastic waist,Waist,Elastic,mensdrawstringshort,Outdoor,Shorts,casualsummersportsshort,menssolidcolorshort,men's shorts,Casual,menspocketsshort",black,9,94,50,38985,4.064229832,2. Baixo(100),632,Preto,4. Alto Impacto,None,0,FALSE,FALSE,FALSE,0,Standard Delivery,2. Barato,2. Normal,07. M,Shorts,"Algodão/Poliéster, Elastano, Algodão",FALSE,CN,retail_maior,27,FALSE
810,5d5bb89494613054c04a2e21,ZANZEA Femme Casual Beach Col V Manche Courte Loose Plage Robe Dresse Maxi Plus,11,84,100,0,3.46,56,23,9,8,3,13,"pleated dress,robefemme,summer dress,V Neckdress,Casual,kleid,maternitydres,Party Dress,prom dress,maxi dress,Robes,Beach,loose dress",orange-red,50,40,50,90105,4.201298485,2. Baixo(100),692,Vermelho,3. Médio Impacto,Scarcity,0,FALSE,FALSE,FALSE,0,Standard Delivery,2. Barato,2. Normal,07. M,"Vestido, Robe","Algodão/Poliéster, Viscose/Algodão, Viscose/Poliéster, Poliéster, Poliéster/Elastano, Poliéster/Algodão, Algodão/Viscose, Algodão",TRUE,CN,retail_maior,664,FALSE
811,5b1371ddd068ec1ed5ebabd1,Summer Men Fitness Shorts Sports Running Beach Shorts Men's Gym Shorts Bodybuilding Shorts,8,30,10000,1,4.18,1352,777,274,155,55,91,"Summer,Beach Shorts,Fitness,Slim Fit,Men's Fashion,sportshort,Shorts,Running,bodybuildingshort,shortsformen,Men,sknnyshort,Sport,Beach,tracksuitshort",green,50,33,50,25356,3.90254772,4. Alto(10000),836,Verde,3. Médio Impacto,None,0,FALSE,FALSE,FALSE,1,Standard Delivery,2. Barato,2. Normal,06. P (S),"Shorts, Conjunto/Terno","Algodão/Poliéster, Algodão/Elastano, Poliéster/Algodão, Algodão",FALSE,CN,retail_maior,275,TRUE
813,5954c8008329cb74b77e81e6,Fashion Women BOHO Party Dress Ladies Striped Printed Maxi Summer Beach Long Dress Plus Size S-5XL,14,12,10000,1,4.36,2010,1271,400,200,69,70,"Women's Fashion,Summer,Plus Size,long dress,Beach,Dress,slim,boho,beach dress,Party Dress,printed,party,sexy,Ladies,sleeveless,Striped,Fashion,Women",black,50,38,50,22765,4.238172633,4. Alto(10000),872,Preto,4. Alto Impacto,Scarcity,1,FALSE,TRUE,FALSE,1,Standard Delivery,2. Barato,2. Normal,06. P (S),Vestido,"Algodão/Poliéster, Algodão/Viscose, Viscose/Poliéster, Poliéster, Poliéster/Elastano, Algodão/Elastano, Algodão",TRUE,CN,price_maior,-14,TRUE
815,5e7ee69fa9d2ef00550fedaf,Women Casual Hippie Letter Printed Long Dress Sleeveless Summer Irregular Loose T-shirt Dresses Plus Size,6,11,100,0,4,35,21,5,2,2,5,"Summer,A-line,women dresses,long dress,Dress,summer dress,Round neck,Cotton Dress,Women's Fashion,Women Clothing,Midi Dress,sleeveless,women dress,printed,Women,casual dress",armygreen,50,25,50,3245,3.774114022,2. Baixo(100),800,Verde,3. Médio Impacto,None,0,FALSE,FALSE,FALSE,0,Standard Delivery,2. Barato,2. Normal,04. PP (XXS),Vestido,"Algodão/Poliéster, Algodão/Viscose, Algodão, Viscose/Poliéster, Poliéster",FALSE,CN,retail_maior,83,FALSE
816,5d08893ebcf6877edd051a36,Women's Fashion Sleeveless Jumpsuit Solid Color Ladies Slim Short Bodycon Rompers Women Spaghetti Strap Bodysuit,6,6,1000,0,4.18,352,211,59,40,17,25,"bodycon jumpsuits,Summer,Fashion,Shorts,Spaghetti,Spaghetti Strap,Casual,Women's Fashion,slim,Women,Ladies,sleeveless,Rompers,women Jumpsuit,jumpsuitsampromper,jumpsuit",yellow,5,37,50,17738,3.935900327,3. Médio(1000),836,Laranja/Amarelo,3. Médio Impacto,None,0,FALSE,FALSE,FALSE,0,Standard Delivery,2. Barato,2. Normal,05. P (XS),"Macacão, Shorts, Conjunto/Terno","Algodão/Poliéster, Algodão/Elastano, Poliéster/Elastano, Poliéster/Algodão, Algodão",FALSE,CN,iguais,0,FALSE
817,5ec4d24b21c01ee2d6dfb50e,Summer fashion casual pants women's cropped pants thin outer medium Pants Large pants s-6xl,12,11,100,1,3,6,2,0,2,0,2,"summerwear,Summer,elastic waist,drawstringshort,Casual pants,pants,women's fashion T-shirt,Womens shorts,Casual,largecottonandlinenwomenstrouser,Medium,Plus Size Fashions,slimpant,Fashion,croppedtrouser",white,10,25,50,366,3.975409836,2. Baixo(100),600,Branco,1. Baixo Impacto,None,0,FALSE,FALSE,FALSE,1,Standard Delivery,2. Barato,2. Normal,06. P (S),"Calça, Camisa, Shorts","Algodão/Poliéster, Algodão, Elastano, Algodão/Elastano",FALSE,CN,price_maior,-8,TRUE
819,5dd372bed0d2f061a0c6fdea,Summer Women s  Fashion  Lace Up Tie Pants  Plus Size Casual High Waist Short Pants,3.88,4,100,0,3.47,34,14,5,6,1,8,"Summer,Shorts,high waist shorts,high waist,Casual pants,pants,summer shorts,Waist,Slim Fit,Short pants,Women's Fashion,Plus Size,Lace Up,Women,Fashion,Casual,Lace",red,1,38,50,5654,3.958790237,2. Baixo(100),694,Vermelho,4. Alto Impacto,None,0,FALSE,FALSE,FALSE,0,Standard Delivery,2. Barato,2. Normal,05. P (XS),"Calça, Shorts","Algodão/Poliéster, Renda, Algodão/Elastano, Algodão",FALSE,CN,retail_maior,3,FALSE
820,5b5815ff4092766d7dbafc3f,COMENII 2018 New Women Summer Casual Tunic Tank Top Dress Loose Beach Wear Sexy V-neck Off Shoulder Party Dresses Sleeveless A-line Ruffles Pockets T-Shirt Dresses Ladies Fashion Cotton Solid Color Button Plus Size Dress,8,7,20000,0,3.96,3761,1958,675,518,242,368,"Summer,Fashion,ruffle,Plus Size Fashions,Dress,Tops,casual dresses,tank top,beach dress,Plus Size,V-neck,pocketdres,Sexy Dress,summer dresses,Beach,Casual,Cotton,tunic,Ladies Fashion,Tank,button,T Shirts,Sleeveless dress,Ladies,party,sexy,Women,Women's Fashion,loose dress,sleeveless",navyblue,50,20,50,12476,3.998797692,5. Muito Alto(20000),792,Azul,3. Médio Impacto,None,0,FALSE,FALSE,FALSE,0,Standard Delivery,2. Barato,2. Normal,06. P (S),"Vestido, Camisa, Camiseta, Regata, Top, Túnica","Algodão/Poliéster, Algodão/Viscose, Plástico/Metal, Algodão, Viscose/Algodão, Poliéster, Poliéster/Elastano",FALSE,CN,price_maior,-12,FALSE
821,5d48ec8f6b0dcd5cb0c6265b,Plus Size Fashion Women Skull Printed Sleeveless Mini Dress Lady Girl Casual V Neck Tank Dress Loose Punk Tunic Dress,12,48,1000,1,3.98,131,64,29,21,6,11,"Mini,Plus Size,Dress,V Neckdress,Mini dress,Women's Fashion,Fashion,printed,punk style,tankdre,tunic,Casual,Women Fashion,casual dress,printeddre,Tank,Necks,skull,skullprinted,punk,Cotton Dress,Tunic dress,sleeveless,Women,loose dress",winered,50,43,50,42919,4.105967054,3. Médio(1000),796,Vermelho,4. Alto Impacto,None,0,FALSE,FALSE,FALSE,1,Standard Delivery,2. Barato,2. Normal,06. P (S),"Vestido, Túnica","Algodão/Poliéster, Algodão/Viscose, Algodão, Viscose/Algodão, Poliéster/Elastano, Poliéster",FALSE,CN,retail_maior,300,TRUE
822,5baf1d26c48bce0b1c46014b,Women Summer Fashion Casual Cut Out Halter Neck Crop Top Casual Cross Sport Fitness Vest Yoga Tops Camisole,5.65,33,1000,0,3.39,192,67,34,34,20,37,"tank top women,Vest,Fashion,women crop top,Halter,Fitness,sporttshirt,slim,Cross,yoga top,Women's Fashion,sleeveless tops,crochet,sexy,Sport,sexy tank top,Necks,Yoga,summer tank top,Tops,Slim Fit,fitnessvest,Casual,women halter tops,strappy,solid color",armygreen,50,41,50,37956,4.030377279,3. Médio(1000),678,Verde,3. Médio Impacto,Scarcity,0,FALSE,FALSE,FALSE,0,Standard Delivery,2. Barato,2. Normal,07. M,"Camisa, Top, Regata","Algodão/Poliéster, 5.Misto/Crochê, Poliéster/Elastano, Algodão/Elastano, Algodão, Nilon/Elastano",TRUE,CN,retail_maior,484,FALSE
823,5cfdbe0fba8cc019629e36f6,Women's Fashion Summer New Sleeveless Tank Top Comfortable Chiffon Low Cut Top Slim Fit Casual Tops for Women Plus Size S-5XL,11,11,1000,0,4.46,217,147,40,18,6,6,"Summer,Plus Size,chiffon,Slim Fit,Tops,tank top,Women's Fashion,Fashion,sleeveless tops,Casual T-Shirt,Tank,slim,Casual,low cut top,Women,Floral print,summer shirt,Chiffon Shirt,slim fit shirt,ruffledtop,sleeveless,tops for women",rosered,50,41,50,9002,4.014663408,3. Médio(1000),892,Vermelho,3. Médio Impacto,None,1,FALSE,TRUE,FALSE,0,Standard Delivery,2. Barato,2. Normal,07. M,"Camiseta, Camisa, Top, Regata","Algodão/Poliéster, Algodão, Poliéster, Poliéster/Viscose, Poliéster/Elastano, Algodão/Elastano",FALSE,CN,iguais,0,FALSE
824,5c6a62559d67d46bb6ce5d70,Woman's New Summer Women Stretchy Camisole  Spaghetti Strap Long Tank Top Slip Mini Dress Fashion Sleeveless Backless Low Cut Top Camisole Spaghetti Strap Dress Beach Dress 7 Color,12,11,1000,0,3.82,428,189,101,59,30,49,"Mini,Strapless Dress,Fashion,Tank,Spaghetti,Summer,Beach,Tops,Spaghetti Strap,beach dress,tank top,bodycon,Women's Fashion,Sleeveless dress,backless,Dress,sleeveless,Mini dress,slim,Casual,Women",red,50,41,50,18831,3.978864638,3. Médio(1000),764,Vermelho,4. Alto Impacto,Scarcity,0,FALSE,FALSE,FALSE,0,Standard Delivery,2. Barato,2. Normal,06. P (S),"Vestido, Regata, Top","Poliéster/Elastano, Algodão/Poliéster, Algodão/Viscose, Algodão/Elastano, Algodão",TRUE,CN,price_maior,-8,FALSE
826,5ed213d6342ca33d87fe2ea4,2020 New 3 Colors Fashion Female Slippers Hollow Wedge Sandals Summer Patchwork Slippers Increased Slippers,9,8,100,1,4.13,23,13,4,4,0,2,"heightenedshoe,wedge,Sandals,casual shoes,High Heel,Slippers,Women's Fashion,Fashion,Summer,Wedge Sandals",black,3,47,50,3769,4.239851419,2. Baixo(100),826,Preto,4. Alto Impacto,None,0,FALSE,FALSE,FALSE,1,Standard Delivery,2. Barato,2. Normal,15. Calçados / Numerações,Não Especificado,"Algodão/Poliéster, Algodão",FALSE,CN,price_maior,-11,TRUE
827,5aed1470e9b72317ade10c19,Summer Women Bohemia Push-Up Padded Bra Beach Bikini Set Swimsuit Swimwear,8,58,5000,0,3.45,920,288,207,190,99,136,"bohemia,Summer,Fashion,bikini set,bathing suit,Beach,Swimwear,Swimsuit,padded,boho,Bikini,bohemian,Women,Push up bikini,Women's Fashion,Bras,Swimming",green,5,43,50,4632,4.192789292,4. Alto(10000),690,Verde,3. Médio Impacto,None,0,FALSE,FALSE,FALSE,0,Standard Delivery,2. Barato,2. Normal,06. P (S),"Biquíni, Sutiã, Maiô/Biquíni, Moda Praia","Algodão/Poliéster, Nilon/Elastano, Poliéster/Borracha, Algodão",FALSE,CN,retail_maior,625,FALSE
828,5d1c8ce7d9ebfb1a55989de8,Sexy Women's Summer Casual Sleeveless Evening Party Backless Beachwear Mini Dress,8,17,1000,1,3.39,219,86,33,30,20,50,"Mini,womens dresses,Summer,Patchwork,fashion dress,Dress,Mini dress,Women's Fashion,Women S Clothing,backless,party,summer dresses,sleeveless,sexy,Casual",green,1,41,50,73271,3.954443095,3. Médio(1000),678,Verde,3. Médio Impacto,None,0,FALSE,FALSE,FALSE,1,Standard Delivery,2. Barato,2. Normal,04. PP (XXS),Vestido,"Poliéster/Elastano, Algodão/Poliéster, Poliéster/Viscose, Poliéster, Algodão/Viscose, Algodão",FALSE,CN,retail_maior,112,TRUE
829,5d178f2c35678a26633c3bff,2019 Summer Women Sling Dresses Casual Backless Dress Ladies Floral Printed Dress Swallowtail Dresses Slim Beach Dress,5.79,5,5000,0,3.78,1022,470,194,155,74,129,"Summer,camisole,chiffon,Dress,slim,beach dress,Ladies,Women's Fashion,backless,printed,Floral,Robes,Beach,Casual,Women",white,6,47,50,3566,3.73247336,4. Alto(10000),756,Branco,1. Baixo Impacto,None,0,FALSE,FALSE,FALSE,0,Standard Delivery,2. Barato,2. Normal,06. P (S),"Vestido, Camisete, Robe","Poliéster/Elastano, Algodão/Poliéster, Algodão/Viscose, Poliéster/Viscose, Poliéster, Poliéster/Algodão, Algodão/Elastano, Algodão",FALSE,CN,price_maior,-14,FALSE
830,5c9f216de87867207c7ac74b,Women Summer Shorts Lace Up Elastic Waistband Loose Panties Plus Size,8,16,10000,0,3.27,1167,412,187,166,113,289,"Summer,Plus Size,Elastic,Lace,Casual pants,summer shorts,Short pants,women shorts,Shorts,Beach Shorts Women,Beach Shorts,loosepant,Panties,high waisted shorts,Lace Up,Women's Fashion,Casual,Women",white,12,18,50,9177,3.874032908,4. Alto(10000),654,Branco,1. Baixo Impacto,None,0,FALSE,FALSE,FALSE,0,Standard Delivery,2. Barato,2. Normal,06. P (S),"Calça, Shorts","Algodão/Poliéster, Elastano, Renda, Algodão",FALSE,CN,retail_maior,100,FALSE
831,5ed8ea0b974ab76e85fb3459,"2020 Summer Women's Summer Fashion Spaghetti Strap Floral Print Tie Front Mini Dress Sexy Dress, Party Dresses ,Dance Dress, Evening Dresses",2.79,13,100,1,4,2,1,0,1,0,0,"Mini,Plus Size,Floral print,Summer,Dress,slim,Mini dress,Floral,Women's Fashion,Fashion,party,Sexy Dress,Print,sleeveless,sexy,Spaghetti,Casual",grey,35,48,50,1309,4.245225363,2. Baixo(100),800,Cinzento,2. Baixo a Médio Impacto,None,0,FALSE,FALSE,FALSE,1,Standard Delivery,2. Barato,2. Normal,05. P (XS),Vestido,"Algodão/Poliéster, Poliéster/Viscose, Poliéster/Elastano, Poliéster, Algodão/Elastano, Algodão",FALSE,CN,retail_maior,366,TRUE
832,5c876f5b122fda4ffb5246d0,Women's Fashion Summer Casual Cross Bandage Loose Dress Cotton Solid Color Plus Size Lace Pleated Dress,9,84,100,1,3.73,82,32,16,22,4,8,"Summer,Plus Size,vest dress,Lace,asymmetricalhem,Bandage Dresses,Pleated,summer dress,beach dress,Cross,Casual,Cotton Dress,slingdre,Sleeveless dress,Fashion,Dress,Cotton,Women's Fashion,loose dress,casual dress",pink,15,43,50,35679,3.909778862,2. Baixo(100),746,Rosa,3. Médio Impacto,None,0,FALSE,FALSE,FALSE,1,Standard Delivery,2. Barato,2. Normal,06. P (S),Vestido,"Algodão/Poliéster, Algodão/Viscose, Algodão, Renda, Viscose/Algodão",FALSE,CN,retail_maior,833,TRUE
834,5c8a16b5cb281923bc848d20,Women Fashion Plus Size Loose Casual Pure Color Lace Sleeveless Camisole Summer Tank Tops,8,7,20000,0,3.68,2015,911,340,279,169,316,"Summer,Plus Size,Tank,camisole,Pure Color,Loose,tank top,Tops,Women's Fashion,Fashion,sleeveless,Women,Lace,Casual,Women Fashion,Shirt",orange,50,24,50,3771,3.881463803,5. Muito Alto(20000),736,Laranja/Amarelo,3. Médio Impacto,None,0,FALSE,FALSE,FALSE,0,Standard Delivery,2. Barato,2. Normal,06. P (S),"Camisete, Camisa, Regata, Top","Algodão/Poliéster, Poliéster/Viscose, Renda, Algodão",FALSE,CN,price_maior,-12,FALSE
835,5c7e67e703cdc34ae8bd45a1,2019 Printed Short-sleeved Women's Fashion Cat Shirt Printed T-shirt Casual T-shirt Casual Shirt Cotton Short-sleeved Plus Size Summer Vest,5.65,7,1000,0,4.24,319,183,69,37,19,11,"cottonshortsleeve,printedtop,Vest,Fashion,Shirt,Summer,summer dress,short sleeves,printedwomensdre,Cats,Casual,Women's Fashion,Plus Size,casual wear,printed,patternedtop,casualsolidcolor,T Shirts,Cotton",navyblue,12,40,50,7627,4.047725187,3. Médio(1000),848,Azul,3. Médio Impacto,None,0,FALSE,FALSE,FALSE,0,Standard Delivery,2. Barato,2. Normal,08. G (L),"Vestido, Camisa, Camiseta, Shorts","Algodão/Poliéster, Algodão, Poliéster, Algodão/Viscose",FALSE,CN,retail_maior,24,FALSE
836,5e4e29ed8753cc326396fbec,Plus Size Fashion Clothes Summer Dresses Women's Casual Sleeveless Halter Party Dress Ladies Deep V-neck Floral Printed Beach Wear Maxi Dress,4.86,5,1000,1,3.79,200,95,35,28,16,26,"Summer,printeddres,Halter,Dress,Floral dress,beach dress,Party Dress,V-neck,sleeveless,Floral,maxi dress,Casual,casual dress,Deep V-Neck,Beach,Plus Size,summer dress,Women's Fashion,Sleeveless dress,Ladies,party,Clothes,Fashion,printed",white,1,20,50,2707,4.189139269,3. Médio(1000),758,Branco,1. Baixo Impacto,None,0,FALSE,FALSE,FALSE,1,Standard Delivery,2. Barato,2. Normal,05. P (XS),Vestido,"Algodão/Poliéster, Algodão/Viscose, Poliéster/Elastano, Poliéster/Viscose, Viscose/Poliéster, Poliéster, Algodão",FALSE,CN,retail_maior,3,TRUE
837,5d82f2852a8c735a7daa3e55,2019 New Fashion Women Summer Funny Penguin print T-Shirts Casual Short Sleeve O-Neck Tops Loose Cotton Cute Cool Tee Plus Size S-5XL 4 Colors,6,8,1000,1,3.82,523,232,114,72,59,46,"Summer,Plus Size,cute,summer t-shirts,short sleeves,cottontop,Women's Fashion,Funny T Shirt,Casual T-Shirt,Casual,Cotton,Funny,Penguin,Shorts,Sleeve,graphic tee,Tops,T Shirts,Womens T Shirts,print t-shirt,Print,Women,Fashion",green,4,54,50,3218,4.170602859,3. Médio(1000),764,Verde,3. Médio Impacto,Scarcity,0,FALSE,FALSE,FALSE,1,Standard Delivery,2. Barato,2. Normal,06. P (S),"Camiseta, Camisa, Shorts, Top","Algodão/Poliéster, Algodão, Poliéster",TRUE,US,retail_maior,33,TRUE
838,5d0c7fda142e760e3b414d74,Women Casual Off Shoulder Lace Collar Blouse Summer Loose Solid Color T Shirt,6,9,1000,0,4.01,471,252,85,62,31,41,"blouse,Summer,off shoulder top,Plus Size,Shirt,loose top,lace top,Tops,Collar,Women's Fashion,Fashion,Lace,Casual,Women",black,50,35,50,2505,4.092215569,3. Médio(1000),802,Preto,4. Alto Impacto,None,0,FALSE,FALSE,FALSE,0,Standard Delivery,2. Barato,2. Normal,06. P (S),"Blusa, Top, Camisa","Poliéster/Viscose, Algodão/Poliéster, Renda, Renda/Poliéster, Poliéster/Elastano, Algodão",FALSE,CN,retail_maior,50,FALSE
839,5d170abbc3b82d2ca527b409,2019 Summer Womens Fashion Bow Tie Plaid Romper Dress Jumpsuit Shorts Suspended Checked Clothing Beach Dress,8,9,1000,0,4.22,621,373,117,66,27,38,"Summer,Shorts,Fashion,Beach,Dress,Jumpsuits & Rompers,Bow,beach dress,plaid,suspended,loosejumpsuit,Women's Fashion,Clothing,jumpsuit,women Jumpsuit,Rompers,Women Clothing",red,50,39,50,14974,4.192800855,3. Médio(1000),844,Vermelho,4. Alto Impacto,None,0,FALSE,FALSE,FALSE,0,Standard Delivery,2. Barato,2. Normal,06. P (S),"Vestido, Macacão, Shorts, Conjunto/Terno","Algodão/Poliéster, Algodão/Viscose, Poliéster/Algodão, Algodão",FALSE,CN,retail_maior,12,FALSE
840,5c36e83cc7d0216a7835b7a1,Plus Size S-5XL Solid Color Lace Up Short Pants Women's Fashion Casual High Waist Yoga Shorts Women Summer Loose Sport Shorts Trousers,11,50,5000,0,3.45,869,305,164,155,107,138,"Summer,Plus Size,Lace,pants,Short pants,summer shorts,yogashort,women fashion shorts,women shorts,Fashion,Lace Up,Sport,trousers,Casual,looseshort,Women,Shorts,Yoga,Waist,casualshortpant,sexyshort,Women's Fashion,high waist,solid color",Black,50,43,50,36361,3.967520145,4. Alto(10000),690,Preto,4. Alto Impacto,None,0,FALSE,FALSE,FALSE,0,Standard Delivery,2. Barato,2. Normal,07. M,"Calça, Shorts","Algodão/Poliéster, Renda, Poliéster/Elastano, Algodão, Nilon/Elastano",FALSE,CN,retail_maior,355,FALSE
841,5a694c37a5419b68016bcb1c,Sexy Women Bikini Set Bandage Push Up Padded Swimwear Swimsuit Bathing Summer Beachwear,9,17,10000,0,3.93,2253,1044,526,348,146,189,"Summer,Bathing,Fashion,summerbikiniset,women swimsuit,Swimwear,beach wear,padded,Bikini,Swimming,sexy,Swimsuit,Women's Fashion,Women",green,23,59,50,16091,4.343235349,4. Alto(10000),786,Verde,3. Médio Impacto,None,0,FALSE,FALSE,FALSE,0,Standard Delivery,2. Barato,2. Normal,06. P (S),"Moda Praia, Biquíni, Maiô/Biquíni","Algodão/Poliéster, Nilon/Elastano, Poliéster/Borracha, Poliéster/Elastano, Algodão",FALSE,CN,retail_maior,89,FALSE
842,5957163634bd9170cd0f7502,2019 Women Clubwear V Neck Playsuit Bodycon Party Jumpsuit&Romper Short,8,84,1000,0,3.74,536,231,104,92,46,63,"Deep V-Neck,party,Women Rompers,Shorts,Necks,backlessromper,clubwear,Women's Fashion,Sleeveless dress,Sexy Dress,Women's Jumpsuits,women dress,Women,playsuit,trousers,jumpsuit",no_color_specified,50,63,50,30225,4.267890819,3. Médio(1000),748,Não Informado,0. Não Informado,None,0,FALSE,FALSE,FALSE,0,Standard Delivery,2. Barato,2. Normal,08. G (L),"Vestido, Macacão, Shorts, Conjunto/Terno","Poliéster/Elastano, Algodão/Poliéster, Poliéster, Algodão/Viscose, Poliéster/Algodão, Algodão",FALSE,CN,retail_maior,950,FALSE
843,5cbd345663e9171f9180b06d,2019 New Fashion Spring Summer Women's Long Pants Short Sleeves Off Shoulder Jumpsuit,12,11,20000,1,3.8,2066,932,422,317,151,244,"Summer,Shorts,Sleeve,pants,Spring,Loose,short sleeves,Long pants,Fashion,off shoulder,black,Causal,Women Fashion,jumpsuit",black,25,49,50,55670,4.121483743,5. Muito Alto(20000),760,Preto,4. Alto Impacto,Scarcity,0,FALSE,FALSE,FALSE,1,Standard Delivery,2. Barato,2. Normal,07. M,"Macacão, Calça, Camiseta, Shorts","Algodão/Poliéster, Poliéster/Elastano, Algodão",TRUE,CN,price_maior,-8,TRUE
844,5cece16810467a5f254abaa9,New Summer Women 's Fashion Bikini Set Solid Color Two Pieces Swimsuit High waist Sexy Backless Bathing Suit Beach Wear,14,37,1000,0,3.85,422,189,102,55,31,45,"bathing suit,Fashion,Summer,sexy bikini,beach wear,high waist,women swimwear,high waist bikini,Summer Fashion,sexy,Swimsuit,Women,Waist,women swimsuit,Beach,Swimwear,Two piece set,Bikini,backless,Suits,Women's Fashion,Swimming",orange,50,41,50,139223,3.933581377,3. Médio(1000),770,Laranja/Amarelo,3. Médio Impacto,Scarcity,0,FALSE,FALSE,FALSE,0,Standard Delivery,2. Barato,2. Normal,07. M,"Moda Praia, Biquíni, Conjunto/Terno, Maiô/Biquíni","Poliéster/Elastano, Algodão/Poliéster, Nilon/Elastano, Poliéster/Algodão, Algodão",TRUE,CN,retail_maior,164,FALSE
845,5eb7863e696078086baec0ab,2020 Soon To Be Mom Summer Short Sleeve Pregnant T-Shirt Seen You Soon Baby Cute Cartoon Pattern Print Funny Maternity Shirt Pregnancy Mom Shirts,8,7,100,0,4.07,14,9,0,3,1,1,"cute,momshirt,Shirt,Sleeve,pregnant,Summer,Print,maternityshirt,Maternity,Cartoons,seenyousoon,Funny,short sleeves,Fashion,pregnantshirt,Shorts,Baby,pregnancyshirt,Casual,T Shirts",black,1,33,50,360,4.230555556,2. Baixo(100),814,Preto,4. Alto Impacto,None,0,FALSE,FALSE,FALSE,0,Standard Delivery,2. Barato,2. Normal,06. P (S),"Camisa, Camiseta, Shorts","Algodão/Poliéster, Poliéster, Algodão",FALSE,CN,price_maior,-12,FALSE
846,5e815f84532ff786c0d6190a,2020 Summer New Women's Fashion V-neck Floral Printed Loose Dress Sleeveless Elegant Maxi Dress Halter Dress,8,7,1000,0,3.09,337,101,46,61,40,89,"Summer,Fashion,halter dress,Halter,Dresses,Dress,Spaghetti Strap,Women's Fashion,Floral dress,Floral,Elegant,beach dress,Plus Size,dressesforwomen,Elegant Dress,V-neck,maxi dress,printed,sleeveless,Women",yellow,50,37,50,2076,4.097302505,3. Médio(1000),618,Laranja/Amarelo,3. Médio Impacto,None,0,FALSE,FALSE,FALSE,0,Standard Delivery,2. Barato,2. Normal,06. P (S),Vestido,"Algodão/Poliéster, Algodão/Viscose, Poliéster/Viscose, Viscose/Poliéster, Poliéster, Poliéster/Elastano, Algodão",FALSE,CN,price_maior,-12,FALSE
848,5d3b25b59416e5223a1e30c1,Summer Women Off Shoulder Printed Round Neck Loose Casual Plus Size Big Swing Long Dress Plus Size Splicing Sleeveless Beach Long Dress,7,6,5000,0,3.44,921,350,149,152,92,178,"bigswing,Summer,Plus Size,Necks,splicedre,long dress,Dress,Loose,Round neck,lattice,Women's Fashion,off shoulder,printed,sleeveless,Beach,Casual,Women",red,5,47,50,3566,3.73247336,4. Alto(10000),688,Vermelho,4. Alto Impacto,None,0,FALSE,FALSE,FALSE,0,Standard Delivery,2. Barato,2. Normal,06. P (S),Vestido,"Algodão/Poliéster, Viscose/Poliéster, Poliéster/Elastano, Poliéster, Algodão",FALSE,CN,price_maior,-14,FALSE
849,5cd6627aa116696ad5a74fe4,Women Casual Short Sleeves Loose Pleat Tops Blouse Button T Shirt Plus Size S-5XL,7,26,5000,0,3.59,677,288,101,119,62,107,"blouse,Summer,Plus Size,Shirt,Sleeve,Tops,Loose,short sleeves,Casual,Women's Fashion,Shorts,button,Tops & T-Shirts,Fashion,summer tops,Women",red,50,33,50,5534,3.999819299,4. Alto(10000),718,Vermelho,4. Alto Impacto,Scarcity,0,FALSE,FALSE,FALSE,0,Standard Delivery,2. Barato,2. Normal,06. P (S),"Blusa, Camisa, Camiseta, Shorts, Top","Poliéster/Viscose, Plástico/Metal, Algodão/Poliéster, Algodão",TRUE,CN,retail_maior,271,FALSE
850,5d0334561d8cd85dc025691b,Summer Women Floral Print Cross Halter Wide Leg Jumpsuit,16,111,1000,1,4.05,580,321,109,68,23,59,"Summer,Loose,Floral print,Halter,halterneck,Print,Cross,Floral,Women's Jumpsuits,Women's Fashion,Women,Summer Fashion,sleeveless,sexy jumpsuit,Wool,women Jumpsuit,jumpsuitsampromper,Women Fashion,jumpsuit",beige,50,44,50,20387,4.193456615,3. Médio(1000),810,Tons Neutros,2. Baixo a Médio Impacto,None,0,FALSE,FALSE,FALSE,1,Standard Delivery,2. Barato,2. Normal,06. P (S),"Macacão, Conjunto/Terno","Algodão/Poliéster, Poliéster/Viscose, Poliéster, Poliéster/Elastano, Poliéster/Algodão, Algodão",FALSE,CN,retail_maior,594,TRUE
851,5c1b3c204f9bf4042395e823,Summer Fashion Women  Crepe Woven Tie Pants Summer Casual  High Waist Shorts,11,24,1000,0,3.78,463,216,81,69,41,56,"Beach Shorts,shorts feminino,Waist,pants,Short pants,Slim Fit,summer shorts,women shorts,high waist,Women's Fashion,Shorts,high waisted shorts,shortsforwomen,Casual,Women",yellow,50,41,50,50864,4.079643756,3. Médio(1000),756,Laranja/Amarelo,3. Médio Impacto,None,0,FALSE,FALSE,FALSE,0,Standard Delivery,2. Barato,2. Normal,06. P (S),"Calça, Shorts","Algodão/Poliéster, Algodão/Elastano, Algodão",FALSE,CN,retail_maior,118,FALSE
852,58db2a4eca5fec55a2b176a8,S-5XL Summer Women Casual Tops Off Shoulder Fashion Female T Shirt Plus Size Blouse,9,65,1000,0,4.09,520,281,113,56,30,40,"Summer,Bat,Fashion,Tops & Blouses,Shirt,Sleeve,Wings,tee shirt women,Tops,Women's Fashion,Shorts,T Shirts,Plus Size,european,Women,Casual,Necks",black,13,94,50,38985,4.064229832,3. Médio(1000),818,Preto,4. Alto Impacto,None,0,FALSE,FALSE,FALSE,0,Standard Delivery,2. Barato,2. Normal,08. G (L),"Blusa, Camisa, Shorts, Camiseta, Top","Algodão/Poliéster, Poliéster/Viscose, Algodão",FALSE,CN,retail_maior,622,FALSE
853,5c81feb19a4d0e06ea86daf7,Women's Fashion Boho Long Dot Dress Long Dress High Silt Printed Beach Dress S-5XL_S,5,28,5000,1,3.29,1530,517,255,256,153,349,"Fashion,long dress,Dress,summer dress,beach dress,boho,Women's Fashion,Party Dress,boho dress,printed,wavepointdres,slitdres,Beach,Bodycon Dress",blue,1,26,50,4435,3.696054115,4. Alto(10000),658,Azul,3. Médio Impacto,None,0,FALSE,FALSE,FALSE,1,Standard Delivery,2. Barato,2. Normal,06. P (S),Vestido,"Algodão/Poliéster, Algodão/Viscose, Poliéster/Elastano, Viscose/Poliéster, Poliéster, Algodão",FALSE,CN,retail_maior,460,TRUE
854,5c944cf5b82fb711ad500ec2,Bali Island Hand-Woven Rattan Bag Straw Purse Handmade Wicker Crossbody Beach,16,14,1000,1,4.52,552,394,97,33,9,19,"Summer,summerbeach,handwoven,beachbag,wovenbag,Bali,purses,bamboobag,Handmade,Women's Fashion,Bags,Crossbody Bag,ladiesmessengerbag,Beach,Women",no_color_specified,50,43,50,6033,4.254433947,3. Médio(1000),904,Não Informado,0. Não Informado,None,3,TRUE,TRUE,TRUE,1,Express Delivery,3. Médio,1. Express,16. Outros Itens (Dimensões/Kits/Objetos),Não Especificado,Algodão/Poliéster,FALSE,CN,price_maior,-12,TRUE
855,5d2509a8b67b3f36849121a7,Hexagon Mulit Style Straw Bag Handbags Women Summer Rattan Bag Handmade Woven Beach Shoulder Messenger Bags,7,6,1000,1,4.23,207,121,43,24,8,11,"women bags,beachbag,strawbag,pursesampwallet,Shoulder Bags,Handmade,fashion bag,minibag,Bags,Crossbody Bag,Summer,Handbags,Women's Fashion,Beach,woven,Women",green,50,36,50,4425,4.332429379,3. Médio(1000),846,Verde,3. Médio Impacto,Scarcity,0,FALSE,FALSE,FALSE,1,Standard Delivery,2. Barato,2. Normal,17. Outros,Não Especificado,"Algodão/Poliéster, Algodão",TRUE,CN,price_maior,-14,TRUE
856,5afa87619987a56b4ae7405c,Sexy Women Fashion Loose Shorts Lace Up Elastic Waist Summer Beach Short Pants Shorts,9,50,5000,0,3.6,985,388,198,168,77,154,"elastic waist,Lace,Elastic,pants,casualshort,Short pants,summer shorts,Women's Fashion,women shorts,women fashion shorts,High Waist Pants,Shorts,Lace Up,solid color,sexy,Beach,Waist",black,50,43,50,7889,3.995056408,4. Alto(10000),720,Preto,4. Alto Impacto,None,0,FALSE,FALSE,FALSE,0,Standard Delivery,2. Barato,2. Normal,06. P (S),"Calça, Shorts","Algodão/Poliéster, Elastano, Renda, Poliéster/Elastano, Algodão",FALSE,CN,retail_maior,456,FALSE
857,5cc7b24a607f2a6bbc3570e4,Vintage Women Hair Scrunchies Scarf Bowknot Solid Soft Cloth Ponytail Holder Summer Headbands Elastic Hair Ties Ropes for Girls,1.76,2,100,0,4.63,35,27,5,2,0,1,"hair,Baby Girl,Fashion,Elastic,Summer,Fashion Accessories,Vintage,Accessories,girlsupplie,hairrope,Rope,bowknot,Cloth,scarf,Head Bands,Women's Fashion,Hair Accessories,Bow,Women",white,2,45,9,10622,4.455940501,2. Baixo(100),926,Branco,1. Baixo Impacto,None,1,FALSE,TRUE,FALSE,0,Standard Delivery,2. Barato,2. Normal,00. Não Informado,Não Especificado,"Elastano, Algodão/Poliéster, Algodão, Algodão/Denim",FALSE,CN,retail_maior,14,FALSE
859,5ccfa00e24ae2d5cf52f45ca,New Women's Fashion Pineapple Shirt Graphic Tees Summer Short Sleeve Round Neck T-Shirt Tops,8,7,1000,0,4.23,650,373,141,76,34,26,"Summer,Shorts,Shirt,Sleeve,pineappleshirtwomen,pineappleflowerpattern,Tops,summer t-shirts,short sleeves,Round neck,topsforwoman,Women's Fashion,Fashion,teesamptshirt,graphic tees women,Casual,T Shirts,Necks",black,50,43,50,28101,4.114800185,3. Médio(1000),846,Preto,4. Alto Impacto,None,0,FALSE,FALSE,FALSE,0,Standard Delivery,2. Barato,2. Normal,06. P (S),"Camisa, Camiseta, Shorts, Top","Algodão/Poliéster, Algodão",FALSE,CN,price_maior,-12,FALSE
860,5d1c1f12c794de7b30320ba6,New Fashion Women Round Neck Summer Polka Dot Printed Sleeveless Dress Ladies Casual Mid-length Plus Size Dress,4.69,4,5000,1,3.95,574,274,136,77,38,49,"Summer,Plus Size,Necks,Dress,Polkas,Round neck,Women's Fashion,Fashion,polka dot,Sleeveless dress,Ladies,sleeveless,printed,Casual,Women",green,3,49,50,55670,4.121483743,4. Alto(10000),790,Verde,3. Médio Impacto,None,0,FALSE,FALSE,FALSE,1,Standard Delivery,2. Barato,2. Normal,08. G (L),Vestido,"Algodão/Poliéster, Poliéster, Algodão/Viscose, Algodão",FALSE,CN,price_maior,-15,TRUE
861,5d00afae32ac2c5a78cc059c,Summer Women Fashion Short Sleeve O-neck Feather Print Cotton T-shirt Casual Street Style Tops 4 Colors S-5XL,8,18,1000,1,4.15,158,88,34,18,7,11,"Summer,Shorts,Cotton,Cotton T Shirt,summerfashiontshirt,Tops,street style,short sleeves,T Shirts,Fashion,women t shirt,featherprint,Sleeve,Print,feather,o-neck,Women's Fashion,Casual,Women Fashion,Women",green,50,43,50,42514,3.740885355,3. Médio(1000),830,Verde,3. Médio Impacto,None,0,FALSE,FALSE,FALSE,1,Standard Delivery,2. Barato,2. Normal,08. G (L),"Camiseta, Camisa, Shorts, Top","Algodão/Poliéster, Algodão, Poliéster",FALSE,CN,retail_maior,125,TRUE
862,5e9ea7ba3a27db3e80bb7b6e,Women's Summer Fashion Floral Print Tie Front Mini Dress Sexy Dress,6,6,100,0,3.47,19,6,5,4,0,4,"suspenders,Summer,Plus Size,Floral print,Sexy Dress,Mini,Dress,slim,Mini dress,Floral,Women's Fashion,Fashion,sexy,Print,sleeveless,Casual",grey,10,45,50,10600,3.86754717,2. Baixo(100),694,Cinzento,2. Baixo a Médio Impacto,None,0,FALSE,FALSE,FALSE,0,Standard Delivery,2. Barato,2. Normal,06. P (S),Vestido,"Algodão/Poliéster, Poliéster/Viscose, Poliéster/Elastano, Poliéster, Algodão/Elastano, Algodão",FALSE,CN,iguais,0,FALSE
863,5eb4dd1bba09581b242c01b0,Summer fashion female butterfly tank vest sleeveless round neck casual top,6,33,10,0,2.33,3,1,0,0,0,2,"butterfly,Mini,Vest,Fashion,Tank,Necks,Summer,womemstop,Tops,tank top,Round neck,#top #crop,tankvest,sleeveless,Casual",blue,50,41,50,32394,3.924677409,1. Micro(10),466,Azul,3. Médio Impacto,None,0,FALSE,FALSE,FALSE,0,Standard Delivery,2. Barato,2. Normal,06. P (S),"Regata, Top","Algodão/Poliéster, Algodão",FALSE,CN,retail_maior,450,FALSE
865,5e79d1d09981e55d65627085,8 Colors Plus Size Summer New Women Fashion Ladies Casual Sleeveless Tops Summer Sexy Cutout Back Open Double Layer Tank Top Plus Size S-5XL,4.65,4,50,0,5,0,0,0,0,0,0,"Women Vest,Plus Size,Tops & Blouses,tunic top,tanktopcroptop,Summer,backless top,sleevelessblouse,Tops,ruffletanktop,Women's Fashion,tshirtcasualtop,tank top,teevest,sexy,Ladies,Tank,Fashion,Casual,sleeveless,Women",lightpink,9,36,50,268,3.891791045,2. Baixo(100),1000,Rosa,3. Médio Impacto,Scarcity,0,FALSE,FALSE,FALSE,0,Standard Delivery,2. Barato,2. Normal,05. P (XS),"Top, Blusa, Camisa, Regata, Túnica, Colete","Poliéster/Elastano, Poliéster/Viscose, Algodão/Poliéster, Algodão, Algodão/Viscose",TRUE,CN,price_maior,-14,FALSE
866,5edf2eac07570835cf35ee02,Butterfly Print Cotton Face Mask Outdoor Sport Meet Isolation Mask Summer New Fashion Trendy Street Mask Casual Bandana for Women Health Care,2.67,67,10,0,5,0,0,0,0,0,0,"butterfly,Summer,Outdoor,isolation,Masks,Sport,Women's Fashion,Fashion,Health,Face Mask,Print,Women,Cotton,Casual,cottonmask",purple,5,27,50,13,3.692307692,1. Micro(10),1000,Roxo,3. Médio Impacto,Scarcity,0,FALSE,FALSE,FALSE,0,Standard Delivery,2. Barato,2. Normal,16. Outros Itens (Dimensões/Kits/Objetos),Não Especificado,"Algodão/Poliéster, Algodão, Poliéster",TRUE,CN,retail_maior,2409,FALSE
867,5ed89a314342ce2530775c08,Women Summer Off Sholuder Round Neck Printed Big Swing Loose Casual Holiday Beach Long Dress,11,10,100,1,3.5,10,4,2,0,3,1,"bigswing,Summer,Necks,long dress,Dress,Maxi Dresses,Round neck,Women's Fashion,printed,long dresses,sleeveless,Holiday,Beach,Casual,Women",red,49,30,50,12919,4.024460098,2. Baixo(100),700,Vermelho,4. Alto Impacto,None,0,FALSE,FALSE,FALSE,1,Standard Delivery,2. Barato,2. Normal,06. P (S),Vestido,"Algodão/Poliéster, Algodão/Viscose, Viscose/Poliéster, Poliéster, Algodão",FALSE,CN,price_maior,-9,TRUE
868,5eb3937c9dd6ca23dcb12315,S-5XL Women Fashion Camouflage Print Lace Patchwork Sport Yoga Shorts Fitness Panties Bottom Summer Athletic Lounge Short Pants,5,26,100,1,4,4,3,0,0,0,1,"Summer,Shorts,Yoga,Lace,pants,Athletics,Fitness,Short pants,camouflage,Women's Fashion,Fashion,Panties,t,Print,Sport,Women",pink,50,41,50,19867,4.157547692,2. Baixo(100),800,Rosa,3. Médio Impacto,None,0,FALSE,FALSE,FALSE,1,Standard Shipping,2. Barato,2. Normal,06. P (S),"Calça, Shorts","Algodão/Poliéster, Renda, Poliéster, Algodão, Nilon/Elastano",FALSE,CN,retail_maior,420,TRUE
869,5d4930a022fd6c0c10d9b8e3,New Summer Women's Fashion Double Layer Hipple Sleeveless Asymmetric Letter Casual Dress Irregular Hem Boho Dress Maxi Dress Size S-2XL,11,11,1000,1,4.22,223,136,43,20,6,18,"Summer,Plus Size,letter print,asymmetric,Dress,boho,Casual,Women's Fashion,Sleeveless dress,boho dress,sleeveless,maxi dress,Fashion,loose dress,casual dress",purple,5,35,50,667,3.766116942,3. Médio(1000),844,Roxo,3. Médio Impacto,Scarcity,1,FALSE,TRUE,FALSE,1,Standard Delivery,2. Barato,2. Normal,05. P (XS),Vestido,"Viscose/Poliéster, Algodão/Poliéster, Algodão/Viscose, Viscose/Algodão, Poliéster, Algodão",TRUE,CN,iguais,0,TRUE
870,5899205070782c519e2d8738,6 Colors Fashion Women Sports Sets Solid Tops and Shorts Sleeveless Round Collar Sexy for Women Plus size  S-4XL,7,11,20000,0,3.98,6510,3140,1357,1154,445,414,"Set,Round Collar,Tops,Women's Fashion,Shorts,Suits,sleeveless,sexy,Sport,Fashion,Collar,Women",grey,5,41,50,43742,4.063965982,5. Muito Alto(20000),796,Cinzento,2. Baixo a Médio Impacto,None,0,FALSE,FALSE,FALSE,0,Standard Delivery,2. Barato,2. Normal,06. P (S),"Shorts, Conjunto/Terno, Top","Algodão/Poliéster, Poliéster/Elastano, Poliéster/Algodão, Algodão",FALSE,CN,retail_maior,57,FALSE
871,5cccf1b9e723f0635d81553c,2019 Women Fashion Summer Dress Butterfly Print Sleeveless Short O-neck Mini Dress Above Knee Casual Loose Plus Size Button Pockets Dress Size S-5XL,12,11,1000,0,3.61,171,73,30,26,13,29,"butterflyprint,butterfly,Plus Size,Summer,fashion dress,Dress,Mini dress,Mini,Women's Fashion,Fashion,Summer Fashion,knee,Casual,Women Fashion,casual dress,Shorts,button,summer dress,Women,Print,sleeveless,Above Knee dresses,loose dress",white,7,54,50,4811,4.194554147,3. Médio(1000),722,Branco,1. Baixo Impacto,Scarcity,0,FALSE,FALSE,FALSE,0,Standard Delivery,2. Barato,2. Normal,06. P (S),"Vestido, Shorts","Poliéster, Plástico/Metal, Algodão/Poliéster, Algodão/Viscose, Poliéster/Viscose, Viscose/Algodão, Poliéster/Elastano, Algodão",TRUE,CN,price_maior,-8,FALSE
872,5e915fc33b3c4742cfd78b63,Summer New Women's Fashion Summer Sleeveless Smooth As Jennessee Whiskey Letter Printed Cotton Graphic Shirts Tank Tops,1.72,26,1000,1,4.33,18,10,5,2,1,0,"Tops & Tees,Plus Size,Tank,Shirt,Summer,Tops,summer t-shirts,tank top,Women's Fashion,Fashion,printed,whiskeytshirt,sleeveless,o-neck,Casual,Women Fashion,Cotton",yellow,9,43,50,1373,4.007283321,3. Médio(1000),866,Laranja/Amarelo,3. Médio Impacto,Scarcity,0,FALSE,FALSE,FALSE,1,Standard Delivery,2. Barato,2. Normal,05. P (XS),"Camisa, Camiseta, Regata, Top","Algodão/Poliéster, Algodão, Poliéster",TRUE,CN,retail_maior,1412,TRUE
873,5ebe0ff82d407f12e15d8b69,Female V-neck Hollow Out Casual Loose Blouse Plus Size Tops Summer Women's Fashion Short Sleeve T Shirt ,1.72,2,100,0,4.23,13,7,4,0,2,0,"blouse,Summer,Plus Size,Fashion,Sleeve,Shirt,Tops,short sleeves,V-neck,loosetee,T Shirts,Shorts,Women's Fashion,Casual,Women",fluorescentgreen,3,55,50,1250,4.0032,2. Baixo(100),846,Verde,3. Médio Impacto,None,0,FALSE,FALSE,FALSE,0,Standard Delivery,2. Barato,2. Normal,05. P (XS),"Blusa, Camisa, Camiseta, Shorts, Top","Poliéster/Viscose, Algodão/Poliéster, Algodão",FALSE,CN,retail_maior,16,FALSE
874,5a7033cfd91790235ed80f19,2018 Hot Selling Spring Summer Women Flared Causal Trousers Loose Pants Drawstring Elastic Waist Middle Waisted  Wide Leg Pants,8,47,10000,1,4.21,1631,945,333,201,62,90,"Women Pants,Summer,trousers,Waist,Elastic,pants,Spring,High Waist Pants,Long pants,Women's Fashion,drawstring,loosepant,elastic waist,middlewaist,Wool,Casual,Women",gray,6,38,50,1659,4.321880651,4. Alto(10000),842,Cinzento,2. Baixo a Médio Impacto,None,1,FALSE,TRUE,FALSE,1,Standard Delivery,2. Barato,2. Normal,05. P (XS),Calça,"Algodão/Poliéster, Elastano, Algodão",FALSE,CN,retail_maior,488,TRUE
875,5eb0f505ff79823411767eca,Women Fashion Tie Dye Printed Two Piece Sets Summer Off Shoulder T Shirts + Tie Dye Shirts 2 Piece Set Outfit Suits,5.8,9,1000,1,3.83,52,25,7,11,4,5,"Summer,Plus Size,Shirt,2pieceset,short sleeves,Outfits,Women's Fashion,twopieceoutfit,off shoulder,printed,Tie Dye,Dyes,sexy,shortsforwomen,Fashion,Women Fashion,Women",rosered,4,43,50,28295,3.809966425,3. Médio(1000),766,Vermelho,3. Médio Impacto,None,0,FALSE,FALSE,FALSE,1,Standard Delivery,2. Barato,2. Normal,05. P (XS),"Camisa, Camiseta, Shorts","Algodão/Poliéster, Poliéster/Elastano, Poliéster, Algodão",FALSE,CN,retail_maior,55,TRUE
876,5b17a4cff4979a14e3b4bf7f,Summer Women Casual Sleeveless Loose Tops Solid Color Cotton Shirts Sexy Deep V-neck Halter Button Blouse Ladies Fashion Swing Flowy T-shirts Lady Vest Plus Size Cotton Tank Tops XS-6XL,7,6,50000,0,4.12,9207,5077,1860,1185,467,618,"Deep V-Neck,Vest,Plus Size,Halter,Summer,topsamptshirt,tank top,Ladies,T Shirts,Fashion,casual shirt,sexy,blouse,Tank,Casual,Women,halter top,Cotton,Loose tank tops,Cotton Shirt,Shirt,Tops,Women's Fashion,V-neck,sleeveless,women top,Ladies Fashion,button,sleeveless tops",black,6,18,50,15538,4.156197709,6. Crítico(>20000),824,Preto,4. Alto Impacto,Scarcity,0,FALSE,FALSE,FALSE,0,Standard Delivery,2. Barato,2. Normal,07. M,"Blusa, Camisa, Top, Camiseta, Regata","Poliéster/Viscose, Plástico/Metal, Algodão/Poliéster, Algodão, Poliéster/Elastano",TRUE,CN,price_maior,-14,FALSE
877,5eb64eca0c8dbe3dfc55c400,Children Outdoor Soft Air Water Filled Bubble Ball Blow Up Balloon Toy Fun Party Game Summer Gift For Kids Inflatable Gift,3.66,26,100,1,3.2,10,4,2,0,0,4,"Summer,Toy,Gifts,bubbleball,Balloon,Children,balloonsbirthday,water,Outdoor,magicbubble,balloonsforparty,Fun,party,gaes,magicbubbleball,bubble,Inflatable,kids",green,50,140,50,269,3.338289963,2. Baixo(100),640,Verde,3. Médio Impacto,None,0,FALSE,FALSE,FALSE,1,Standard Delivery,2. Barato,2. Normal,06. P (S),Não Especificado,"Poliéster, Algodão/Poliéster, Algodão",FALSE,CN,retail_maior,610,TRUE
878,5d2ee72ad0c3c6130e8e15e8,Women Simple Plain Swim Leggings Capri Swim Bottom Plus Size S-4XL,3.83,4,5000,1,3.76,337,163,48,54,27,45,"capripant,Leggings,Beach Shorts,capri leggings,pants,Simple,yoga pants,women swimwear,Women's Fashion,Plus Size,womenswimbottom,Women,Swimming",black,50,42,50,99283,4.285597736,4. Alto(10000),752,Preto,4. Alto Impacto,None,0,FALSE,FALSE,FALSE,1,Standard Delivery,2. Barato,2. Normal,06. P (S),"Parte de Baixo, Calça, Shorts, Moda Praia","Algodão/Poliéster, Nilon/Elastano, Algodão",FALSE,CN,retail_maior,4,TRUE
879,5b45bfd6d26302285f0f83e6,Plus Size Women Bandage Bikini Set Summer HOT Beach Bathing Suit Swimsuit Padded Halter Swimwear For Women,13,84,10000,1,4.36,2592,1632,531,260,68,101,"2 Piece Swimsuit,Plus Size,Swimming,plus size bikinis,sexy swimsuit,Bikini swimwear,women swimsuit,Beach,sexy bikini,Swimwear,Halter,Suits,Bikini,Fashion,Summer,swimsuits for girls,bandage bikini,Halter Bikini,Swimsuit,Women's Fashion,Women",black,50,33,50,23719,4.301066655,4. Alto(10000),872,Preto,4. Alto Impacto,None,1,FALSE,TRUE,FALSE,1,Standard Delivery,2. Barato,2. Normal,06. P (S),"Biquíni, Conjunto/Terno, Maiô/Biquíni, Moda Praia","Algodão/Poliéster, Nilon/Elastano, Poliéster/Elastano, Poliéster/Algodão, Algodão",FALSE,CN,retail_maior,546,TRUE
880,5c079b1b3d864936c0a4c1a3,Girls Cotton Tee Tank Top Clothing Cold Shoulder Tops   Women Casual Cute Letter Print T-shirt Summer,6,17,5000,1,3.85,817,384,160,125,59,89,"blouse,Summer,Vest,Plus Size,letter print,cute,Tops,tank top,Casual,Women's Fashion,tankvest,Print,sleeveless,Clothing,womens vest,sleeveless tops",blue,1,41,50,50864,4.079643756,4. Alto(10000),770,Azul,3. Médio Impacto,None,0,FALSE,FALSE,FALSE,1,Standard Delivery,2. Barato,2. Normal,04. PP (XXS),"Blusa, Top, Regata, Colete","Poliéster/Viscose, Algodão/Poliéster, Poliéster, Algodão",FALSE,CN,retail_maior,183,TRUE
881,5cdd1c445632da70960b4b9a,Summer Mini Dresses for Women V Neck Beach Casual Striped Boho Sun Dress,15,59,100,0,3.87,202,94,50,21,12,25,"women dress,boho,Vintage Dresses,Mini,Summer,Beach,Dress,sundress,backless dress,casual dresses,Mini dress,maxi skirt,beach dress,boho dress,summer dresses,Party Dresses,Striped,Women,Women's Fashion,Casual,Necks",no_color_specified,11,30,50,7267,4.157836796,2. Baixo(100),774,Não Informado,0. Não Informado,None,0,FALSE,FALSE,FALSE,0,Standard Delivery,2. Barato,2. Normal,07. M,Vestido,"Poliéster/Elastano, Algodão/Poliéster, Algodão/Viscose, Viscose/Poliéster, Poliéster, Algodão, Algodão/Denim",FALSE,CN,retail_maior,293,FALSE
883,5ee47535e0fdab19513772a7,New Fashion Women Loose Shorts Elastic Waist Summer Casual Short Pants,1.71,2,50,1,4.67,3,2,1,0,0,0,"Summer,Shorts,Waist,Elastic,Bottom,pants,Loose,Short pants,Women's Fashion,elastic waist,Fashion,Casual,Women Fashion,Women",grey,2,31,50,3762,3.797448166,2. Baixo(100),934,Cinzento,2. Baixo a Médio Impacto,Scarcity,0,FALSE,FALSE,FALSE,1,Standard Delivery,2. Barato,2. Normal,05. P (XS),"Parte de Baixo, Calça, Shorts","Algodão/Poliéster, Elastano, Algodão",TRUE,CN,retail_maior,17,TRUE
884,5cf5d255217c704c9f5ac4e0,Summer Women's Fashion Elastic Waist 3/4 Jogging Capri Hose Strass Dance Paisley Drawstring Casual Sport Fitness Pants,12,43,10000,1,3.87,632,303,122,99,35,73,"Women Pants,capripant,elastic waist,Waist,Elastic,pants,Summer,Fitness,jogging,harem pants,Women's Fashion,trousers,34pant,Sport,Fashion,Casual",lightpink,50,42,50,45524,3.972937352,4. Alto(10000),774,Rosa,3. Médio Impacto,None,0,FALSE,FALSE,FALSE,1,Standard Delivery,2. Barato,2. Normal,06. P (S),Calça,"Algodão/Poliéster, Elastano, Algodão",FALSE,CN,retail_maior,258,TRUE
886,5b61488334144513e27ce380,3 Styles Women Summer Fashion High Waist Floral Print Swimwear Bikini Set 2 Piece Beach Bikini Bathing Suit,9,8,1000,0,4.17,648,347,160,76,33,32,"bathing suit,Fashion,women beachwear,bikini set,Bikini,Summer,Print,Swimwear,Swimsuit,Floral print,beach swimwear,Women's Fashion,high waist,2piecesbikini,Suits,Floral,floralprintswimwear,Women,Beach,Waist",black,50,41,50,37956,4.030377279,3. Médio(1000),834,Preto,4. Alto Impacto,None,0,FALSE,FALSE,FALSE,0,Standard Delivery,2. Barato,2. Normal,06. P (S),"Biquíni, Conjunto/Terno, Maiô/Biquíni, Moda Praia","Algodão/Poliéster, Nilon/Elastano, Poliéster/Viscose, Poliéster, Poliéster/Algodão, Algodão",FALSE,CN,price_maior,-11,FALSE
887,5e9ea0052f7e421781e951fa,(S-7XL) Women Camisole Summer Printed Vest Floral Sleeveless Vest V-neck Shirt Plus Size,2,56,1000,1,3.73,41,17,10,6,2,6,"Women Vest,Vest,womens  tank,camisole,Women Blouse,Shirt,Plus Size,womens top,V-neck,sleevelessvest,Womens T Shirts,Women's Fashion,Fashion,Summer,printed,floral shirt,Floral,sleeveless,Women,vneckshirt",green,2,27,50,3119,3.909907021,3. Médio(1000),746,Verde,3. Médio Impacto,None,0,FALSE,FALSE,FALSE,1,Standard Delivery,2. Barato,2. Normal,06. P (S),"Blusa, Camisete, Camisa, Camiseta, Colete","Poliéster/Viscose, Algodão/Poliéster, Poliéster, Algodão",FALSE,CN,retail_maior,2700,TRUE
888,5ea3ec32cf46550c2ee011e8,5 Colors Fashion Womens Sleeveless Lace Bralette Women Crop Top Summer Floral Lace Bras Top Cropped Cami Tank Tops Plus Size,5,5,100,1,3.4,25,11,3,2,3,6,"lacebrallette,Plus Size,crop top,bralette top,tasselslingerie,Tops,brallettesexy,floral lace,Women's Fashion,Lingerie,Summer,brassierefemme,sleeveless,Floral,Tank,Women,Fashion,Bras,Lace",black,50,35,50,98,3.918367347,2. Baixo(100),680,Preto,4. Alto Impacto,Scarcity,0,FALSE,FALSE,FALSE,1,Standard Delivery,2. Barato,2. Normal,05. P (XS),"Sutiã, Top","Nilon/Elastano, Algodão/Poliéster, Poliéster/Viscose, Renda, Poliéster/Elastano, Algodão",TRUE,CN,iguais,0,TRUE
889,5d48e96858129b44c0324f90,S-5XL New Fashion Women Tops Blouse Sleeveless Strappy Tank Tops Cross Back Tops Summer Causal Women Tops Plus Size,9,14,10000,0,4.14,644,363,134,71,27,49,"blouse,Summer,Plus Size,Tank,Tops,Cross,tank top,Women's Fashion,Fashion,strappy,topsampblouse,solid color,sexy,women top,sleeveless,Women",purple,50,43,50,3972,3.849194361,4. Alto(10000),828,Roxo,3. Médio Impacto,None,0,FALSE,FALSE,FALSE,0,Standard Delivery,2. Barato,2. Normal,07. M,"Blusa, Regata, Top","Poliéster/Viscose, Algodão/Poliéster, Poliéster/Elastano, Algodão",FALSE,CN,retail_maior,56,FALSE
891,5e65bf0988c42d5a40179cb4,Spring and Summer New Tik Tok Ing Endless Loose Large Size Short Sleeve Crop Top and Shorts Set,16,14,1000,1,4.27,127,75,31,9,4,8,"2pieceset,Shorts,crop top,Sleeve,Summer,tiktok,Spring,Tops,Spaghetti Strap,short sleeves,Outfits,Fashion",gray & white,50,36,50,514,4.217898833,3. Médio(1000),854,Multicor/Estampado,1. Baixo Impacto,None,1,FALSE,TRUE,FALSE,1,Standard Delivery,2. Barato,2. Normal,05. P (XS),"Camiseta, Shorts, Top","Algodão/Poliéster, Poliéster/Elastano, Algodão",FALSE,CN,price_maior,-12,TRUE
892,5c9c7c98b453e26d96b0341f,Women Summer Casual Loose Solid Color Sleeveless Dress with Pocket,7,6,5000,0,3.23,1212,393,201,198,133,287,"Summer,Plus Size,short dress,Dress,Mini dress,Pocket,Women's Fashion,Sleeveless dress,off shoulder,solid color,women dress,Casual,Women",white,9,13,50,1686,3.68742586,4. Alto(10000),646,Branco,1. Baixo Impacto,None,0,FALSE,FALSE,FALSE,0,Standard Delivery,2. Barato,2. Normal,06. P (S),Vestido,"Algodão/Poliéster, Poliéster/Elastano, Algodão/Viscose, Algodão",FALSE,CN,price_maior,-14,FALSE
893,5acefb2f16d944554a579745,2018 Summer New Women Fashion Sexy Sleeveless Tank Top Floral Print Casual Women Cotton T-shirts Plus Size Women Vest（S-5XL）,7,84,10000,0,3.93,2526,1269,485,355,153,264,"Women Vest,Plus Size,Cotton T Shirt,Summer,topsamptshirt,tank top,Sleeveless Shirt,Fashion,Casual T-Shirt,Floral,Tank,Casual,T Shirts,Cotton,Floral print,Sexy Top,Tops,Women's Fashion,Print,sleeveless,sexy,Women,tops for women",purple,50,41,50,10501,4.029235311,4. Alto(10000),786,Roxo,3. Médio Impacto,None,0,FALSE,FALSE,FALSE,0,Standard Delivery,2. Barato,2. Normal,06. P (S),"Camiseta, Camisa, Regata, Top, Colete","Algodão/Poliéster, Algodão, Poliéster/Viscose, Poliéster, Poliéster/Elastano",FALSE,CN,retail_maior,1100,FALSE
894,579c11beaa8aa377f926b2ea,Comfy Sleeveless Hooded Mini Dress,8,54,50000,0,3.69,14568,5946,2952,2624,1310,1736,"Mini,Fashion,Dress Shirt,Party Dresses,Dress,casual dresses,boho,hooded,party,Hoodies,summer dresses,sleevelessdresse,sexy,Bodycon Dresses,Women's Fashion,sleeveless,Women",grey,50,78,50,78307,3.840256937,6. Crítico(>20000),738,Cinzento,2. Baixo a Médio Impacto,None,0,FALSE,FALSE,FALSE,0,Standard Delivery,2. Barato,2. Normal,06. P (S),"Vestido, Camisa","Poliéster/Elastano, Algodão/Poliéster, Algodão/Viscose, Poliéster, Algodão",FALSE,CN,retail_maior,575,FALSE
895,5ecb231abbaf9c260ba413ea,Summer Women Fashion Sleeveless Shirt Bohemian Casual Printed Loose Sling V Neck Blouse Tank Top Vest,8,7,100,0,3.8,15,9,1,1,1,3,"Summer,Vest,Plus Size,Shirt,Loose,V-neck,Women's Fashion,Fashion,sleeveless tops,Casual T-Shirt,Casual,Cotton,blouse,Tank,Necks,Tops,Ladies Top,boho,bohemian,slingshirt,sleeveless,Women,tank top,printed",grey,50,14,50,88,4.045454545,2. Baixo(100),760,Cinzento,2. Baixo a Médio Impacto,None,0,FALSE,FALSE,FALSE,0,Standard Delivery,2. Barato,2. Normal,05. P (XS),"Blusa, Camiseta, Camisa, Top, Regata","Poliéster/Viscose, Algodão/Poliéster, Algodão, Poliéster",FALSE,CN,price_maior,-12,FALSE
896,5c9da0f8593b264e85540ba3,Women Casual Loose Round Neck Short Sleeves Floral Print Polka Dot Pocket Summer Dress,8,7,10000,0,3.66,864,366,168,129,76,125,"Summer,Shorts,Floral print,Necks,Sleeve,Pocket,polka dot,Loose,Polkas,short sleeves,Casual,Round neck,Floral,Women's Fashion,summer dress,Print,Dress,Women",white,50,24,50,4295,3.849592549,4. Alto(10000),732,Branco,1. Baixo Impacto,None,0,FALSE,FALSE,FALSE,0,Standard Delivery,2. Barato,2. Normal,06. P (S),"Vestido, Camiseta, Shorts","Algodão/Poliéster, Poliéster/Viscose, Poliéster, Algodão/Viscose, Algodão",FALSE,CN,price_maior,-12,FALSE
897,5ec3838095806b23bae8412b,Women Fashion Casual Thai Harem Trousers Summer Hippy High Waist Pants Loose Yoga Pants,3,3,100,1,4.04,47,22,13,6,4,2,"Summer,harem,trousers,Yoga,high waist,Casual pants,Long pants,pants,Waist,yoga pants,Women's Fashion,yoga leggings,harem pants,High Waist Pants,Fashion,sweat pants,Casual,Women",brown & yellow,1,29,50,11401,4.093588282,2. Baixo(100),808,Multicor/Estampado,3. Médio Impacto,Scarcity,0,FALSE,FALSE,FALSE,1,Standard Delivery,2. Barato,2. Normal,03. PP (XXXS),Calça,"Algodão/Poliéster, Algodão, Nilon/Elastano",TRUE,CN,iguais,0,TRUE
898,5d30353626e12b6a5c2b44f6,S-5XL Plus Size Summer Vacation Women  V-neck Style  Mini Dress Sleeveless Pure Color Dress Beach Dress Casual Loose Dress,8,20,1000,0,3.12,341,106,45,62,39,89,"Summer,Plus Size,Deep V-neck Dress,Mini,Beach,Pure Color,Loose,Vacation,V-neck,Mini dress,beach dress,sleeveless,Dress,women dress,Women,Women's Fashion,Casual,casual dress",skyblue,50,138,50,7858,3.953168745,3. Médio(1000),624,Azul,3. Médio Impacto,Scarcity,0,FALSE,FALSE,FALSE,0,Standard Delivery,2. Barato,2. Normal,06. P (S),Vestido,"Algodão/Poliéster, Algodão/Viscose, Poliéster/Elastano, Algodão",TRUE,CN,retail_maior,150,FALSE
901,5d299060d270a82a82344c01,2019 Summer New Women's Fashion Tops Casual Cross Straps Shirt Solid Color Vest Casual Loose Tops,11,49,100,0,3.73,26,12,4,3,5,2,"blouse,Summer,Vest,Fashion,Shirt,crossstrap,Tops,Loose,Cross,strap,Women's Fashion,solid color,sexy,Casual",winered,25,43,50,1160,4.143965517,2. Baixo(100),746,Vermelho,4. Alto Impacto,Scarcity,0,FALSE,FALSE,FALSE,0,Standard Delivery,2. Barato,2. Normal,07. M,"Blusa, Camisa, Top","Poliéster/Viscose, Algodão/Poliéster, Poliéster/Elastano, Algodão",TRUE,CN,retail_maior,345,FALSE
902,5d42ab33e2f3da0f1d959b01,Summer Print Dress Women's Round Neck Print Short Sleeve Vintage Dress,13,11,1000,0,3.36,350,115,75,54,33,73,"Summer,Shorts,Necks,floralprintdres,plus size dress,Dress,summer dress,Vintage,Mini dress,Round neck,Print,short sleeves,shortsleevesdres,off shoulder dress,Sleeve,Girls Dresses,women dress,print dress,Women's Fashion,loose dress,casual dress",red,50,14,50,8821,3.872009976,3. Médio(1000),672,Vermelho,4. Alto Impacto,None,0,FALSE,FALSE,FALSE,0,Standard Delivery,2. Barato,2. Normal,06. P (S),"Vestido, Camiseta, Shorts","Algodão/Poliéster, Algodão/Viscose, Poliéster/Viscose, Viscose/Algodão, Poliéster/Elastano, Poliéster, Algodão, Algodão/Denim",FALSE,CN,price_maior,-15,FALSE
903,5a2f7cdb5cc9a60fadb7abc6,Fashion Women Strapless Print Crop Tops Suits High Waisted Shorts Sexy Two Piece Set,11,11,5000,1,4.16,1401,777,298,185,54,87,"strapless,Fashion,off the shoulder top,Tops,strapless crop top,Two piece set,Women's Fashion,twopieceoutfit,Suits,Print,crop top,sexy,croptopsforwomen,summer tops,Women",white,41,37,50,13879,4.054470783,4. Alto(10000),832,Branco,1. Baixo Impacto,None,0,FALSE,FALSE,FALSE,1,Standard Delivery,2. Barato,2. Normal,09. GG (XL),"Conjunto/Terno, Top","Algodão/Poliéster, Poliéster, Poliéster/Elastano, Poliéster/Algodão, Algodão",FALSE,CN,iguais,0,TRUE
904,5ca2f72d96d90c7ed661b692,Summer Women Jurassic Mom of Dino Tank Tops Casual Vest Don't Mess with MamaSaurus You'll Get Jurasskicked Funny Mom Shirt Sleeveless Blouse ,7,7,1000,0,4.02,636,330,128,90,34,54,"Summer,Vest,momshirt,Get,summer t-shirts,funnytop,yoga top,Tops,Women's Fashion,Fashion,Casual,Women,blouse,Funny,Tank,Shirt,graphic tee,sleevelessblouse,sportsamprecreation,Dinosaur,gymwear,sleeveless,casualblouse",white,50,41,50,35358,4.018157136,3. Médio(1000),804,Branco,1. Baixo Impacto,Scarcity,0,FALSE,FALSE,FALSE,0,Standard Delivery,2. Barato,2. Normal,06. P (S),"Blusa, Camisa, Camiseta, Top","Poliéster/Viscose, Algodão/Poliéster, Algodão, Nilon/Elastano",TRUE,CN,iguais,0,FALSE
905,5ed48479a79b693eae66e575,New Ladies Fashion Print Top Summer V-neck Sleeveless Top,9,10,10,1,5,0,0,0,0,0,0,"blouse,Summer,Fashion,Ladies Fashion,topsandtop,slim,V-neck,Ladies,Women S Clothing,sleeveless tops,Print,sleeveless,Printing,Tops,Women",black,50,43,50,291,3.690721649,1. Micro(10),1000,Preto,4. Alto Impacto,Scarcity,0,FALSE,FALSE,FALSE,1,Standard Delivery,2. Barato,2. Normal,05. P (XS),"Blusa, Top","Poliéster/Viscose, Algodão/Poliéster, Poliéster, Algodão/Elastano, Algodão",TRUE,CN,retail_maior,11,TRUE
906,5e956110d55c740fe1578225,Summer Women Fashion Short Dress Sleeveless Waist Dress Camouflage Dress Bodycon Slim Fit Dress Plus Size XS-8XL,8,7,100,0,4.19,54,33,10,4,2,5,"Summer,Plus Size,women dresses,Evening Dress,Dress,slim,casual dresses,Mini dress,beach dress,Fashion,sleeveless,summer dresses,casual dress,slim dress,Shorts,Waist,short dress,Slim Fit,Women's Fashion,camouflage,Sleeveless dress,t,women dress,Women",pink,50,21,50,8989,3.851930137,2. Baixo(100),838,Rosa,3. Médio Impacto,Scarcity,1,FALSE,TRUE,FALSE,0,Standard Delivery,2. Barato,2. Normal,05. P (XS),"Vestido, Shorts","Algodão/Poliéster, Algodão/Viscose, Poliéster/Elastano, Algodão/Elastano, Algodão",TRUE,CN,price_maior,-12,FALSE
907,5cfa0a9de936495950c04101,S-5XL New Arrival Women Fashion Blouse T Shirt Short Sleeve Boss Lady Print Round Neck Cotton T Shirt Summer Casual Women Tops T Shirts Plus Size,8,8,1000,0,4.06,121,61,28,16,10,6,"blouse,Summer,Shorts,Cotton,Shirt,letter print,Sleeve,Tops,topsamptshirt,short sleeves,Round neck,Women's Fashion,Plus Size,teesamptshirt,Casual T-Shirt,Print,Women,women top,Fashion,Casual,Necks",pink,1,42,50,3300,4.024242424,3. Médio(1000),812,Rosa,3. Médio Impacto,None,0,FALSE,FALSE,FALSE,0,Standard Delivery,2. Barato,2. Normal,06. P (S),"Blusa, Camiseta, Camisa, Shorts, Top","Poliéster/Viscose, Algodão/Poliéster, Algodão, Poliéster",FALSE,CN,iguais,0,FALSE
908,5ce2439e619d074a2e7b8481,Women Fashion Spaghetti Strap Jumpsuits Rompers Summer Casual Slim Fit Drawstring Waist One Piece Suits Sexy Sleeveless Bodycon Playsuit Outfits Set Ladies Short Rompers Bodysuits for Beachwear,6,17,5000,1,4.26,550,322,122,62,13,31,"Summer,Slim Fit,Waist,Spaghetti,onepiece,slim,beach wear,Shorts,Women's Fashion,Fashion,sexy,Ladies,sleeveless,sexy jumpsuit,jumpsuit,women Jumpsuit,Casual,Women",grey,20,48,50,5781,4.27486594,4. Alto(10000),852,Cinzento,2. Baixo a Médio Impacto,None,1,FALSE,TRUE,FALSE,1,Standard Delivery,2. Barato,2. Normal,06. P (S),"Moda Praia, Macacão, Shorts","Algodão/Poliéster, Nilon/Elastano, Poliéster/Elastano, Algodão/Elastano, Algodão",FALSE,CN,retail_maior,183,TRUE
910,5cc6cc24034a3c48657edb3f,ZANZEA Casual Women Straps Sleeveless Cotton Dress Summer Oversized Mid-calf Dress,13,93,100,0,4.09,127,68,27,15,9,8,"Summer,Plus Size,midcalfdres,Dress,Loose,strap,Cotton Dress,Women's Fashion,Fashion,frilled,sleeveless,Women,Casual,Cotton",pink,5,40,50,26833,4.235381806,2. Baixo(100),818,Rosa,3. Médio Impacto,None,0,FALSE,FALSE,FALSE,0,Standard Delivery,2. Barato,2. Normal,06. P (S),Vestido,"Algodão/Poliéster, Algodão",FALSE,CN,retail_maior,615,FALSE
911,5aa0ee9c8304252fddfcc4f1,Vintage Ripped Hole Fringe Blue Denim Shorts Women Casual Pocket Jeans Shorts Summer Girl Hot Shorts,13,59,1000,0,4.14,870,520,133,106,40,71,"Blues,Summer,Shorts,rippedjean,Women jeans,Denim,Casual,Pocket,Women's Fashion,jeansshort,Denim Shorts,Vintage,womenshortpan,sexy,shortsforwomen,holejean,Jeans,Women",navyblue,50,43,50,16523,4.038733886,3. Médio(1000),828,Azul,3. Médio Impacto,Scarcity,0,FALSE,FALSE,FALSE,0,Standard Delivery,2. Barato,2. Normal,06. P (S),"Jeans, Shorts","Algodão/Poliéster, Denim, Poliéster/Elastano, Algodão, Algodão/Denim",TRUE,CN,retail_maior,354,FALSE
912,5cededafd481f058c1c52148,Women Plus Size Fashion Dress Summer Sleeveless Loose Floral Print Long Dress,5,5,5000,1,3.88,883,446,162,109,59,107,"women dress,dressesforwomen,Floral print,Summer,long dress,Plus Size,summer dress,Print,Women's Fashion,Dresses,beach dress,Sleeveless dress,fashion dresses,Floral,Party Dresses,Women,Fashion,Dress,sleeveless,casual dress",black,50,23,50,11883,4.120676597,4. Alto(10000),776,Preto,4. Alto Impacto,None,0,FALSE,FALSE,FALSE,1,Standard Delivery,2. Barato,2. Normal,06. P (S),Vestido,"Algodão/Poliéster, Algodão/Viscose, Poliéster/Viscose, Viscose/Poliéster, Poliéster, Poliéster/Elastano, Algodão",FALSE,CN,iguais,0,TRUE
913,5eb399f9f7086c24de6a958c,Summer Casual Pants Women's Five-point Pants Thin Section Outer Wear Middle Pants Large Size Women's Loose Women,3.69,53,100,1,4.36,11,6,3,2,0,0,"Summer,Fashion,pants,women's pants,midwaist,Loose,straighttrouser,Casual,Women's Fashion,solid color,midpant,Large Size,slim,croppedtrouser,Women",black,1,27,50,277,3.855595668,2. Baixo(100),872,Preto,4. Alto Impacto,None,1,FALSE,FALSE,TRUE,1,Standard Delivery,2. Barato,2. Normal,14. Plus Size (6XL),Calça,"Algodão/Poliéster, Algodão/Elastano, Algodão",FALSE,CN,retail_maior,1336,TRUE
914,5e6896fefcbdc64ff96f9935,Summer Women Bohemia Push-Up Padded Bra Beach Bikini Set Swimsuit Swimwear_C,3.85,69,1000,1,3.23,185,51,33,42,26,33,"bohemia,bathing suit,Fashion,bikini set,padded,Summer,Beach,beach wear,Swimsuit,Bikini,Swimwear,boho,Women,Push up bikini,Women's Fashion,Bras,Swimming",multicolor,1,25,50,703,3.960170697,3. Médio(1000),646,Multicor/Estampado,4. Alto Impacto,None,0,FALSE,FALSE,FALSE,1,Standard Delivery,2. Barato,2. Normal,06. P (S),"Moda Praia, Biquíni, Sutiã, Maiô/Biquíni","Algodão/Poliéster, Nilon/Elastano, Poliéster/Borracha, Algodão",FALSE,CN,retail_maior,1692,TRUE
915,5e93ffb081f3830154bf3585,New Fashion Summer Women Casual Dress Round Neck Loose Big Swing Skirt Sleeveless Soild Color Beach dress,11,10,100,0,3.91,22,13,1,4,1,3,"Summer,Fashion,Necks,Skirts,Dress,Loose,Women's Fashion,Round neck,beach dress,sleeveless,Beach,Casual,Women",white,50,40,50,7363,4.106342523,2. Baixo(100),782,Branco,1. Baixo Impacto,None,0,FALSE,FALSE,FALSE,0,Standard Delivery,2. Barato,2. Normal,05. P (XS),Vestido,"Algodão/Poliéster, Algodão/Viscose, Algodão",FALSE,CN,price_maior,-9,FALSE
917,5eedd34f85d8a51957774703,2020Newest [ 1200mAh Cordless ] Summer Mosquito Bug Zappers Battery Power Electric Fly Swatter Bug Zappers Racket Insects Killer Home Bug Zappers,8,85,100,1,4.5,14,9,3,2,0,0,"Summer,antimosquitofly,Electric,Home & Living,flyswatter,electricswatter,Home & Kitchen,Battery,insectzapper,flyswatterelectric,Home,mosquitoswatter,electricbugswatter,mosquitokiller",white,1,15,50,173,3.901734104,2. Baixo(100),900,Branco,1. Baixo Impacto,None,0,FALSE,FALSE,FALSE,1,Standard Delivery,2. Barato,2. Normal,08. G (L),Não Especificado,"Algodão/Poliéster, Algodão",FALSE,CN,retail_maior,962,TRUE
918,5e9fcb1b93ebc013c8dc9f18,Women Fashion Sports Sets Solid Crop Tops and Shorts Sleeveless Round Collar Sexy for Ladies Fitness Suits Plus Size,7,7,10,0,3.36,11,4,1,3,1,2,"Fashion,crop top,Fitness,Tops,Shorts,Women's Fashion,Plus Size,Sport Suits,sexy,Ladies,sleeveless,Sport,Collar,Women",black,1,38,50,4485,3.810479376,1. Micro(10),672,Preto,4. Alto Impacto,Scarcity,0,FALSE,FALSE,FALSE,0,Standard Delivery,2. Barato,2. Normal,07. M,"Shorts, Conjunto/Terno, Top","Algodão/Poliéster, Poliéster/Elastano, Poliéster/Algodão, Algodão",TRUE,CN,iguais,0,FALSE
919,5ae186aea9cca955de69c5c0,Summer Dress Sexy Women Casual Sleeveless Beach Short Dress Tassel Mini Lace Dress Plus Size,11,24,1000,0,3.73,154,68,31,21,14,20,"Mini,Tassels,Plus Size,Lace,Summer,Dress,summer dress,short dress,Women's Fashion,Shorts,Lace Dress,sexy,sleeveless,white,Beach,Casual,Women",white,50,42,50,47639,4.213438569,3. Médio(1000),746,Branco,1. Baixo Impacto,Scarcity,0,FALSE,FALSE,FALSE,0,Standard Delivery,2. Barato,2. Normal,08. G (L),"Vestido, Shorts","Algodão/Poliéster, Renda, Poliéster/Elastano, Algodão/Viscose, Algodão",TRUE,CN,retail_maior,118,FALSE
920,5d27f983780e69046e93254c,New Fashion Women Summer Bib Pants Shorts Casual Loose Sleeveless Rompers Jumpsuit Suspenders Overalls,11,10,5000,1,3.2,249,85,35,38,26,65,"Summer,Shorts,pants,Loose,Overalls,Casual,Women's Fashion,Fashion,black,sleeveless,jumpsuit,jumpsuitsampromper,Women Fashion,Women",black,35,28,50,88193,4.080890774,4. Alto(10000),640,Preto,4. Alto Impacto,None,0,FALSE,FALSE,FALSE,1,Standard Delivery,2. Barato,2. Normal,06. P (S),"Macacão, Jardineira/Macacão, Calça, Shorts, Conjunto/Terno","Algodão/Poliéster, Denim, Poliéster/Algodão, Algodão",FALSE,CN,price_maior,-9,TRUE
921,5d0c4bf4f8e0be7ea8e096ed,NEW Summer Plus Size Tank Top for Women Spaghetti Strap  Flower Print Sleeveless Casual Top,2.7,3,10000,1,4.13,1165,667,217,137,59,85,"Summer,fashion women,Plus Size,Tank,Tops,topsamptshirt,tank top,Spaghetti Strap,Print,Women's Fashion,Fashion,printed,blousesampshirt,sleeveless,Women,Spaghetti,Casual,Flowers,sleeveless tops",floral,1,33,50,16013,4.10884906,4. Alto(10000),826,Multicor/Estampado,4. Alto Impacto,None,0,FALSE,FALSE,FALSE,1,Standard Delivery,2. Barato,2. Normal,06. P (S),"Blusa, Camisa, Top, Regata","Poliéster/Viscose, Algodão/Poliéster, Poliéster, Poliéster/Elastano, Algodão",FALSE,CN,retail_maior,11,TRUE
922,5dafd1e7e580730831a8a64c,Plus Size Summer Women Casual Sleeveless Rompers Jumpsuits Solid Color Suspender Ttrousers Loose Overalls,5.83,8,5000,0,3.99,639,337,118,89,33,62,"Deep V-Neck,Summer,Plus Size,Spaghetti Strap,Overalls,Women's Fashion,sleeveless,Women,Casual,jumpsuit",green,50,40,50,91631,3.837936943,4. Alto(10000),798,Verde,3. Médio Impacto,None,0,FALSE,FALSE,FALSE,0,Standard Delivery,2. Barato,2. Normal,05. P (XS),"Macacão, Jardineira/Macacão","Algodão/Poliéster, Poliéster/Elastano, Denim, Algodão",FALSE,nao_informado,retail_maior,37,FALSE
924,5e7ef0c5014a212b80a7b19e,Summer Sports Wear Casual Jogging Suits Short Sleeve Outfit Sets,12,11,100,0,3.97,37,23,4,1,4,5,"Women's Fashion,Summer,Shorts,Sleeve,shortsleeveset,mensjoggersuit,sweat suit,Short pants,summersuitset,short sleeves,Sport,summerpant,Sport Suits,toppant,short sleeve shirt,Outfits,men's suits,Casual",white,50,42,50,1452,3.73553719,2. Baixo(100),794,Branco,1. Baixo Impacto,None,0,FALSE,FALSE,FALSE,0,Standard Delivery,2. Barato,2. Normal,06. P (S),"Calça, Camisa, Shorts, Camiseta, Conjunto/Terno","Algodão/Poliéster, Poliéster/Algodão, Algodão",FALSE,CN,price_maior,-8,FALSE
927,5c9b4fb6c7c1b5471f6dee62,OH FOR FOX SAKE Print Summer Women Fashion Funny Sleeveless Tank Tops Casual Loose Workout Tops,3.67,13,1000,0,4.09,197,97,48,33,10,9,"sleeveless,Fashion,Tank,letter print,Women Blouse,Summer,Workout,summer t-shirts,Fox,Casual,Funny,Women's Fashion,Casual T-Shirt,women t shirt,women tank top,Print,loose t-shirt,women top,Tops,Women",black,50,43,50,11505,4.136723164,3. Médio(1000),818,Preto,4. Alto Impacto,None,0,FALSE,FALSE,FALSE,0,Standard Delivery,2. Barato,2. Normal,06. P (S),"Blusa, Camiseta, Camisa, Regata, Top","Poliéster/Viscose, Algodão/Poliéster, Algodão, Poliéster",FALSE,CN,retail_maior,254,FALSE
928,5dcbbed0de3a61037b6f1ef7,5 Color Summer New Women Fashion Casual Style Beach Wear Bikini Set Floral Print Sexy Swimsuit for Women Plus Size S-3XL,12,11,100,0,3.73,104,40,24,24,4,12,"cute,Plus Size,bikini set,bathing suit,sexy bikini,Floral,Women's Fashion,Fashion,Summer,printedbikini,Summer Fashion,sexy,Swimsuit  For Women,Casual,Women Fashion,Women,Floral print,Swimsuit,Bikini,Print,Beach,Swimming",yellow,50,42,50,17002,4.027820256,2. Baixo(100),746,Laranja/Amarelo,3. Médio Impacto,None,0,FALSE,FALSE,FALSE,0,Standard Delivery,2. Barato,2. Normal,06. P (S),"Biquíni, Maiô/Biquíni","Algodão/Poliéster, Nilon/Elastano, Poliéster/Viscose, Poliéster, Poliéster/Elastano, Algodão",FALSE,CN,price_maior,-8,FALSE
929,5ecb7059fb408fea401d255e,New Fashion Women Summer Bib Pants Shorts Casual Loose Sleeveless Rompers Jumpsuit Suspenders Overalls,2.71,6,100,1,3.4,20,6,5,4,1,4,"Summer,Shorts,pants,Loose,Overalls,Casual,Women's Fashion,Fashion,black,sleeveless,jumpsuit,jumpsuitsampromper,Women Fashion,Women",pink,2,31,50,3762,3.797448166,2. Baixo(100),680,Rosa,3. Médio Impacto,None,0,FALSE,FALSE,FALSE,1,Standard Delivery,2. Barato,2. Normal,05. P (XS),"Macacão, Jardineira/Macacão, Calça, Shorts, Conjunto/Terno","Algodão/Poliéster, Denim, Poliéster/Algodão, Algodão",FALSE,CN,retail_maior,121,TRUE
930,5dc51020f73ea90d48c68531,Men's Low Cut Socks Shallow Invisible Socks Spring and Summer Short Socks Pure Cotton Breathable Socks Medias Femininas Socks for Men,5.73,5,100,0,4.03,63,29,14,15,3,2,"Summer,Shorts,Breathable,Spring,Men,Socks,low,pure,Invisible,Cotton",black,50,137,50,3852,4.003115265,2. Baixo(100),806,Preto,4. Alto Impacto,None,0,FALSE,FALSE,FALSE,0,Standard Delivery,2. Barato,2. Normal,16. Outros Itens (Dimensões/Kits/Objetos),Shorts,"Algodão, Algodão/Poliéster",FALSE,CN,price_maior,-13,FALSE
931,5ab4c9a52d659f0378b9cb22,Women Casual Playsuit Ladies Jumpsuit Romper Summer Floral Playsuit Brand New,8,7,10000,0,3.84,1958,889,427,291,144,207,"Summer,Shorts,Rompers,Casual,Floral,Women's Fashion,off shoulder,sexy,Ladies,sleeveless,Women,Beach,playsuit,jumpsuit",navy blue,50,25,50,61895,4.268002262,4. Alto(10000),768,Azul,3. Médio Impacto,None,0,FALSE,FALSE,FALSE,0,Standard Delivery,2. Barato,2. Normal,06. P (S),"Macacão, Shorts","Algodão/Poliéster, Poliéster/Viscose, Poliéster/Elastano, Algodão",FALSE,CN,price_maior,-12,FALSE
933,5eb29d33ae52d33440407949,NEW Fashion Women's Fashion Summer Mode Lose Rundhals Baumwolle Leinen 3/4 Arm Shirt Bluse Hemd Kleid Casual Dress,14,12,100,0,2.7,20,6,1,3,1,9,"Summer,Fashion,Shirt,Dresses,Dress,Women's Fashion,Midi Dress,sexy,Skirts,Casual,Women",pink,14,27,50,1643,3.922702374,2. Baixo(100),540,Rosa,3. Médio Impacto,Scarcity,0,FALSE,FALSE,FALSE,0,Standard Delivery,2. Barato,2. Normal,06. P (S),"Vestido, Camisa","Algodão/Poliéster, Poliéster/Elastano, Algodão",TRUE,CN,price_maior,-14,FALSE
934,5cc2592d1ff4ab5900977522,Summer Women's Fashion Lace Bra Crop Top Summer See Through Brassiere Deep V Neck Bralette Top S-3XL,3.66,4,100,0,3.04,23,7,3,4,2,7,"Summer,Fashion,crop top,Lace,womens bralette,sheerlacebra,lacebralette,lace bralette top,Spaghetti Strap,Women's Fashion,bra top,women top,Tops,Bras,Necks",blue,50,138,50,7858,3.953168745,2. Baixo(100),608,Azul,3. Médio Impacto,None,0,FALSE,FALSE,FALSE,0,Standard Delivery,2. Barato,2. Normal,10. XG (2XL),"Sutiã, Top","Nilon/Elastano, Algodão/Poliéster, Renda, Poliéster/Elastano, Algodão",FALSE,CN,retail_maior,9,FALSE
935,5eba05b08c884a0bddd0ad96,Women's Summer Sleeveless Blouses Casual Sling Stitching Print Camisole Tank Tops Printed Shirts Large Size Loose Vest,6,6,100,0,3.4,5,2,0,2,0,1,"blouse,Women Vest,Vest,summer t-shirts,Tank,Shirt,Summer,Tops,Loose,Casual,slingtop,Print,Women's Fashion,printed,Tops & T-Shirts,Plus size top,sleeveless,Tank&Sleeveless",yellow,50,14,50,112,3.625,2. Baixo(100),680,Laranja/Amarelo,3. Médio Impacto,Scarcity,0,FALSE,FALSE,FALSE,0,Standard Delivery,2. Barato,2. Normal,05. P (XS),"Blusa, Camisa, Camiseta, Top, Colete","Poliéster/Viscose, Algodão/Poliéster, Poliéster, Algodão",TRUE,CN,iguais,0,FALSE
936,5b77b487c2bcf56ac0d49a19,Womens Ladies Strapless Floral Print Sheering Boobtube Gathered Bandeau Top Mini Dress S-5XL,12,85,1000,0,3.58,137,63,18,17,14,25,"printedtop,strapless,Fashion,Floral print,Sexy Top,Mini,Tops,strapless crop top,Women's Fashion,tank top,tops for women,Print,T Shirts,Ladies,floraltop,Dress,Mini dress,summer tops,Floral,Cotton",white,50,43,50,15407,3.855390407,3. Médio(1000),716,Branco,1. Baixo Impacto,None,0,FALSE,FALSE,FALSE,0,Standard Delivery,2. Barato,2. Normal,06. P (S),"Vestido, Camisa, Top, Camiseta, Regata","Algodão, Algodão/Poliéster, Poliéster/Viscose, Poliéster/Elastano, Poliéster",FALSE,CN,retail_maior,608,FALSE
938,5ec1fcc3674f2550b841f3f2,Summer Women Sexy Dress Fashion Short Sleeve Slim Dress,13,56,100,1,3.55,20,8,5,1,2,4,"shortskirtsdresse,summer dress,womenshortsleevedre,Fashion,Sleeve,slim dress,Summer,Dress,ellessedressforwomen,short sleeves,Women's Fashion,Shorts,solidcolordresse,Sexy Dress,sexyshortdresse,women dress,sexy,slim,shortsdresse,ellesse,Women",black,50,38,50,111,3.774774775,2. Baixo(100),710,Preto,4. Alto Impacto,None,0,FALSE,FALSE,FALSE,1,Standard Delivery,2. Barato,2. Normal,06. P (S),"Vestido, Camiseta, Shorts","Algodão/Poliéster, Poliéster/Elastano, Algodão/Elastano, Algodão/Viscose, Algodão",FALSE,CN,retail_maior,331,TRUE
940,5e660d44ed8e33cf98d36f99,NEW Summer Womens Fashion Sleeveless V-neck Floral Print Beach Dress Big Swing Dress Loose Casual Long Vest Dresses Ladies Party Dress Plus Size XS-8XL,9,8,1000,1,3.67,108,43,20,24,8,13,"Summer,Vest,Plus Size,long dress,Dress,Loose,V-neck,Ladies,beach dress,Fashion,party,Floral,Casual,Deep V-Neck,Swing dress,Floral print,Party Dress,Women's Fashion,maixdre,Sleeveless dress,retro,Swing,Print,women dress,Beach,sleeveless",winered & yellow,1,35,50,12441,3.924684511,3. Médio(1000),734,Multicor/Estampado,3. Médio Impacto,None,0,FALSE,FALSE,FALSE,1,Standard Shipping,2. Barato,2. Normal,09. GG (XL),Vestido,"Algodão/Poliéster, Algodão/Viscose, Poliéster/Elastano, Poliéster/Viscose, Viscose/Poliéster, Poliéster, Algodão",FALSE,CN,price_maior,-11,TRUE
941,5e7d9629e8192e00463aa6d5,NEW Fashion Women's Jumpsuit Summer Sleeveless Shorts Elegant Playsuit  Jumpsuit Solid Color Spaghetti Strap Buttoned Romper Plus Sizes,11,11,1000,0,3.62,131,53,26,21,11,20,"Summer,Shorts,Fashion,Spaghetti,evening gown,Outfits,Casual,Elegant,Women's Fashion,Plus Size,sleeveless,summer dresses,women Jumpsuit,Rompers,jumpsuit",pink,50,41,50,8362,3.817149007,3. Médio(1000),724,Rosa,3. Médio Impacto,None,0,FALSE,FALSE,FALSE,0,Standard Delivery,2. Barato,2. Normal,06. P (S),"Vestido, Macacão, Shorts","Algodão/Poliéster, Poliéster/Elastano, Algodão/Viscose, Algodão",FALSE,CN,iguais,0,FALSE
942,5e6098d6aefd8aba77d88f6b,XS-8XL NEW Summer Women Fashion Sling Strap Flowers Printing Dress Deep V Neck Sleeveless Off Shoulder Dress Casual Beach Skirt Big Swing Florals Printed Party Dress Slim Fit Long Dress Plus Size Maxi Dress Ladies Mini Dress,11,10,100,0,3.55,89,37,17,10,8,17,"Mini,Fashion,Summer,long dress,plus size dress,Dress,slim,Mini dress,Women's Fashion,Party Dress,printed,Sexy Dress,Skirts,Casual,Slim Fit,Deep V-Neck,party,dress slim,Flowers,Necks,Plus Size,summer dress,Sleeveless dress,print dress,Evening Dress,Ladies,women dress,shoulder dress,Women,Beach,sleeveless",rose,17,32,50,88,3.556818182,2. Baixo(100),710,Rosa,3. Médio Impacto,None,0,FALSE,FALSE,FALSE,0,Standard Delivery,2. Barato,2. Normal,05. P (XS),Vestido,"Algodão/Poliéster, Poliéster/Elastano, Viscose/Poliéster, Poliéster, Algodão/Viscose, Poliéster/Viscose, Algodão/Elastano, Algodão",FALSE,CN,price_maior,-9,FALSE
944,57ccc65975aea72c65411bc6,Womens Sleeveless Strapless Tube Tops Bandeau Stretch Ribbed Layering Tank Tops,9,26,10000,1,3.78,2090,892,440,379,168,211,"Summer,strapless,Tank,Tops,Women's Fashion,tank top,beachvest,off shoulder,sleeveless,women top,backless,Strapless Top",black,50,40,50,839882,4.103759814,4. Alto(10000),756,Preto,4. Alto Impacto,None,0,FALSE,FALSE,FALSE,1,Standard Delivery,2. Barato,2. Normal,06. P (S),"Colete, Regata, Top","Poliéster/Elastano, Algodão/Poliéster, Algodão",FALSE,nao_informado,retail_maior,189,TRUE
945,5a62e26c95f79f51de48a606,Summer Men Fashion Gyms Tight T-shirt Mens Fitness T-shirt Homme Gyms T Shirt Men Fitness Crossfit Summer Top,7,49,1000,0,3.99,194,98,41,25,15,15,"Mens T Shirt,fathertshirt,Fashion,Shirt,Summer,mensfitnesstshirt,Tops,summer t-shirts,T Shirts,Men's Fashion,Men,giftformen,Fitness,summer tops,gifts for dad,gymstighttshirt",black,50,40,50,2946,4.316021724,3. Médio(1000),798,Preto,4. Alto Impacto,Scarcity,0,FALSE,FALSE,FALSE,0,Standard Delivery,2. Barato,2. Normal,06. P (S),"Camisa, Camiseta, Top","Algodão/Poliéster, Algodão",TRUE,CN,retail_maior,600,FALSE
946,5e8c600e60f3076f85bf2d73,Stranger Things season 3 T Shirt Women Upside Down Tshirt Eleven Female Graphic grunge T-shirt femme tee Shirts funny clothing,3.73,17,100,1,4.37,27,17,7,1,0,2,"blouse,Summer,Shorts,Grunge,letter print,Sleeve,Funny,Shirt,short sleeves,Women's Fashion,strangerthing,Clothing,Women,Fashion,T Shirts,Cotton",white,5,48,50,343,4.521865889,2. Baixo(100),874,Branco,1. Baixo Impacto,None,1,FALSE,TRUE,FALSE,1,Standard Delivery,2. Barato,2. Normal,06. P (S),"Blusa, Camisa, Camiseta, Shorts","Poliéster/Viscose, Algodão/Poliéster, Algodão, Poliéster",FALSE,CN,retail_maior,356,TRUE
948,5eba1a18d61f0344e17fae3c,5 Colors Air Water Filled Bubble Ball Water-Filled Interactive Rubber Big Amazing Bubble Balls By Bubble World Water Filled Ball,3.81,25,100,1,3.32,25,11,3,2,1,8,"water,blowing,Elastic,Children's Toys,Balloon,Plastic,Rubber,airball,childrensballoon,bubbleball,bubble",orange,50,35,50,613,3.944535073,2. Baixo(100),664,Laranja/Amarelo,3. Médio Impacto,None,0,FALSE,FALSE,FALSE,1,Standard Delivery,2. Barato,2. Normal,06. P (S),Não Especificado,"Elastano, Algodão",FALSE,CN,retail_maior,556,TRUE
949,5abf2ef62ef55168ca71bd15,Summer Men's Casual T Shirt Personality T-shirt Fitness Tshirts Sports O-neck Mens T Shirts Short Sleeve T Shirt (S-XXL),6,142,10000,1,3.78,1941,912,349,288,131,261,"Mens T Shirt,Fashion,Cotton T Shirt,Sports & Outdoors,Fitness,onecktshirt,summer t-shirts,short sleeves,Round neck,T Shirts,Shorts,Summer,Sleeve,solid color,Short Sleeve T-Shirt,Casual,Sport,Shirt",army green,20,41,50,31559,4.123419627,4. Alto(10000),756,Verde,3. Médio Impacto,None,0,FALSE,FALSE,FALSE,1,Standard Delivery,2. Barato,2. Normal,06. P (S),"Camiseta, Camisa, Shorts","Algodão/Poliéster, Algodão",FALSE,CN,retail_maior,2267,TRUE
950,56791dffae318651873663c2,ZANZEA BOHO Women Summer Boho Long Maxi Party Dress Beach Dresses Sundress,12,86,1000,0,4.09,702,386,143,81,35,57,"Summer,Dress,summerswimwear,Swimwear,V-neck,strap,boho,backless,baggykaftandresse,party,sexy,Cocktail Dress,boho dress,Beach,Women",white,10,37,50,104269,4.253287171,3. Médio(1000),818,Branco,1. Baixo Impacto,None,0,FALSE,FALSE,FALSE,0,Standard Delivery,2. Barato,2. Normal,06. P (S),"Vestido, Moda Praia","Poliéster/Elastano, Algodão/Poliéster, Viscose/Poliéster, Poliéster, Nilon/Elastano, Algodão",FALSE,CN,retail_maior,617,FALSE
951,5ed8b757c840df324c7796aa,Summer New Women Casual Sleeveless  Jumpsuits  Solid Color Suspender Ttrousers Loose Overalls Plus Size  ,6,6,100,1,5,2,2,0,0,0,0,"Summer,casualjumpsuit,summerjumpsuit,cottonblendjumpsuit,jumpsuitforwomen,widelegpant,Jumpsuits & Rompers,sleevelessjumpsuit,loosejumpsuit,sleeveless,Women,women Jumpsuit,Casual,jumpsuit",black,1,27,50,28,4.035714286,2. Baixo(100),1000,Preto,4. Alto Impacto,Scarcity,0,FALSE,FALSE,FALSE,1,Standard Shipping,2. Barato,2. Normal,05. P (XS),"Macacão, Conjunto/Terno","Algodão/Poliéster, Algodão, Poliéster/Algodão",TRUE,CN,iguais,0,TRUE
952,5b10c4ef431b7342aadace18,Fahsion Women&#39;s V Neck Striped Camisole Crop Tops,6,31,10000,0,4.09,2789,1442,635,401,137,174,"blouse,Fashion,women crop top,Tops,womens top,cami top,sexy,camisoleblouse,v neck crop top,Striped,Necks",whitestripe,50,45,50,11596,4.280441532,4. Alto(10000),818,Multicor/Estampado,1. Baixo Impacto,None,0,FALSE,FALSE,FALSE,0,Standard Delivery,2. Barato,2. Normal,06. P (S),"Blusa, Camisete, Top","Poliéster/Viscose, Algodão/Poliéster, Poliéster/Elastano, Algodão",FALSE,CN,retail_maior,417,FALSE
953,5892e3b0da200f71bcec426e,Hot Latest Sexy Bikini Women Fashion Swimming Suit Beach Bikini with Bracket Gather NOR,9,8,50000,0,3.83,13198,6060,2562,2214,1033,1329,"gatherbracketbikini,Panties,beachsuit,Beach,Suits,Women's Fashion,Swimsuit,Bikini,Fashion,Women Fashion,sexy,women dress,Swimming,Swimming suit,beach bikini,Women",yellow,50,53,50,37076,4.30208221,6. Crítico(>20000),766,Laranja/Amarelo,3. Médio Impacto,None,0,FALSE,FALSE,FALSE,0,Standard Delivery,2. Barato,2. Normal,06. P (S),"Biquíni, Vestido, Conjunto/Terno, Maiô/Biquíni","Algodão/Poliéster, Nilon/Elastano, Poliéster/Elastano, Poliéster/Algodão, Algodão",FALSE,CN,price_maior,-11,FALSE
954,5c74e0aec25639192b9e2275,New Sexy High For Women Beach Bikini  Swimsuits  Bikini,13,11,50,0,4.33,12,7,3,1,1,0,"Women's Fashion,bikini set,Bathing Suits For Women,Swimwear,swimsuits for women,Women's Bikini Swimwear,Bikini,BikiniWomen,sexy,Beach,Bikinis For Women,Women",pink,1,79,24,14358,4.093536704,2. Baixo(100),866,Rosa,3. Médio Impacto,None,0,FALSE,FALSE,FALSE,0,Standard Delivery,2. Barato,2. Normal,08. G (L),"Biquíni, Conjunto/Terno, Maiô/Biquíni, Moda Praia","Algodão/Poliéster, Nilon/Elastano, Poliéster/Elastano, Poliéster/Algodão, Algodão",FALSE,CN,price_maior,-15,FALSE
955,5577faf03cef83230c39d0c3,Fashion Womens White Summer Boho Sexy Lace Hollow Knit Bikini Swimwear Cover up Crochet Beach Mini Dress Tops Blouse,11,10,10000,0,3.75,1717,745,349,274,145,204,"Mini,bikiniswimwearcoverup,Fashion,Lace,Summer,Dress,Mini dress,Women's Fashion,sexy lace,crochet,sexy,knit,blouse,lacehollow,beach coverup,Tops,summer dress,Cover,Bikini,Swimwear,boho,white,women top,Beach",white,50,23,50,190918,4.235886611,4. Alto(10000),750,Branco,1. Baixo Impacto,None,0,FALSE,FALSE,FALSE,0,Standard Delivery,2. Barato,2. Normal,00. Não Informado,"Biquíni, Blusa, Vestido, Moda Praia, Top","Algodão/Poliéster, Nilon/Elastano, Poliéster/Viscose, Poliéster, 5.Misto/Crochê, Renda, Poliéster/Elastano, Algodão/Viscose, Algodão",FALSE,CN,price_maior,-9,FALSE
956,5eab54c831a9e205b05e6e84,New Women Fashion Summer Shorts Yoga Shorts Summer Beach Short Athletic Shorts Pants Sport Shorts Gym Workout Waistband Casual Shorts,3.9,5,1000,0,3.11,57,19,4,13,6,15,"Summer,Shorts,Yoga,pants,Athletics,Women's Fashion,Fashion,Sport,Beach,Casual,Women",pink,9,91,50,2072,3.882722008,3. Médio(1000),622,Rosa,3. Médio Impacto,Scarcity,0,FALSE,FALSE,FALSE,0,Standard Delivery,2. Barato,2. Normal,06. P (S),"Calça, Shorts","Algodão/Poliéster, Algodão, Nilon/Elastano",TRUE,CN,retail_maior,28,FALSE
957,5d1c260af02c727e3c3d0c61,2019 Summer Women Newest Transparent Sheer Thin Mesh Vintage Cupid Angel Printed Short Sleeve T Shirt High Collar Crop Top,8,47,100,1,4.33,110,69,23,7,7,4,"Summer,Fashion,crop top,short sleeves,Short top,Women's Fashion,printed,highcollartop,transparentblouse,Sleeve,Shirt,Shorts,Sexy Top,angelprint,Vintage,Tops,Collar,topsforwoman,Women,meshshirt,sheer mesh top,Short Sleeve T-Shirt",blue,50,43,50,1032,4.57751938,2. Baixo(100),866,Azul,3. Médio Impacto,None,1,FALSE,TRUE,FALSE,1,Standard Delivery,2. Barato,2. Normal,06. P (S),"Blusa, Camisa, Camiseta, Shorts, Top","Poliéster/Viscose, Algodão/Poliéster, Poliéster, Poliéster/Elastano, Algodão, Algodão/Denim",FALSE,CN,retail_maior,488,TRUE
958,57cfd9cc1640562050e48bec,Sexy Womens Short Sleeve Party Evening Crew Neck Bodycon Summer Beach Mini Dress,6,6,50000,0,4.2,12880,7337,2647,1643,623,630,"Mini,Fashion,Necks,Sleeve,Summer,Dress,crew neck sweatshirts for women,short sleeves,Casual,Women's Fashion,Shorts,party,sexy,topsampblouse,Striped,Mini dress,Beach,Bodycon Dress",black,18,53,50,38264,4.227942714,6. Crítico(>20000),840,Preto,4. Alto Impacto,None,1,FALSE,TRUE,FALSE,0,Standard Delivery,2. Barato,2. Normal,06. P (S),"Blusa, Vestido, Camisa, Camiseta, Shorts, Top","Algodão/Poliéster, Poliéster/Viscose, Poliéster/Elastano, Poliéster, Algodão",FALSE,CN,iguais,0,FALSE
959,5d1437ef4bc85a14abf579a8,Women's Fashiom Floral Print Capri Leggings Casual 3/4 Leggings Jeggings Pants,6,6,5000,0,3.93,549,286,90,78,36,59,"Leggings,short leggings,Floral print,high waist,pants,denim leggings,Leggings for Women,Casual,Floral,Women's Fashion,Print,capri leggings,skinnylegging,leggings that look like jeans",black,50,43,50,80093,4.00669222,4. Alto(10000),786,Preto,4. Alto Impacto,Scarcity,0,FALSE,FALSE,FALSE,0,Standard Delivery,2. Barato,2. Normal,07. M,"Jeans, Calça","Algodão/Poliéster, Denim, Poliéster/Viscose, Poliéster, Algodão",TRUE,CN,iguais,0,FALSE
960,5ed4846f86ab3a200059da35,New Ladies Fashion Print Top Summer V-neck Sleeveless Top,8,10,50,1,5,0,0,0,0,0,0,"blouse,Summer,Fashion,Ladies Fashion,topsandtop,slim,V-neck,Ladies,Women S Clothing,sleeveless tops,Print,sleeveless,Printing,Tops,Women",black,50,41,50,21485,4.146241564,2. Baixo(100),1000,Preto,4. Alto Impacto,None,0,FALSE,FALSE,FALSE,1,Standard Delivery,2. Barato,2. Normal,05. P (XS),"Blusa, Top","Poliéster/Viscose, Algodão/Poliéster, Poliéster, Algodão/Elastano, Algodão",FALSE,CN,retail_maior,25,TRUE
961,5e8eb174fcc85c4b2f970769,Women's Fashion Tie Dye Fitness Vest Ladies halter bandage Tank Top Female Crop Top Sleeveless Waistcoat Summer Women Tops Sexy Sport Running Vests,4.68,25,1000,1,3.69,127,53,25,21,12,16,"Women Vest,Vest,Fashion,crop top,Halter,Summer,sportvest,tank top,Women's Fashion,Tie Dye,sexy,Dyes,Sport,fitnessvest,Women Fashion,Women,Tank,#Sport Bra,Tops,Fitness,Running,summer tops,Ladies,sleeveless,women top",blue,50,43,50,45372,4.057810985,3. Médio(1000),738,Azul,3. Médio Impacto,None,0,FALSE,FALSE,FALSE,1,Standard Delivery,2. Barato,2. Normal,10. XG (2XL),"Top, Regata, Colete","Algodão/Poliéster, Poliéster/Elastano, Algodão",FALSE,CN,retail_maior,434,TRUE
962,5c9042bd4d78254c392d449a,Woman 2019 New Fashion Sex Tank Tops Summer Casual Solid Color Silm Fit Girls Sleeveless Tops,8,43,1000,0,4,180,91,39,28,3,19,"Summer,woman fashion,casualshirtforwomen,Woman clothes,summer tank top,Tank,Tops,Slim Fit,woman top,sextop,sleeveless tops,sleeveless,Girls Clothes,Fashion tank top,Fashion,Casual",black,50,41,50,139223,3.933581377,3. Médio(1000),800,Preto,4. Alto Impacto,None,0,FALSE,FALSE,FALSE,0,Standard Delivery,2. Barato,2. Normal,07. M,"Camisa, Top, Regata","Algodão/Poliéster, Algodão/Elastano, Algodão",FALSE,CN,retail_maior,438,FALSE
964,5d5d0f8768a6ac6756e3d21e,Women Fashion Casual High Slit Flowy Layered Palazzo Pants Loose Wide Leg Pants_M,8,51,1000,1,3.61,256,109,47,36,20,44,"elastic waist,Casual pants,Bottom,pants,palazzopant,widelegpant,Women's Fashion,Fashion,ninthpant,Loose,Wool,Casual,layeredpalazzopant,Women",white,50,38,50,19760,4.141953441,3. Médio(1000),722,Branco,1. Baixo Impacto,None,0,FALSE,FALSE,FALSE,1,Standard Delivery,2. Barato,2. Normal,06. P (S),"Parte de Baixo, Calça","Algodão/Poliéster, Elastano, Algodão",FALSE,CN,retail_maior,538,TRUE
965,5e68ffbbe97f758d0698e049,Summer Women's Loose V-neck Sling Dress Sleeveless Dress Lace Dress Plus Size XS-5XL,7,26,100,0,2.9,10,4,0,0,3,3,"Summer,Plus Size,Lace,Dress,Lace Dress,V-neck,Women's Fashion,Women Clothing,Sleeveless dress,sleeveless,summer dresses,women dress,loose dress,casual dress",white,50,33,50,32,3.1875,2. Baixo(100),580,Branco,1. Baixo Impacto,None,0,FALSE,FALSE,FALSE,0,Standard Delivery,2. Barato,2. Normal,06. P (S),Vestido,"Algodão/Poliéster, Algodão/Viscose, Renda, Viscose/Algodão, Algodão",FALSE,CN,retail_maior,271,FALSE
966,5c1c89326432f859634aa737,8 Colors Streetwear Women LOVE Letters Printed Sleeveless Cotton Cozy Tank Top Lady Fashion Loose Shirt Blouse Women Casual T-shirts,7,6,10000,0,4.11,2483,1325,521,360,134,143,"blouse,Vest,Fashion,Tank,Shirt,Love,graphic tee,Cotton,Tops,topsamptshirt,T Shirts,tank top,Women's Fashion,printed,Summer Fashion,sleeveless,Printed T Shirts,Casual,Women",black,50,31,50,34311,4.066217831,4. Alto(10000),822,Preto,4. Alto Impacto,None,0,FALSE,FALSE,FALSE,0,Standard Delivery,2. Barato,2. Normal,06. P (S),"Blusa, Camisa, Camiseta, Regata, Top","Poliéster/Viscose, Algodão/Poliéster, Algodão, Poliéster",FALSE,CN,price_maior,-14,FALSE
967,5d29bc2e05b01018762aaea8,Summer Beach Fashion Plus Size Women's Loose Short Sleeve Long Blouses Plus Size Deep V-neck Party Dress Ladies Casual Solid Color Beach Wear Swimsuit Cover-up Short Linen Dress,7,30,1000,1,3.28,179,64,25,30,18,42,"blouse,Plus Size,Summer,Dress,short sleeves,V-neck,beach dress,Fashion,Casual,Deep V-Neck,Shorts,Tops & Blouses,Sleeve,summer dress,Women's Fashion,Swimsuit,Party Dress,Ladies,party,linen dress,Beach,loose dress,Swimming",white,50,109,50,13625,4.382091743,3. Médio(1000),656,Branco,1. Baixo Impacto,None,0,FALSE,FALSE,FALSE,1,Standard Delivery,2. Barato,2. Normal,05. P (XS),"Vestido, Blusa, Camiseta, Shorts, Maiô/Biquíni, Top","Algodão/Poliéster, Algodão/Viscose, Poliéster/Viscose, Poliéster/Elastano, Viscose/Algodão, Poliéster, Nilon/Elastano, Algodão",FALSE,CN,retail_maior,329,TRUE
968,5ea918a65f8ba830fee3a94f,NEW Summer Women's Fashion Short Sleeve T Shirt Ladies Female V-neck Hollow Out Casual Loose Blouse Plus Size Tops,5.65,5,1000,1,3.87,108,50,20,21,8,9,"Summer,womens top,Women Blouse,Plus size top,short sleeves,V-neck,Women's Fashion,Fashion,short sleeve shirt,summer tops,blouse,Plus Size,Shorts,Shirt,Sleeve,Tops,Casual,T-Shirt womens,Tops & T-Shirts,Ladies,Casual Tops,Short Sleeve T-Shirt",yellow,50,36,50,550,4.054545455,3. Médio(1000),774,Laranja/Amarelo,3. Médio Impacto,None,0,FALSE,FALSE,FALSE,1,Standard Delivery,2. Barato,2. Normal,07. M,"Blusa, Top, Camisa, Camiseta, Shorts","Poliéster/Viscose, Algodão/Poliéster, Algodão",FALSE,CN,price_maior,-12,TRUE
970,5ce75b39bd809b61b5617d4a,Women Summer Double-layer Printed Sleeveless Round Neck Dress Casual Plus Size Loose Sundress(Size: S~5XL),8,9,10000,0,3.35,1316,456,237,210,141,272,"Summer,Plus Size,Necks,Dress,neck dress,Round neck,Women's Fashion,printed,sleeveless,Casual,Women Fashion,Women",yellow,50,36,50,1987,3.98792149,4. Alto(10000),670,Laranja/Amarelo,3. Médio Impacto,None,0,FALSE,FALSE,FALSE,0,Standard Delivery,2. Barato,2. Normal,05. P (XS),Vestido,"Algodão/Poliéster, Poliéster, Algodão",FALSE,CN,retail_maior,12,FALSE
971,5ceb44aac976b44c9c5f0227,Women's New Fahison Vintage Cross Bandage Sleeveless Deep V-Neck Long Slim Tops Bohemia T-shirt Skull Printed Vest Plus Size S-3XL,12,58,1000,0,4.18,239,150,36,20,13,20,"bohemia,Vest,Plus Size,long shirt,gothic clothing,slim,Cross,tank top,Mini dress,womensfahison,Women's Fashion,sleeveless tops,Deep V-Neck,Slim T-shirt,deepvneckvest,Vintage,Tops,printedvest,T Shirts,boho,skull,crossbandage,V-neck,sleeveless,printed",blue,50,52,50,5042,4.146568822,3. Médio(1000),836,Azul,3. Médio Impacto,None,0,FALSE,FALSE,FALSE,0,Standard Delivery,2. Barato,2. Normal,07. M,"Vestido, Camisa, Top, Camiseta, Regata","Algodão/Poliéster, Poliéster/Elastano, Poliéster, Algodão/Elastano, Algodão, Algodão/Denim",FALSE,CN,retail_maior,383,FALSE
972,5ee8d64229e09b123f9e9aa7,Children Outdoor Soft Air Water Filled Bubble Ball Blow Up Balloon Toy Fun Party Game Summer Gift for Kids Inflatable Gift,5,5,1000,1,3.1,31,15,0,1,3,12,"Summer,Outdoor,Gifts,Balloon,ballonnen,bubbleball,water,Game,Toy,Fun,party,gaes,bubble,Children,Inflatable,kids",no_color_specified,50,27,50,2792,4.3252149,3. Médio(1000),620,Não Informado,0. Não Informado,Scarcity,0,FALSE,FALSE,FALSE,1,Standard Delivery,2. Barato,2. Normal,06. P (S),Não Especificado,"Poliéster, Algodão/Poliéster, Algodão",TRUE,CN,iguais,0,TRUE
973,5ea11302c2d31f2d6f622bd2,Outside Stretch Super Amazing Rubber Tear-Resistant Inflatable Kid Play Outdoor Ball Balloon Bubble Ball,3.84,4,1000,0,3.18,55,19,7,10,3,16,"Outdoor,bubble,stretch,playtoy,Inflatable,bubbleball,tearresistant,interactive,Soft,Balloon,kids",green,50,36,50,791,4.318584071,3. Médio(1000),636,Verde,3. Médio Impacto,None,0,FALSE,FALSE,FALSE,0,Standard Delivery,2. Barato,2. Normal,06. P (S),Não Especificado,Algodão,FALSE,CN,retail_maior,4,FALSE
974,5b4dcba5c731de4eb674bf4f,New S-5XL Women Short Sleeve Croceht Tank Tops Floral Detail Blouse T-Shirts,8,7,10000,1,3.56,1473,545,306,261,152,209,"blouse,Shorts,Tank,Shirt,Sleeve,Tops,short sleeves,V-neck,floral lace,Women's Fashion,Fashion,Floral,shortsleevee,T Shirts,Women",black,50,39,50,11148,4.18074991,4. Alto(10000),712,Preto,4. Alto Impacto,None,0,FALSE,FALSE,FALSE,1,Standard Delivery,2. Barato,2. Normal,07. M,"Blusa, Camisa, Camiseta, Shorts, Top","Poliéster/Viscose, Algodão/Poliéster, Renda, Algodão",FALSE,CN,price_maior,-12,TRUE
975,575f968e71c7c161e321f107,2018 T Shirts + Shorts Brand Clothing Tshirt Men Homme Letter Printed Basketball Running Sports Set T-shirt Suit Male,12,31,1000,0,3.87,344,178,56,41,24,45,"bathing suit,Fashion,Sports & Outdoors,summersuit,Men,pantssuit,T Shirts,Basketball,Men's pants,printed,Sport,Swimming suit,tshirtsuit,Shorts,Shirt,Clothing,track suit,Fashion Suits,Running,Men's Fashion,Sport Suits,Suits",green,50,12,50,639,4.007824726,3. Médio(1000),774,Verde,3. Médio Impacto,Scarcity,0,FALSE,FALSE,FALSE,0,Standard Shipping,2. Barato,2. Normal,05. P (XS),"Calça, Camisa, Shorts, Conjunto/Terno, Camiseta","Algodão/Poliéster, Poliéster, Poliéster/Algodão, Nilon/Elastano, Algodão",TRUE,CN,retail_maior,158,FALSE
976,5e50d4805cb11404c0659096,New Summer Women's Loose Denim Bib Pants Shorts Women Overalls Jeans Shorts Demin Shorts Women Jumpsuits Rompers,5.79,9,100,1,3.96,53,27,9,7,8,2,"jumpsuitsjean,Shorts,Summer,Jeans,Denim,pants,Women's Fashion,denimjeansshort,denimbibpant,pantsshort,rompers womens jumpsuit,womensexy,Women,denimjumpsuit,Women Fashion,jumpsuit",white,1,43,50,104,3.721153846,2. Baixo(100),792,Branco,1. Baixo Impacto,None,0,FALSE,FALSE,FALSE,1,Standard Delivery,2. Barato,2. Normal,04. PP (XXS),"Jeans, Macacão, Calça, Shorts, Conjunto/Terno","Denim, Algodão/Poliéster, Poliéster/Elastano, Poliéster/Algodão, Algodão",FALSE,CN,retail_maior,55,TRUE
977,5eb8dd6275e01b65b8da16ac,Summer 2020 New Loose Floral Print Sleeveless Women's Dress XL Women's Dress (S-5XL),7,66,10,1,5,0,0,0,0,0,0,"Summer,Plus Size,Floral print,Dresses,Spring,Dress,summer dress,Print,Women's Fashion,Sleeveless dress,women's dress,Floral,sleeveless",blue,50,41,50,3694,4.042230644,1. Micro(10),1000,Azul,3. Médio Impacto,None,0,FALSE,FALSE,FALSE,1,Standard Delivery,2. Barato,2. Normal,05. P (XS),Vestido,"Algodão/Poliéster, Poliéster/Viscose, Poliéster, Algodão/Viscose, Algodão",FALSE,CN,retail_maior,843,TRUE
978,589d7bc5b72e7c1397b8b5d2,Summer Shorts Women Sports Shorts Gym Workout Waistband Skinny Short,3,5,1000,1,4.05,327,170,71,45,14,27,"Summer,Shorts,benchwomen,pants,sportshort,women fashion shorts,Women's Fashion,Sportwear women,Sport,Casual,Women",black,1,90,50,72885,4.079851821,3. Médio(1000),810,Preto,4. Alto Impacto,Scarcity,0,FALSE,FALSE,FALSE,1,Standard Delivery,2. Barato,2. Normal,06. P (S),"Calça, Shorts","Algodão/Poliéster, Nilon/Elastano, Algodão",TRUE,CN,retail_maior,67,TRUE
979,5d042f0921141014f192efd6,Women Casual Shorts Pants Lace Up Summer Short Elastic Waistband Loose Panties Plus Size,13,22,1000,1,4.01,156,85,32,12,10,17,"Summer,Plus Size,Elastic,Lace,Casual pants,pants,women's pants,summer shorts,Women's Fashion,Womens shorts,Shorts,Casual,Beach Shorts Women,elastic waist,loosepant,high waisted shorts,Lace Up,Panties,Women",khaki,50,30,50,4508,4.330745342,3. Médio(1000),802,Tons Neutros,2. Baixo a Médio Impacto,Scarcity,0,FALSE,FALSE,FALSE,1,Standard Delivery,2. Barato,2. Normal,05. P (XS),"Calça, Shorts","Algodão/Poliéster, Elastano, Renda, Algodão",TRUE,CN,retail_maior,69,TRUE
981,5ec4d25fa7ed5dd27f74ad31,Women Summer Casual Hippie Soul Letter Printed Long Dress Irregular Double Layers Sleeveless A-line Plus Size T Shirt Dresses,8,76,100,1,3.64,11,5,2,1,1,2,"Summer,plus size hippie dresses,Plus Size,hippie,Dresses,Dress,asymmetrical dress,Casual,Round neck,long dress,Women's Fashion,Fashion,Midi Dress,maxi dress,t-shirt dress,women dress,printed,Women,loose dress,sleeveless,Shirt",purple,26,25,50,70,3.514285714,2. Baixo(100),728,Roxo,3. Médio Impacto,Scarcity,0,FALSE,FALSE,FALSE,1,Standard Delivery,2. Barato,2. Normal,13. Plus Size (5XL),"Vestido, Camisa","Algodão/Poliéster, Viscose/Poliéster, Viscose/Algodão, Poliéster, Algodão",TRUE,CN,retail_maior,850,TRUE
982,5e5389135c21a2d11ef9b8e9,Women Shoes Summer New Open Toe Fish Head Platform Sandals Fashion High Heels Wedges Sandals,9,8,100,1,4.07,46,26,7,7,2,4,"beach shoes,sandalendamen,Sandals,Fashion,Womens Shoes,Summer,sandalswomen,summer shoes,platformsandal,wedgessandal,sandalefemme,Women's Fashion,open toe,High Heel,Women,Head,fish,Heels,Shoes",beige,10,30,50,300,3.966666667,2. Baixo(100),814,Tons Neutros,2. Baixo a Médio Impacto,None,0,FALSE,FALSE,FALSE,1,Standard Delivery,2. Barato,2. Normal,15. Calçados / Numerações,Não Especificado,"Algodão/Poliéster, Algodão",FALSE,CN,price_maior,-11,TRUE
983,5c8615c29b83af3b342d2c15,Women's Fashion Hakuna Matata Letter Print Summer T Shirt Casual Short Sleeve Shirts Plus Size,9,8,1000,1,4.27,754,431,171,100,30,22,"Summer,Plus Size,Shirt,letter print,topsamptshirt,short sleeves,Women's Fashion,Shorts,women shirt,topsamptee,Sleeve,Print,Fashion,Casual,Cotton",pink,50,43,50,18029,4.100615675,3. Médio(1000),854,Rosa,3. Médio Impacto,None,1,FALSE,TRUE,FALSE,1,Standard Delivery,2. Barato,2. Normal,06. P (S),"Camisa, Camiseta, Shorts, Top","Algodão/Poliéster, Algodão, Poliéster",FALSE,CN,price_maior,-11,TRUE
984,5df2576d68963c1660471f9a,New Fashion Summer Women Casual Dress Round Neck Loose Big Swing Skirt Sleeveless Soild Color Beach dress,4.9,8,1000,1,3.83,99,43,18,23,8,7,"Summer,Fashion,Necks,Beach,Dress,Loose,beach dress,Round neck,Women's Fashion,sleeveless,Skirts,Casual,Women",white,1,41,50,17752,3.899673276,3. Médio(1000),766,Branco,1. Baixo Impacto,None,0,FALSE,FALSE,FALSE,1,Standard Delivery,2. Barato,2. Normal,04. PP (XXS),Vestido,"Algodão/Poliéster, Algodão/Viscose, Algodão",FALSE,CN,retail_maior,63,TRUE
985,5a1e957fce700d27f347c435,Sexy Women Ladies One Shoulder Plus Size Swimsuit Swimwear Padded Monokini Bikini Bathing Beachwear,8,38,1000,0,4.14,196,113,35,25,8,15,"Summer,Plus Size,Swimming,bikinibeachwear,one shoulder-bikini,summerbathingsuit,Swimwear,Swimsuit,padded,ladyswimwear,Bikini,Fashion,Women,summersunsuit,fashionwomenmonkini,WomenBikini,sexy,Ladies,Women's Fashion,womenonepiecebikini",black,50,39,50,6275,4.38310757,3. Médio(1000),828,Preto,4. Alto Impacto,Scarcity,0,FALSE,FALSE,FALSE,0,Standard Shipping,2. Barato,2. Normal,07. M,"Biquíni, Maiô/Biquíni, Moda Praia","Algodão/Poliéster, Nilon/Elastano, Poliéster/Borracha, Poliéster/Elastano, Algodão",TRUE,CN,retail_maior,375,FALSE
986,5ee4880dad418021a27e3dea,2020 Women's Sexy Deep V Neck Dress Backless Maxi Party Evening Dress Rainbow Summer Beach Dress,25,38,50,1,3.17,6,2,1,1,0,2,"slim dress,neck dress,Necks,rainbow,Evening Dress,Dress,summer dress,Party Dress,Women's Fashion,Formal Dress,beach dress,Sleeveless dress,Summer,party,Sexy Dress,women dress,sexy,Beach,backless",rainbow,10,27,37,401,4.009975062,2. Baixo(100),634,Multicor/Estampado,4. Alto Impacto,None,0,FALSE,FALSE,FALSE,1,Standard Delivery,3. Médio,2. Normal,06. P (S),Vestido,"Poliéster/Elastano, Algodão/Poliéster, Algodão/Viscose, Poliéster, Algodão/Elastano, Algodão",FALSE,CN,retail_maior,52,TRUE
988,5e4b7be804e312785914c0c8,NEW Summer Womens Sleeveless V-neck Floral Print Beach Sling Dress Big Swing Dress Loose Casual Long Vest Dresses Ladies Party Dress Plus Size XS-8XL,9,8,1000,1,3.52,295,126,38,48,28,55,"Summer,Vest,Plus Size,long dress,Dress,casual dresses,V-neck,Ladies,beach dress,Party Dress,Party Dresses,Floral,summer dresses,Casual,Swing dress,Floral print,Dresses,Women's Fashion,Maxi Dresses,retro,party,Swing,Print,sleeveless,Beach",gray,17,35,50,12441,3.924684511,3. Médio(1000),704,Cinzento,2. Baixo a Médio Impacto,None,0,FALSE,FALSE,FALSE,1,Standard Delivery,2. Barato,2. Normal,06. P (S),Vestido,"Algodão/Poliéster, Algodão/Viscose, Poliéster/Viscose, Viscose/Poliéster, Poliéster, Poliéster/Elastano, Algodão",FALSE,CN,price_maior,-11,TRUE
989,5caf39f0c1cfa228fccec57d,2019 Fashion Family matching swimwear beachwear mommy and me swimsuit mother daughter father son clothes dresses high waist bikini look mum,11,42,100,0,4.24,55,33,11,5,3,3,"Summer,Fashion,high waist,Family,Dress,Waist,Swimsuit,Swimwear,beach wear,Bikini,Mother,Holiday,Clothes,matching,Swimming",green,9,105,50,6121,4.365789904,2. Baixo(100),848,Verde,3. Médio Impacto,Scarcity,0,FALSE,FALSE,FALSE,0,Standard Delivery,2. Barato,2. Normal,01. Infantil,"Moda Praia, Biquíni, Vestido, Maiô/Biquíni","Algodão/Poliéster, Nilon/Elastano, Algodão/Viscose, Algodão",TRUE,CN,retail_maior,282,FALSE
990,5cb99a5eb6259b187cc77184,ZANZEA Women Round Neck Short Sleeves Solid Color Loose Mid-calf Summer Dress,12,102,1000,1,4.22,206,119,44,24,8,11,"dressforwomen,Shorts,Necks,Sleeve,midcalf,Vintage,Dress,Loose,short sleeves,long,Round neck,Women's Fashion,Summer,summer dress,solid color,women dress,Women,Casual,Cotton",grey,8,37,50,2495,4.211623246,3. Médio(1000),844,Cinzento,2. Baixo a Médio Impacto,None,1,FALSE,TRUE,FALSE,1,Standard Delivery,2. Barato,2. Normal,06. P (S),"Vestido, Camiseta, Shorts","Algodão/Poliéster, Algodão, Algodão/Viscose, Algodão/Denim",FALSE,CN,retail_maior,750,TRUE
991,5c823b50a937185c992e6d2f,Women Push-up Padded Bra Bandage Bikini Set Swimsuit,9,59,10000,0,3.77,1721,752,368,260,141,200,"bandagebra,bandage swimsuit,ladyswimsuit,sexy bikini,Bikini,Swimsuit,padded,Triangle Swimwear,Women's Fashion,Fashion,womensexybraset,solid color,Women,Swimming,beachewear,Bras,padded swimsuit",red,17,47,50,2888,4.192174515,4. Alto(10000),754,Vermelho,4. Alto Impacto,None,0,FALSE,FALSE,FALSE,0,Standard Delivery,2. Barato,2. Normal,06. P (S),"Biquíni, Sutiã, Maiô/Biquíni, Moda Praia","Algodão/Poliéster, Nilon/Elastano, Poliéster/Borracha, Poliéster/Elastano, Algodão",FALSE,CN,retail_maior,556,FALSE
993,5e3e5d332c3e1f0734f6740a,Plus Size S-5XL Women Vintage Sleeveless Hanging Neck Tank Tops Casual Style Women Chiffon Print Crop Top Bras,8,25,100,1,4,55,30,9,7,4,5,"Plus Size,crop top,vintagetop,chiffon,Vintage,printtop,tank top,Casual,Women's Fashion,Fashion,sleeveless tops,chiffon blouse,sleeveless,Print,Tank,Women,Tops,Bras,Necks",black,50,43,50,2199,4.106866758,2. Baixo(100),800,Preto,4. Alto Impacto,None,0,FALSE,FALSE,FALSE,1,Standard Delivery,2. Barato,2. Normal,06. P (S),"Blusa, Sutiã, Top, Regata","Poliéster/Viscose, Nilon/Elastano, Algodão/Poliéster, Poliéster, Algodão, Algodão/Denim",FALSE,CN,retail_maior,212,TRUE
994,5d300e5c0152ba058f2cb07f,Hot Summer Women Fashion New Design Tank Tops Printed Sleeveless Round-neck Off Shoulder Camis Plus Size 4 Colors Women Vest Casual Party Beach Wear Cotton Soft Tops T-shirts,8,7,1000,0,4.22,124,75,25,8,8,8,"Summer,Vest,Plus Size,summer t-shirts,tank top,Sleeveless Shirt,vestforwomen,Design,printed,party,Casual,Women Fashion,Women,Tank,Beach,Tops,T Shirts,fashion top,Women's Fashion,Cotton,Fashion,womens vest,sleeveless",grey,50,43,50,3950,4.057468354,3. Médio(1000),844,Cinzento,2. Baixo a Médio Impacto,Scarcity,0,FALSE,FALSE,FALSE,0,Standard Delivery,2. Barato,2. Normal,06. P (S),"Camisa, Camiseta, Regata, Top, Colete","Algodão/Poliéster, Algodão, Poliéster",TRUE,CN,price_maior,-12,FALSE
995,5adae16416d9442733b00177,2018 Fashion Summer Dress Women Sexy Dresses V Neck Backless Lace Stitching Dress Beach Dresses White Dress,15,13,5000,0,3.51,1257,498,220,197,108,234,"Summer,Slim Fit,Lace,Deep V-neck Dress,bowknotdres,Beach,Dress,Lace Dress,sexybacklessdres,beach wear,Women's Fashion,Party Dress,backless,summer dress,Women,vestido,sexy,white,Mini dress,Fashion,Necks",red,10,42,50,19184,4.471017515,4. Alto(10000),702,Vermelho,4. Alto Impacto,None,0,FALSE,FALSE,FALSE,0,Standard Delivery,2. Barato,2. Normal,06. P (S),"Moda Praia, Vestido","Poliéster/Elastano, Algodão/Poliéster, Nilon/Elastano, Renda, Poliéster, Algodão/Elastano, Algodão/Viscose, Algodão",FALSE,CN,price_maior,-13,FALSE
996,5c35bcc4b7d2d236938ad925,Summer Fashion Women Spaghetti Strap Maxi Dress Oversize Casual Loose Solid Color Cami Slip Long Dresses Ladies Sleveless Evening Party Holiday Beach Dresses Plus Size S-5XL,14,27,5000,0,3.52,1442,573,250,227,139,253,"Summer,dressesforwomen,plus size dress,Dress,beach dress,Plus Size,sleveles,maxi dress,Spaghetti,Casual,Women,party,Fashion,splitdre,Beach,summer dress,spaghettistrapdre,Ladies,Women's Fashion,Holiday,soliddre,loose dress",black,50,43,50,7874,3.95999492,4. Alto(10000),704,Preto,4. Alto Impacto,Scarcity,0,FALSE,FALSE,FALSE,0,Standard Delivery,2. Barato,2. Normal,07. M,Vestido,"Algodão/Poliéster, Algodão/Viscose, Viscose/Algodão, Viscose/Poliéster, Poliéster, Poliéster/Elastano, Algodão",TRUE,CN,retail_maior,93,FALSE
997,5d07120c11e6065641900fc4,Women Summer Off Sholuder Round Neck Printed Big Swing Loose Casual Holiday Beach Long Dress,13,11,20000,1,2.97,2191,603,321,343,263,661,"bigswing,Summer,Necks,long dress,Dress,Maxi Dresses,Round neck,Women's Fashion,printed,long dresses,sleeveless,Holiday,Beach,Casual,Women",green,34,35,50,14482,4.001588178,5. Muito Alto(20000),594,Verde,3. Médio Impacto,None,0,FALSE,FALSE,FALSE,1,Standard Delivery,2. Barato,2. Normal,07. M,Vestido,"Algodão/Poliéster, Algodão/Viscose, Viscose/Poliéster, Poliéster, Algodão",FALSE,CN,price_maior,-15,TRUE
999,5ec4cea618f3b9c71fc3c49f,Fashion Women Retro Vertical Striped Mini Button Camisole Dress,6,7,100,1,4,2,1,0,1,0,0,"Mini,Vest,Fashion,camisole,Summer,Dress,Women's Fashion,retro,Striped,Beach,button,Women",black,50,44,50,102568,4.05104906,2. Baixo(100),800,Preto,4. Alto Impacto,None,0,FALSE,FALSE,FALSE,1,Standard Delivery,2. Barato,2. Normal,06. P (S),"Camisete, Vestido","Algodão/Poliéster, Plástico/Metal, Poliéster/Viscose, Algodão",FALSE,CN,retail_maior,17,TRUE
1001,5c39d2fca958dc1dd6b0cc64,2019 Women Casual Summer Loose Off Shoulder Deep V-Neck Sexy Backless Sleeveless Blouse Cotton Vest Irregular Shirt Ladies Fashion Solid Color Super Plus Size Pleated Loose Sling Tank Tops S-8XL,11,10,5000,0,4.34,728,456,148,72,20,32,"Summer,off shoulder top,Fashion,Cotton T Shirt,Pleated,summer t-shirts,Vest,tank top,Ladies,Women's Fashion,Plus Size,off shoulder,sleeveless tops,Casual T-Shirt,blouse,sexy,Casual,Women,Deep V-Neck,Tank,Shirt,sleevelessblouse,Tops,women shirt,V-neck,backless,Cotton,Ladies Fashion,womens vest,sleeveless,vneckshirt",navyblue,15,20,50,8500,4.081176471,4. Alto(10000),868,Azul,3. Médio Impacto,None,1,FALSE,TRUE,FALSE,0,Standard Delivery,2. Barato,2. Normal,05. P (XS),"Blusa, Camiseta, Camisa, Top, Regata, Colete","Poliéster/Elastano, Poliéster/Viscose, Algodão/Poliéster, Algodão",FALSE,CN,price_maior,-9,FALSE
1003,5cd68836e731f919b55e08e3,Summer Casual Sexy Halter Vest Women Bag BuckleTank Tops Crop Top ,7,6,1000,0,4.16,129,72,26,17,7,7,"halter top,Women Vest,Vest,bagbuckle,crop top,Halter,Summer,Tops,tank top,Casual,Bags,Women's Fashion,Fashion,silmfit,solid color,Casual Tops,sexy,summer tops,Women",black,50,73,50,941,4.204038257,3. Médio(1000),832,Preto,4. Alto Impacto,Scarcity,0,FALSE,FALSE,FALSE,0,Standard Delivery,2. Barato,2. Normal,05. P (XS),"Top, Regata, Colete","Algodão/Poliéster, Poliéster/Elastano, Algodão",TRUE,CN,price_maior,-14,FALSE
1005,5cf509ff2e4608604e83148d,NEW Women Casual Tank Top Blouses O-neck Sleeveless Gradient Color Cotton Printing T-shirt Summer Vest Blouses Loose Plus Size S-5XL,2,2,5000,1,3.89,496,254,80,72,33,57,"blouse,Summer,Vest,Plus Size,Tank,Cotton,Tops,topsamptshirt,T Shirts,tank top,Women's Fashion,Fashion,sleeveless tops,blousesampshirt,sleeveless,o-neck,Casual,Women",green,1,35,50,14095,4.08967719,4. Alto(10000),778,Verde,3. Médio Impacto,Scarcity,0,FALSE,FALSE,FALSE,1,Standard Delivery,2. Barato,2. Normal,06. P (S),"Blusa, Camisa, Top, Camiseta, Regata","Poliéster/Viscose, Algodão/Poliéster, Algodão",TRUE,CN,iguais,0,TRUE
1006,5b2880c8e6aa7717e21461a6,Fashion Women Wrap Banded Draped Cut Out Hi Low Asymmetrical High Waist Open Maxi Skirt Gray,8,7,10000,0,4.01,2543,1315,482,383,180,183,"Gray,long skirt,summer dress,high waist,long dress,high waist skirt,Draped,Dresses,Women's Fashion,Fashion,Skirts women,maxi dress,Women,Skirts,Waist",black,50,40,50,110548,4.1436661,4. Alto(10000),802,Preto,4. Alto Impacto,None,0,FALSE,FALSE,FALSE,0,Standard Delivery,2. Barato,2. Normal,07. M,Vestido,"Algodão/Poliéster, Viscose/Poliéster, Algodão/Viscose, Algodão",FALSE,CN,price_maior,-12,FALSE
1007,5d2d31d4c15e48540153300a, Men's Casual Workout Athletic Gym Jersey Shorts Elastic Waist Drawstring Summer Training Running Knee Length Shorts with Zipper Pocket,8,7,1000,1,3.63,161,64,31,30,14,22,"runningshortsformen,Summer,Shorts,Waist,Elastic,Bottom,casualshort,zippers,athleticshort,Running,Pocket,workoutshortsformen,athleticshortsmen,Fashion,knee,camouflageshortsformen,elastic waist,Athletics,Casual,Jerseys,summershortsformen",lightgrey,50,49,50,1653,3.97338173,3. Médio(1000),726,Cinzento,2. Baixo a Médio Impacto,None,0,FALSE,FALSE,FALSE,1,Standard Delivery,2. Barato,2. Normal,06. P (S),"Parte de Baixo, Shorts","Algodão/Poliéster, Elastano, Algodão, Metal/Plástico",FALSE,CN,price_maior,-12,TRUE
1008,599e9345064610593dba223e,Sexy Swimsuit South African Golden Print Halter Bikini High Waist Two Pieces Swimwear Women Bathing Suit Bikini Set,8,7,5000,0,4.14,2737,1582,524,278,137,216,"bathing suit,Bikinis Set,Womens Swimsuit,Waist,Halter,golden,southafrican,Sexy Swimwear,Swimwear,Swimsuit,high waist,Bikini,Fashion,Two Pieces,Suits,Print,sexy,Women,Women's Fashion,High Waisted Bikini,Swimming",Pink,50,36,50,68339,4.298745958,4. Alto(10000),828,Rosa,3. Médio Impacto,Scarcity,0,FALSE,FALSE,FALSE,0,Standard Delivery,2. Barato,2. Normal,06. P (S),"Biquíni, Conjunto/Terno, Maiô/Biquíni, Moda Praia","Algodão/Poliéster, Nilon/Elastano, Poliéster, Poliéster/Elastano, Poliéster/Algodão, Algodão",TRUE,CN,price_maior,-12,FALSE
1009,5b58449a6efe5e178f799c31,Mens Fashion Slim Fit Jeans Shorts Cargo Baumwolle Skinny Shorts Jeans Summer Casual Denim Shorts,18,27,5000,1,4.03,1058,539,240,132,61,86,"Summer,Shorts,Casual pants,pants,Denim,slim,Short pants,jean shorts,Men's Fashion,trousers,Denim Shorts,Jeans,Fashion,Casual,Slim Fit",blue,50,41,50,12348,3.79494655,4. Alto(10000),806,Azul,3. Médio Impacto,None,0,FALSE,FALSE,FALSE,1,Standard Delivery,2. Barato,2. Normal,06. P (S),"Calça, Jeans, Shorts","Algodão/Poliéster, Denim, Algodão/Elastano, Algodão",FALSE,CN,retail_maior,50,TRUE
1010,5cfcdd42b3fdc841c21ff904,NEW Women's Round Neck Digital Flower Printed Dress Sleeveless Plus Size Mini Dress S-5XL,11,10,20000,1,3.7,2682,1194,480,401,223,384,"Mini,Plus Size,Necks,Dresses,Dress,summer dress,Mini dress,Round neck,Round Collar,Women's Fashion,Flowers,printed,sleeveless,sleevelessdresse,casual dress",purple,50,35,50,12974,3.965700632,5. Muito Alto(20000),740,Roxo,3. Médio Impacto,None,0,FALSE,FALSE,FALSE,1,Standard Delivery,2. Barato,2. Normal,08. G (L),Vestido,"Algodão/Poliéster, Algodão/Viscose, Poliéster/Elastano, Poliéster, Algodão",FALSE,CN,price_maior,-9,TRUE
1011,5576b706edb2391a06372f71,Fashion Women Backless Strapless Sexy Ladies Baggy Casual Loose Long Maxi Dress Beach Clubwear,11,83,20000,0,3.87,5719,2720,1171,820,408,600,"Strapless Dress,Fashion,clubwear,long dress,Dress,Loose,strapless,beachdrss,Women's Fashion,backless,maxi dress,Ladies,sexy,Beach,Casual,Women",khaki,50,38,50,151914,4.127921061,5. Muito Alto(20000),774,Tons Neutros,2. Baixo a Médio Impacto,None,0,FALSE,FALSE,FALSE,0,Standard Delivery,2. Barato,2. Normal,07. M,Vestido,"Poliéster/Elastano, Algodão/Poliéster, Viscose/Poliéster, Algodão",FALSE,CN,retail_maior,655,FALSE
1012,599624c59e41a0342218c883,New Summer  Women Sexy Sleeveless Knit Crop Tops,4,4,10000,0,4.03,2150,1115,445,291,144,155,"corset top,Fashion,crop top,camisole,knittop,Tops,tank top,Women's Fashion,sexy,sleeveless,knit,fashionwomencroptop,Women",red,50,41,50,230951,4.311065984,4. Alto(10000),806,Vermelho,4. Alto Impacto,None,0,FALSE,FALSE,FALSE,0,Standard Delivery,2. Barato,2. Normal,06. P (S),"Camisete, Regata, Top","Algodão/Poliéster, Poliéster/Viscose, Poliéster/Elastano, Algodão",FALSE,CN,iguais,0,FALSE
1013,5b44179208f66b1dae02fdf4,New Women Summer Loose V Neck Tops Ladies Mesh Stitching 3/4 Sleeve Casual Holiday Blouse Shirt Female Blusas Tunic Shirts Tops,8,7,10000,0,3.71,951,420,176,143,84,128,"blouse,Summer,Fashion,tunic,Shirt,Sleeve,Dresses,Tops,Necks,blusa,long dress,beach dress,Women,Ladies,women dress,Holiday,Women's Fashion,Casual,casual dress",white,50,31,50,4213,4.058390695,4. Alto(10000),742,Branco,1. Baixo Impacto,None,0,FALSE,FALSE,FALSE,0,Standard Delivery,2. Barato,2. Normal,05. P (XS),"Vestido, Blusa, Camisa, Top, Túnica","Algodão/Poliéster, Algodão/Viscose, Poliéster/Viscose, Viscose/Poliéster, Algodão",FALSE,CN,price_maior,-12,FALSE
1014,5d2bf4ce06f96e2cd64772d4,Summer Women Casual Sleeveless Stripe T Shirts Dress Tunic Waist Dresses Beach Vestido,8,7,5000,0,3.94,957,502,161,136,54,104,"Summer,tunic,Shirt,women dresses,long dress,Evening Dress,Dress,summer dress,casual dresses,beach dress,Sleeveless dress,Stripes,Women,women dress,Waist,summer dresses,Beach,Women's Fashion,Casual,sleeveless,casual dress",purple,50,21,50,4373,4.178367254,4. Alto(10000),788,Roxo,3. Médio Impacto,None,0,FALSE,FALSE,FALSE,0,Standard Delivery,2. Barato,2. Normal,05. P (XS),"Vestido, Camisa, Túnica","Algodão/Poliéster, Algodão/Viscose, Viscose/Poliéster, Algodão",FALSE,CN,price_maior,-12,FALSE
1015,5ac487250548ea06d2955024,Women's Fashion Vest Top Sleeveless Shirt Blouse Casual Tank Tops T-Shirt,6,23,1000,1,3.94,251,120,53,41,18,19,"blouse,Vest,Fashion,Tank,Shirt,Tops,T Shirts,tank tops women,Women's Fashion,sleeveless,Casual,Lace",white,50,54,50,6457,3.9704197,3. Médio(1000),788,Branco,1. Baixo Impacto,None,0,FALSE,FALSE,FALSE,1,Standard Delivery,2. Barato,2. Normal,06. P (S),"Blusa, Camisa, Camiseta, Regata, Top","Poliéster/Viscose, Algodão/Poliéster, Renda, Algodão",FALSE,CN,retail_maior,283,TRUE
1016,5b0bbe32c1082f71c9ad9209,2018 Women Summer Casual Solid Color Loose Sleeveless Beach Tank Top A-line Pocket Dress Sexy Deep V-neck Short Club Party Mini Halter Midi Dresses Robe Ete Femme Knee Length Pleated Skirts Ladies Fashion Swing Cotton T-Shirt Dress Plus Size S-6XL,5.87,5,20000,1,3.98,4137,2090,852,576,278,341,"Mini,Fashion,halter dress,Summer,plus size dress,Pleated,V Neckdress,beach dress,Party Dress,sexy,Skirts,Casual,Cotton,Deep V-Neck,party,Ladies Fashion,Tops,summer dress,Ladies,women dress,Robes,Women,Beach,Plus Size,Halter,Dress,V-neck,Pocket,Women's Fashion,sleeveless,knee,casual dress,Shorts,Tank,T Shirts,sleevelessdresse,loose dress",red,5,18,50,4646,4.118811881,5. Muito Alto(20000),796,Vermelho,4. Alto Impacto,None,0,FALSE,FALSE,FALSE,1,Standard Delivery,2. Barato,2. Normal,05. P (XS),"Vestido, Robe, Camisa, Shorts, Camiseta, Top","Algodão/Poliéster, Algodão/Viscose, Algodão, Poliéster/Elastano, Viscose/Algodão, Poliéster, Poliéster/Algodão",FALSE,CN,price_maior,-15,TRUE
1017,5ea7cdb941b27544b4f4694c,Tie Dyed Double Waist Cashew Flower Square Scarf Gradual Hip Hop Headscarf Cotton Printed Bandanna,2.65,3,100,0,4.58,33,26,4,0,2,1,"kerchief,Flowers,Waist,handkerchief,gradualchange,Hip Hop,Fashion Accessories,Printing,printed,squarescarf,Cotton,Fashion,scarf,bandanna",no_color_specified,50,14,50,900,3.987777778,2. Baixo(100),916,Não Informado,0. Não Informado,None,1,FALSE,TRUE,FALSE,0,Standard Delivery,2. Barato,2. Normal,15. Calçados / Numerações,Não Especificado,"Algodão, Algodão/Poliéster, Poliéster",FALSE,CN,retail_maior,13,FALSE
1018,5cedee9d7775ef72c072be78,Plus Size New Summer Women's Fashion V-neck Printing Sleeveless Tunic Tops Vest Tank Tops(S-7XL),7,6,20000,1,4,2464,1306,463,305,157,233,"Summer,Vest,Plus Size,tunic,Tops,blousetop,Casual,Women's Fashion,Printing,tank top,V-neck,sleeveless,Fashion,plusszie",green,2,50,50,3271,4.069703455,5. Muito Alto(20000),800,Verde,3. Médio Impacto,None,0,FALSE,FALSE,FALSE,1,Standard Shipping,2. Barato,2. Normal,07. M,"Blusa, Regata, Top, Túnica","Poliéster/Viscose, Algodão/Poliéster, Poliéster, Algodão, Algodão/Viscose",FALSE,CN,price_maior,-14,TRUE
1019,567cb0925ff12c4829f07dfb,Women Lace Short Sleeve Long Tops Blouse Shirt Ladies Beach BOHO Mini Dress 6-16,7,22,100000,1,3.82,11913,5355,2430,1974,960,1194,"blouse,Fashion,Shirt,boho,Tops,summer t-shirts,short sleeves,Mini dress,lace blouse,Women's Fashion,Shorts,Ladies,Short Sleeved,Polyester Shirt,Beach,Women",no_color_specified,50,46,50,320031,4.218866297,6. Crítico(>20000),764,Não Informado,0. Não Informado,None,0,FALSE,FALSE,FALSE,1,Standard Delivery,2. Barato,2. Normal,06. P (S),"Blusa, Vestido, Camisa, Camiseta, Shorts, Top","Algodão/Poliéster, Poliéster/Viscose, Renda, Poliéster/Elastano, Algodão",FALSE,CN,retail_maior,214,TRUE
1020,59fd51ba9e82590b7bf7ad16,Sexy Women Bikini Set Bathing Suit Bandage Swimwear Push-up Swimsuit,14,12,5000,0,3.83,912,428,174,143,60,107,"bathing suit,Fashion,bikini set,Sexy Swimwear,Swimwear,Swimsuit,Bikini,Suits,sexy,Swimming,Women's Fashion,Women",white,50,41,50,38258,3.955434158,4. Alto(10000),766,Branco,1. Baixo Impacto,None,0,FALSE,FALSE,FALSE,0,Standard Delivery,2. Barato,2. Normal,06. P (S),"Biquíni, Conjunto/Terno, Maiô/Biquíni, Moda Praia","Algodão/Poliéster, Nilon/Elastano, Poliéster/Elastano, Poliéster/Algodão, Algodão",FALSE,CN,price_maior,-14,FALSE
1021,54ab85ff509baf3e966f7f2a,Summer Steering Wheel Sunshade Swim Ring Car Inflatable Baby Float Seat Boat Pool Tools Accessories For Kids Toys,19,105,20000,1,4.4,3787,2541,673,309,73,191,"Summer,Fun,Jewelry,Gifts,pool,babyswimfloatboat,swimring,poolaccessorie,floatboat,Green,swimminglap,Baby,Ring,Seats,floatseat,Boat",purple,50,57,50,295161,4.32994874,5. Muito Alto(20000),880,Roxo,3. Médio Impacto,None,2,TRUE,TRUE,FALSE,1,Standard Delivery,3. Médio,2. Normal,01. Infantil,Não Especificado,"Algodão/Poliéster, Nilon/Elastano, Algodão",FALSE,CN,retail_maior,453,TRUE
1022,5c63b75850c63d6a9bfe634a,Casual Fashion High Waist Lace Up Bandages Striped Ruffle Mini Plus Size Hot Shorts,8,7,5000,1,3.7,917,421,142,147,75,132,"Mini,kurzehosen,Beach Shorts,high waist shorts,Lace,Plus Size,summer shorts,Casual,ruffle,Women's Fashion,Shorts,minishort,high waist,Lace Up,Striped,Fashion,Panties,plussizeshort,Waist",green,10,38,50,8166,4.17585109,4. Alto(10000),740,Verde,3. Médio Impacto,None,0,FALSE,FALSE,FALSE,1,Standard Delivery,2. Barato,2. Normal,04. PP (XXS),Shorts,"Algodão/Poliéster, Renda, Algodão",FALSE,CN,price_maior,-12,TRUE
1023,5c88742f9a4d0e68dc7148c2,Plus Size S-5XL Women Fashion Tube Top Dress Off Shoulder Floral Print A-line Mini Dress Lady Casual Strapless Short Dress Tunic Dress Summer Beach Dress Bikini Cover-up,7,50,5000,0,4.02,1046,545,200,161,59,81,"Mini,Strapless Dress,Fashion,Summer,Tube top,Tunic dress,bandeau top,Mini dress,Women's Fashion,Plus Size,off shoulder,Floral,sexy,sexy tank top,Women,strapless,Shorts,Floral print,short dress,Tops,beach dress,Swimsuit Cover,Casual,Bikini,tunic,Print,tubetopdre,Beach,Dress",watermelonred,50,43,50,36361,3.967520145,4. Alto(10000),804,Vermelho,4. Alto Impacto,None,0,FALSE,FALSE,FALSE,0,Standard Delivery,2. Barato,2. Normal,06. P (S),"Vestido, Biquíni, Shorts, Maiô/Biquíni, Regata, Top, Túnica","Algodão/Poliéster, Algodão/Viscose, Nilon/Elastano, Poliéster, Poliéster/Viscose, Poliéster/Elastano, Algodão",FALSE,CN,retail_maior,614,FALSE
1024,5d59083aa5fa243bcd2b45e3,5 Color New Arrival Women's Fashion Sexy Elegant Strapless Long Sleeve Halter Backless Solid Color Slim Fit Blouse Tops Autumn Fashion Sexy Criss Cross Pleated Tunic Top,8,9,10000,1,3.09,775,223,123,137,84,208,"halterblousesforwomen,Fashion,Halter,Long Sleeve,blusasfeminina,Pleated,slim,sexyblouse,Cross,solid color,backlessblouse,sexy,tunic,blousesforwomen,blouse,strapless,bodyconblouse,long sleeve blouse,tunic top,Sleeve,Elegant,Tops,Slim Fit,Women's Fashion,backless,tunictopforwomen,straplessblouse",pink,50,43,50,54504,3.80168428,4. Alto(10000),618,Rosa,3. Médio Impacto,None,0,FALSE,FALSE,FALSE,1,Standard Delivery,2. Barato,2. Normal,06. P (S),"Blusa, Top, Túnica","Poliéster/Elastano, Poliéster/Viscose, Algodão/Poliéster, Algodão/Elastano, Algodão, Algodão/Viscose",FALSE,CN,retail_maior,12,TRUE
1025,5ea3b5bfa92d6c0442cd4b03,Women's Summer Fashion Spaghetti Strap Floral Print Tie Front Mini Dress Sexy Dress,8,7,1000,1,3.93,54,27,12,6,2,7,"Summer,Fashion,Floral print,Mini,Dress,Mini dress,Print,Women's Fashion,Sexy Dress,Floral,sexy,Spaghetti,Women Fashion",yellow,19,28,50,88193,4.080890774,3. Médio(1000),786,Laranja/Amarelo,3. Médio Impacto,Scarcity,0,FALSE,FALSE,FALSE,1,Standard Delivery,2. Barato,2. Normal,06. P (S),Vestido,"Algodão/Poliéster, Poliéster/Viscose, Poliéster/Elastano, Poliéster, Algodão",TRUE,CN,price_maior,-12,TRUE
1026,5ebb6a3db1e97c2d2d60101f,10/30/50ml Hair Removal Spray Super Natural Painless Permanent Depilatory Cream,1.7,9,1000,1,3.86,86,41,17,13,5,10,"Summer,painlessdepilation,legs,hairremoval,Skincare,permanent,Sprays,depilatory,armpit,hair,Arms",no_color_specified,50,57,50,484,3.991735537,3. Médio(1000),772,Não Informado,0. Não Informado,Scarcity,0,FALSE,FALSE,FALSE,1,Standard Delivery,2. Barato,2. Normal,07. M,Não Especificado,"Algodão/Poliéster, Algodão",TRUE,CN,retail_maior,429,TRUE
1027,5c944d690d06de6f91b3a991,Women Long Skirt Wave Point V-tie Open-fork Dress Short Sleeve V-neck Low-cut Print Polka Dot Dress,12,59,100,0,3.59,64,24,16,10,2,12,"vtie,Summer,long skirt,Dress,summer dress,womens clothes,Women's Fashion,Party Dress,openfork,wavepoint,Sexy Dress,sexy,Skirts,casual dress",white,50,44,50,5244,4.013920671,2. Baixo(100),718,Branco,1. Baixo Impacto,Scarcity,0,FALSE,FALSE,FALSE,0,Standard Delivery,2. Barato,2. Normal,06. P (S),Vestido,"Algodão/Poliéster, Algodão/Viscose, Poliéster, Poliéster/Elastano, Algodão",TRUE,CN,retail_maior,392,FALSE
1028,5c3ff9c71b115c0802243181,New Summer Fashion Women Sleeveless “ HIPPIE SOUL” Letter Printed Tank Top Funny Workout T-shirt Casual Loose Tee Tops Clothes In Blue  Pink and Dark Grey,6,33,5000,0,4.04,846,451,168,109,47,71,"Summer,Plus Size,letter print,Workout tanktop,summer t-shirts,sleevelesstanktop,tank top,Dark,Women's Fashion,Fashion,women t shirt,Tank,Casual,T Shirts,Clothes,Blues,Funny,Cotton Shirt,hippie,pink,Tops,Grey,teesamptshirt,sleeveless,Women,printed",pink,26,41,50,21485,4.146241564,4. Alto(10000),808,Rosa,3. Médio Impacto,None,0,FALSE,FALSE,FALSE,0,Standard Delivery,2. Barato,2. Normal,06. P (S),"Camisa, Camiseta, Regata, Top","Algodão/Poliéster, Algodão, Poliéster",FALSE,CN,retail_maior,450,FALSE
1029,574ff29cb4b28660d9f94d3f,Women's Striped Double Up Tankini Top,11,10,50000,0,3.91,13488,6325,3006,1998,916,1243,"strapless,Fashion,Tops,striped bikini,Swimwear,beach wear,Tankinis,Women's Sweatsuit,black,Stripes,beachwear for women,monokini,Swimsuit",black,50,31,50,17816,4.179445442,6. Crítico(>20000),782,Preto,4. Alto Impacto,None,0,FALSE,FALSE,FALSE,0,Standard Delivery,2. Barato,2. Normal,06. P (S),"Moda Praia, Biquíni, Maiô/Biquíni, Top","Algodão/Poliéster, Nilon/Elastano, Poliéster/Elastano, Algodão",FALSE,CN,price_maior,-9,FALSE
1030,5e916d950e061621c062ac52,Hot Sale Women's Fashion Summer Sleeveless Dress Mini V-neck Party Dress JACK DANIEL'S Print Loose Cool Casual Dresses,5,59,100,0,4.27,22,13,4,4,0,1,"Sleeveless dress,sleeveless,Fashion,Mini,Dress,summer dress,V Neckdress,V-neck,Mini dress,Casual,Women's Fashion,Party Dress,Summer,Jack Daniels,print dress,party,Print,women dress,loose dress,Women Fashion,casual dress",green,5,43,50,521,4.126679463,2. Baixo(100),854,Verde,3. Médio Impacto,None,0,FALSE,FALSE,FALSE,0,Standard Delivery,2. Barato,2. Normal,05. P (XS),Vestido,"Algodão/Poliéster, Algodão/Viscose, Viscose/Algodão, Poliéster/Elastano, Poliéster, Poliéster/Viscose, Algodão",FALSE,CN,retail_maior,1080,FALSE
1031,5d42a8479ef2d22e268e050a,Cute Pajama Set Pink Bugs Bunny Cartoon Summer Short Pyjamas Women Polyester Printing Womens Clothings,9,49,100,1,3.72,109,51,14,21,9,14,"pink,Summer,Polyester,Shorts,Set,cute,printingpajama,Cartoons,Women's Fashion,Women S Clothing,pyjama,bunny,Pajamas,Women",pink,50,36,50,267,4.041198502,2. Baixo(100),744,Rosa,3. Médio Impacto,None,0,FALSE,FALSE,FALSE,1,Standard Delivery,2. Barato,2. Normal,07. M,"Pijama, Shorts","Algodão/Poliéster, Algodão/Viscose, Poliéster, Algodão",FALSE,CN,retail_maior,444,TRUE
1032,5d03176da8c15d5e4b5171e4,INCERUN Summer Mens Short Sleeve Shirts Green Blue Yellow Casual Cotton Linen Shirts Henley,15,68,1000,1,3.87,546,257,112,87,30,60,"Blues,Summer,Shorts,Shirt,Sleeve,cottonlinenshirt,Tops,short sleeves,casual shirt,henley,Casual,T Shirts,Green,Yellow,Fashion Men,Men's Shirt,linentop,Cotton",yellow,50,40,50,6775,4.184059041,3. Médio(1000),774,Laranja/Amarelo,3. Médio Impacto,Scarcity,0,FALSE,FALSE,FALSE,1,Standard Delivery,2. Barato,2. Normal,08. G (L),"Camisa, Camiseta, Shorts, Top","Algodão/Poliéster, Algodão",TRUE,CN,retail_maior,353,TRUE
1034,5e4e9219fcc85c44b0757483,3 Color Summer New Women's Fashion Sexy Ripped  Skinny Denim Short Pants Casual Shorts Hot Jeans Plus Size Women Trousers S-3XL,15,13,100,0,4.11,56,29,14,7,2,4,"Summer,Shorts,pants,Short pants,Denim,summer shorts,jean shorts,Women's Fashion,Plus Size,Denim Shorts,women trousers,sexy,Jeans,Women,Fashion,Casual,trousers,hotcasual",lightblue,50,41,50,2166,4.030470914,2. Baixo(100),822,Azul,3. Médio Impacto,None,0,FALSE,FALSE,FALSE,0,Standard Delivery,2. Barato,2. Normal,08. G (L),"Jeans, Calça, Shorts","Algodão/Poliéster, Denim, Poliéster/Elastano, Algodão",FALSE,CN,price_maior,-13,FALSE
1035,5e6a049b22948f5de207447e,lus Size Summer Women's Fashion V-neck Print Sleeveless Tunic Tops Vest Tank Tops S-8XL_Y,11,54,1000,1,3.93,90,42,21,13,7,7,"Summer,Vest,Plus Size,Tank,tunic,Tops,tank top,Print,Women's Fashion,Printing,blousetop,V-neck,sleeveless,Fashion,Casual",red,36,29,50,11401,4.093588282,3. Médio(1000),786,Vermelho,4. Alto Impacto,None,0,FALSE,FALSE,FALSE,1,Standard Delivery,2. Barato,2. Normal,06. P (S),"Blusa, Regata, Top, Túnica","Poliéster/Viscose, Algodão/Poliéster, Poliéster, Algodão, Algodão/Viscose",FALSE,CN,retail_maior,391,TRUE
1036,5ad6b4271e520e4c8fffe172,Women's Boho Floral Chiffon Summer Party Evening Beach Short Mini Dress Sundress,14,84,100,0,3.79,103,47,20,16,7,13,"bobo,Mini,Fashion,chiffon,Summer,Beach,Dress,summer dress,boho,Floral dress,Mini dress,beach dress,Shorts,party,maxi dress,Floral,sleeveless,Women's Fashion,evening party dress",black,50,49,50,29265,4.288399112,2. Baixo(100),758,Preto,4. Alto Impacto,None,0,FALSE,FALSE,FALSE,0,Standard Delivery,2. Barato,2. Normal,06. P (S),"Vestido, Shorts","Algodão/Poliéster, Algodão/Viscose, Poliéster, Poliéster/Viscose, Viscose/Poliéster, Poliéster/Elastano, Algodão",FALSE,CN,retail_maior,500,FALSE
1037,58aae24ddd127b534be35ae8,US Size Without Belt Summer Shorts Women Vintage Club Jeans Denim Shorts Pant(Not included belt),16,56,5000,0,4.01,781,433,132,80,59,77,"Summer,Fashion Accessory,Shorts,skull,pants,Vintage,Denim,Women's Fashion,Hot pants,Hip Hop,Plus Size,Denim Shorts,sexy,Jeans,Fashion,Women Fashion,Women",no_color_specified,50,18,50,12083,4.266738393,4. Alto(10000),802,Não Informado,0. Não Informado,Scarcity,0,FALSE,FALSE,FALSE,0,Standard Delivery,2. Barato,2. Normal,05. P (XS),"Jeans, Calça, Shorts","Denim, Algodão/Poliéster, Poliéster/Elastano, Algodão, Algodão/Denim",TRUE,CN,retail_maior,250,FALSE
1038,5cf0a87f2202a759d6ddb369,NEW Women Casual Off Shoulder Lace Collar Blouse Loose Solid Color T Shirt Plus Size,6,6,20000,1,3.97,2564,1281,538,365,147,233,"blouse,Summer,Plus Size,off the shoulder top,Lace,topsamptshirt,Collar,Women's Fashion,Fashion,Loose,topsampblouse,Women,Casual,Shirt",skyblue,50,35,50,12974,3.965700632,5. Muito Alto(20000),794,Azul,3. Médio Impacto,None,0,FALSE,FALSE,FALSE,1,Standard Delivery,2. Barato,2. Normal,08. G (L),"Blusa, Camisa, Top","Poliéster/Viscose, Algodão/Poliéster, Renda, Algodão",FALSE,CN,iguais,0,TRUE
1039,5ce262d24db1576e365454d1,Sling Jumpsuit Women Printed Jumpsuit Summer Small Fresh Jumpsuit,13,11,1000,0,3.47,487,187,78,82,59,81,"Summer,Plus Size,Loose,floralprinted,Women's Fashion,off shoulder,printed,summerjumpsuit,loosejumpsuit,sleeveless,Women,Women's Jumpsuits,Casual,jumpsuit",prussianblue,50,14,50,3670,3.978746594,3. Médio(1000),694,Azul,3. Médio Impacto,None,0,FALSE,FALSE,FALSE,0,Standard Delivery,2. Barato,2. Normal,06. P (S),"Macacão, Conjunto/Terno","Algodão/Poliéster, Poliéster/Viscose, Poliéster/Elastano, Poliéster, Poliéster/Algodão, Algodão",FALSE,CN,price_maior,-15,FALSE
1040,5d78933775c1735981cf4c25,New Fashion Women Round Neck Summer Polka Dot Printed Sleeveless Dress Ladies Casual Mid-length Plus Size Dress,3.86,4,100,1,3.48,23,9,4,2,5,3,"Summer,Plus Size,Necks,Dress,Polkas,Round neck,Women's Fashion,Fashion,polka dot,Sleeveless dress,Ladies,sleeveless,printed,Casual,Women",green,1,49,50,55670,4.121483743,2. Baixo(100),696,Verde,3. Médio Impacto,Scarcity,0,FALSE,FALSE,FALSE,1,Standard Delivery,2. Barato,2. Normal,06. P (S),Vestido,"Algodão/Poliéster, Poliéster, Algodão/Viscose, Algodão",TRUE,CN,retail_maior,4,TRUE
1041,5bbd48c6cde8402bfd4e18e0,Women Sleeveless Vest Tank Top Shirt Casual Faith Letter Print Loose T-shirt Blouse Cotton Round Neck Graphic Tee,3.74,55,10000,1,4.23,1416,852,267,147,68,82,"Women Vest,Vest,Fashion,tunic top,letter print,tank top,Women's Fashion,sleeveless,Tank,Casual,Shirt,blouse,Cotton,cottontee,Printed Tee,graphic tee,Tops,sleevelessvest,T Shirts,Round neck,Necks,Print,loose t-shirt,Women",grey,50,41,50,37956,4.030377279,4. Alto(10000),846,Cinzento,2. Baixo a Médio Impacto,Scarcity,1,FALSE,TRUE,FALSE,1,Standard Delivery,2. Barato,2. Normal,06. P (S),"Blusa, Camiseta, Camisa, Regata, Top, Túnica, Colete","Poliéster/Viscose, Algodão/Poliéster, Algodão, Poliéster, Algodão/Viscose",TRUE,CN,retail_maior,1371,TRUE
1042,5e9167baf5ad2a474363ebaf,Sexy Women's Summer Casual Sleeveless Evening Party Backless Beachwear Mini Dress,7,9,100,0,3.23,43,14,6,9,4,10,"Mini,womens dresses,Summer,sleevele,Dress,Mini dress,Women's Fashion,Fashion,backless,party,sexy,summer dresses,Women S Clothing,Casual,sleeveless",apricot,1,40,50,7363,4.106342523,2. Baixo(100),646,Tons Neutros,2. Baixo a Médio Impacto,None,0,FALSE,FALSE,FALSE,0,Standard Delivery,2. Barato,2. Normal,04. PP (XXS),Vestido,"Poliéster/Elastano, Algodão/Poliéster, Poliéster, Algodão/Viscose, Algodão",FALSE,CN,retail_maior,29,FALSE
1045,5d3591931958cd77befe429b,New Summer Women's Fashion New Sleeveless Polka Dot V-neck Strap Mini Backless Casual Top Dresses,12,11,100,0,4.09,11,7,1,1,1,1,"Mini,Fashion,Summer,V Neckdress,Dress,backless dress,V-neck,Mini dress,beach dress,polka dot dress,Casual,loosedresse,Tops,summer dress,Polkas,spaghettistrapdre,Cotton Dress,Sleeveless dress,backless,sleeveless,Women's Fashion,polka dot",black,50,84,50,1770,3.933898305,2. Baixo(100),818,Preto,4. Alto Impacto,None,0,FALSE,FALSE,FALSE,0,Standard Delivery,2. Barato,2. Normal,07. M,"Vestido, Top","Poliéster/Elastano, Algodão/Poliéster, Algodão/Viscose, Algodão, Poliéster",FALSE,CN,price_maior,-8,FALSE
1046,5e9e9f8aca869939b544a886,16 Color Fashion Women Casual Sleeveless Camisoles Loose T-shirts with Ziper Deep V-neck Blouses Ladies Chiffon Shirts Tank Tops ,7,6,100,0,3.65,20,8,5,2,2,3,"Deep V-Neck,Fashion,chiffon,V-neck,Women's Fashion,camisolestanktop,Casual Tops,Tank,Casual,ladiessleevelesstop,blouse,tops shirts for women,Shirt,Tops,Womens Blouse,T Shirts,Womens T Shirts,women chiffon shirt,sumnerblouseforwomen,Ladies,sexy shirts for women,Women,sleeveless",red,50,18,50,24,3.625,2. Baixo(100),730,Vermelho,4. Alto Impacto,None,0,FALSE,FALSE,FALSE,0,Standard Delivery,2. Barato,2. Normal,05. P (XS),"Blusa, Camisete, Top, Camisa, Camiseta","Poliéster/Viscose, Algodão/Poliéster, Poliéster, Poliéster/Elastano, Algodão",FALSE,CN,price_maior,-14,FALSE
1047,5ab891d5dc0c2851135824d7,Fashion Sexy Women Bikini Leaf Printed Two Piece Split Bikini Set Swimwear Beach Swimsuit Bathing Suit,8,22,1000,0,3.74,638,266,135,119,41,77,"Summer,Fashion,leaf,bathing suit,Women's Fashion,Swimsuit,Swimwear,Bikini,splits,Women,Suits,sexy,Swimming,Beach,printed",white,50,44,50,9034,4.191166704,3. Médio(1000),748,Branco,1. Baixo Impacto,Scarcity,0,FALSE,FALSE,FALSE,0,Standard Delivery,2. Barato,2. Normal,06. P (S),"Biquíni, Conjunto/Terno, Maiô/Biquíni, Moda Praia","Algodão/Poliéster, Nilon/Elastano, Poliéster, Poliéster/Elastano, Poliéster/Algodão, Algodão",TRUE,CN,retail_maior,175,FALSE
1048,5e6b2dfdc8a3db48b223b701,New Women's Fashion Solid Color Shorts Summer Casual Shorts Pants Gym Shorts Beach Shorts,6,11,1000,0,4.11,76,44,11,11,5,5,"Summer,Shorts,pantsforwomen,pants,Short pants,summer shorts,women shorts,sportshort,yogashort,Women's Fashion,Fashion,sexy,shortpantsforwomen,Beach,Casual",red,50,43,50,54504,3.80168428,3. Médio(1000),822,Vermelho,4. Alto Impacto,None,0,FALSE,FALSE,FALSE,0,Standard Delivery,2. Barato,2. Normal,06. P (S),"Calça, Shorts","Algodão/Poliéster, Poliéster/Elastano, Algodão, Nilon/Elastano",FALSE,CN,retail_maior,83,FALSE
1050,5d11e3e51bb88e735249cbbb,LET It Bee Letter Print T Shirts Summer Women Funny Tee Short Sleeve O Neck Top Graphic Tee,9,8,5000,1,3.8,501,217,96,102,42,44,"cute,Shorts,Shirt,letter print,Summer,graphic tee,funnytee,Tops,short sleeves,Funny,T Shirts,Fashion,teesamptshirt,Women,Sleeve,Print,Casual Tops,o-neck,Women's Fashion,summer tops,Necks",white,50,43,50,11505,4.136723164,4. Alto(10000),760,Branco,1. Baixo Impacto,None,0,FALSE,FALSE,FALSE,1,Standard Delivery,2. Barato,2. Normal,07. M,"Top, Camisa, Camiseta, Shorts","Algodão/Poliéster, Poliéster, Algodão",FALSE,CN,price_maior,-11,TRUE
1052,5e683f1cee70ce1cf4a91d2a,2020 Women Ladies Fashion Plus Size Summer Tie Dye Print Short Sleeve One Shoulder Casual  Dress,16,14,100,1,3.73,89,39,21,10,4,15,"Summer,Plus Size,tiedyeprint,Dress,short sleeves,Mini dress,Ladies,Women's Fashion,Fashion,Tie Dye,Dyes,Casual,Women Fashion,shortsleevesdre,Shorts,one shoulder dress,Sleeve,summer dress,Women,Print,women dress,casual dress,Ladies Fashion,loose dress",yellow,50,41,50,130598,3.946790916,2. Baixo(100),746,Laranja/Amarelo,3. Médio Impacto,None,0,FALSE,FALSE,FALSE,1,Standard Delivery,2. Barato,2. Normal,07. M,"Vestido, Camiseta, Shorts","Algodão/Poliéster, Algodão/Viscose, Viscose/Algodão, Poliéster/Elastano, Poliéster, Algodão",FALSE,CN,price_maior,-12,TRUE
1054,5ea27e10bea0a402811af6a8,New Summer Fashion V-neck Heart T-shirt O Neck Loose-sleeved Top Women's Cute Fun T-shirt Plus Size,11,17,100,1,3.4,10,4,1,2,1,2,"blouse,cute,heartprint,Cotton Shirt,Shirt,Graphic Shirt,womens top,short sleeves,casual shirt,fashionshortsleeve,Women's Fashion,Fashion,V-neck,Fun,T Shirts,Necks",white,50,43,50,33855,3.917353419,2. Baixo(100),680,Branco,1. Baixo Impacto,None,0,FALSE,FALSE,FALSE,1,Standard Delivery,2. Barato,2. Normal,06. P (S),"Blusa, Camisa, Camiseta, Shorts","Poliéster/Viscose, Algodão/Poliéster, Algodão, Poliéster",FALSE,CN,retail_maior,55,TRUE
1055,5e76d7f0370e9deae7cadf87,Fashion Women Shake the Shoes Cool Summer Woman Casual Shoes Comfortable Breathable Non-Slip Shoes Height Increasing Fashion Zapatos Mujer,2,2,100,1,3.53,58,20,14,10,5,9,"Summer,Sneakers,taschendamen,Womens Shoes,breathablesportshoe,chaussurefamme,summer shoes,Casual,Women's Fashion,Fashion,Adidas,Shoes,fashionbreathableshoe,womenbreathableshoe,Women",white,1,45,50,689,4.030478955,2. Baixo(100),706,Branco,1. Baixo Impacto,Scarcity,2,TRUE,FALSE,TRUE,1,Standard Delivery,2. Barato,2. Normal,15. Calçados / Numerações,Não Especificado,"Algodão/Poliéster, Algodão",TRUE,CN,iguais,0,TRUE
1056,5e82c05c9d1cec1dfa9bf0fd,Women Summer Casual Loose Sling Dress V-neck Backless Dress Sleeveless Pockets Solid Color Maxi Dress Plus Size,8,7,1000,1,3.13,111,41,10,13,16,31,"Summer,Plus Size,long dress,Dress,summer dress,Party Dress,V-neck,Maxi Dresses,Casual,Women's Fashion,Sleeveless dress,backless,Sexy Dress,sleeveless,Women,loose dress,casual dress",grey,3,25,50,6623,4.072474709,3. Médio(1000),626,Cinzento,2. Baixo a Médio Impacto,Scarcity,0,FALSE,FALSE,FALSE,1,Standard Delivery,2. Barato,2. Normal,04. PP (XXS),Vestido,"Poliéster/Elastano, Algodão/Poliéster, Algodão/Viscose, Viscose/Poliéster, Viscose/Algodão, Poliéster, Algodão",TRUE,CN,price_maior,-12,TRUE
1057,5c63b8d97037716f81be1e89,Women Fashion Stripe Sleeveless Shirt V Neck Tank Tops Vest T Shirt,7,22,5000,1,3.79,797,349,158,149,58,83,"Women,Vest,Fashion,Tank,Shirt,Stripes,Tops,Women's Fashion,V-neck,T Shirts,tank top,sleeveless,summervest,Casual,Women Fashion,Necks",navyblue & white,17,40,50,4809,4.250155958,4. Alto(10000),758,Multicor/Estampado,1. Baixo Impacto,None,0,FALSE,FALSE,FALSE,1,Standard Delivery,2. Barato,2. Normal,06. P (S),"Camisa, Colete, Camiseta, Regata, Top","Algodão/Poliéster, Algodão",FALSE,CN,retail_maior,214,TRUE
1058,5e65e7ac35af31b8b719aa13,Summer Fashion New  Sleeveless Casual Long Dress For Women Spaghetti Strap Flower Print Dresses Knee-length Sling Casual Dress Plus Size,2,2,5000,1,3.7,355,155,69,53,25,53,"Summer,Plus Size,long dress,Dress,Spaghetti Strap,Women's Fashion,Fashion,Flowers,sleeveless,Print,flowerprint,Women,Spaghetti,Casual,casual dress",white & red,2,23,50,12309,4.045170201,4. Alto(10000),740,Multicor/Estampado,1. Baixo Impacto,None,0,FALSE,FALSE,FALSE,1,Standard Delivery,2. Barato,2. Normal,05. P (XS),Vestido,"Algodão/Poliéster, Algodão/Viscose, Viscose/Poliéster, Poliéster, Poliéster/Elastano, Algodão",FALSE,CN,iguais,0,TRUE
1059,5c2f068b53477172e3886c79, Plus Size Women Halter Striped Wide Leg Pants Casual Jumpsuit Rompers Fashion Shorts ,8,34,1000,1,4.14,429,231,102,47,21,28,"casualjumpsuit,Beach Shorts,wideleg,Fashion,Halter,pants,women Jumpsuit,Women's Fashion,Shorts,Casual,women shorts,Plus Size,Lace Up,jumpsuit,sleeveless,sexy jumpsuit,Wool,plussizeclothe,Striped,Women",navyblue,2,36,50,905,3.939226519,3. Médio(1000),828,Azul,3. Médio Impacto,None,0,FALSE,FALSE,FALSE,1,Standard Delivery,2. Barato,2. Normal,06. P (S),"Macacão, Calça, Shorts","Algodão/Poliéster, Renda, Poliéster/Elastano, Algodão",FALSE,CN,retail_maior,325,TRUE
1060,5d3120c92435742c362a09ec,Plus Size Summer Women Casual Sleeveless Rompers Jumpsuits Solid Color Suspender Ttrousers Loose Overalls,11,10,1000,1,3.73,128,54,24,28,6,16,"Deep V-Neck,Summer,Plus Size,Spaghetti Strap,Overalls,Women's Fashion,sleeveless,Women,Casual,jumpsuit",black,50,38,50,105015,3.789601486,3. Médio(1000),746,Preto,4. Alto Impacto,Scarcity,0,FALSE,FALSE,FALSE,1,Standard Delivery,2. Barato,2. Normal,17. Outros,"Macacão, Jardineira/Macacão","Algodão/Poliéster, Poliéster/Elastano, Denim, Algodão",TRUE,nao_informado,price_maior,-9,TRUE
1061,5d3fbb7edf9945238a3e858e,Women Summer Sleeveless V-neck Tops Pure Color T-shirt Casual Tank Tops Loose Button-up Blouse Lady Sleeveless Shirts Plus Size Top,5,11,100,0,3.72,54,24,11,7,4,8,"Summer,Plus Size,street style,V-neck,women summer tops,Sleeveless Shirt,Fashion,Casual T-Shirt,Casual,T Shirts,Shirt,blouse,Tank,summer tank top,Tops,Women's Fashion,woman shirt summer,Women,women tank top,sleeveless,summer t-shirts,Loose tank tops,Pure Color",green,38,17,50,4836,4.039495451,2. Baixo(100),744,Verde,3. Médio Impacto,None,0,FALSE,FALSE,FALSE,0,Standard Delivery,2. Barato,2. Normal,06. P (S),"Blusa, Camiseta, Camisa, Top, Regata","Poliéster/Viscose, Algodão/Poliéster, Algodão",FALSE,CN,retail_maior,120,FALSE
1062,588c54fb6661e84246a8aa71,Sexy Women Camouflage Print Bandage Push-up Swimsuit Bathing Suit Bikini Set,6,6,10000,0,4.29,2808,1789,459,300,110,150,"bathing suit,Fashion,fashion swimsuit,bikini set,Halter,sexy bikini,Women's Fashion,camouflage,Swimsuit,Bikini,t,Suits,Print,sexy,Women,camouflageprint,Swimming",no_color_specified,50,39,50,33675,4.314149963,4. Alto(10000),858,Não Informado,0. Não Informado,Scarcity,3,TRUE,TRUE,TRUE,0,Express Shipping,3. Médio,1. Express,06. P (S),"Biquíni, Conjunto/Terno, Maiô/Biquíni","Algodão/Poliéster, Nilon/Elastano, Poliéster, Poliéster/Elastano, Poliéster/Algodão, Algodão",TRUE,CN,iguais,0,FALSE
1063,5e689c86003bf60050ae0be1,Summer Women's Fashion Elastic Waist 3/4 Jogging Capri Hose Strass Dance Paisley Drawstring Casual Sport Fitness Pants,12,13,5000,1,3.91,192,104,25,28,12,23,"Women Pants,capripant,elastic waist,Waist,Elastic,pants,Summer,Fitness,jogging,harem pants,Women's Fashion,trousers,34pant,Sport,Fashion,Casual",lightpink,50,42,50,571,4.017513135,4. Alto(10000),782,Rosa,3. Médio Impacto,None,0,FALSE,FALSE,FALSE,1,Standard Delivery,2. Barato,2. Normal,08. G (L),Calça,"Algodão/Poliéster, Elastano, Algodão",FALSE,CN,retail_maior,8,TRUE
1064,5e3a58fbab71890480516a09,Summer New Women's Fashion Let's Rock Graphic Letter Printing Casual Sleeveless Tank Tops Vest S-5XL,6,6,100,1,4.27,15,8,5,1,0,1,"Summer,Vest,Fashion,Tank,Shirt,Tops,topsamptshirt,women tank,Women's Fashion,rockandroll,sleeveless tops,sleeveless,Casual",green,3,43,50,2988,3.896921017,2. Baixo(100),854,Verde,3. Médio Impacto,None,0,FALSE,FALSE,FALSE,1,Standard Delivery,2. Barato,2. Normal,05. P (XS),"Camisa, Top","Algodão/Poliéster, Algodão",FALSE,CN,iguais,0,TRUE
1065,5cc2d24035b846634f67558a,Women Loose Casual Solid color Plus Size V neck summer Sleeve dress Tunic dress,11,10,5000,0,3.64,829,343,157,139,68,122,"Summer,Plus Size,tunic,Necks,Sleeve,Dress,Tunic dress,Loose,V-neck,Women's Fashion,Sleeveless dress,sleeve dress,solid color,strapdre,Casual,Women",black,50,24,50,10474,3.908535421,4. Alto(10000),728,Preto,4. Alto Impacto,Scarcity,0,FALSE,FALSE,FALSE,0,Standard Delivery,2. Barato,2. Normal,06. P (S),"Vestido, Túnica","Algodão/Poliéster, Algodão/Viscose, Algodão",TRUE,CN,price_maior,-9,FALSE
1066,5d282b01d750b778c045c9f1,Summer Hollow Out Beach Coat For Women Deep V-Neck Lace Dresses Bikini Blouse Sun Protection Clothing,8,7,1000,1,4.43,398,274,70,26,8,20,"blouse,Deep V-Neck,Fashion,Lace,Summer,beach coverup,Dress,summer dress,beach wear,V-neck,Swimsuit,Bikini,beachcoat,Women's Fashion,Coat,Clothing,sun protection swimwear,Beach,Swimsuit Cover,Women",white,9,39,50,816,4.181372549,3. Médio(1000),886,Branco,1. Baixo Impacto,None,0,FALSE,FALSE,FALSE,1,Standard Delivery,2. Barato,2. Normal,05. P (XS),"Moda Praia, Biquíni, Blusa, Casaco, Vestido, Maiô/Biquíni","Algodão/Poliéster, Nilon/Elastano, Poliéster/Viscose, Poliéster/Algodão, Poliéster, Poliéster/Elastano, Renda, Algodão/Viscose, Algodão",FALSE,CN,price_maior,-12,TRUE
1067,5eb63e65f98a3634f4d430b3,Summer Print Dress Women's Round Neck Short Sleeve Casual Loose  Vintage Dress,2,2,100,1,2.44,9,1,2,0,3,3,"Summer,Plus Size,Necks,Sleeve,Vintage,Dress,short sleeves,Floral dress,Casual,Round neck,Print,Women's Fashion,Shorts,print dress,Floral,women dress,loose dress",armygreen,50,42,50,26951,4.035360469,2. Baixo(100),488,Verde,3. Médio Impacto,Scarcity,0,FALSE,FALSE,FALSE,1,Standard Delivery,2. Barato,2. Normal,03. PP (XXXS),"Vestido, Camiseta, Shorts","Algodão/Poliéster, Poliéster/Viscose, Viscose/Algodão, Poliéster, Algodão, Algodão/Denim",TRUE,CN,iguais,0,TRUE
1068,5b22ee2dcf612a12962a84f6,Summer Women Sexy Solid Color O-neck Sleeveless Tops Loose Pleated Cotton Blouse Plus Size T Shirt Fashion Casual Tank Tops S-6XL,5.66,5,20000,0,4.14,2927,1646,564,389,145,183,"blouse,Summer,o-neck,Tops & Blouses,Shirt,Tank,Pleated,Tops,tank top,Women's Fashion,Plus Size,sleeveless tops,Women,sexy,loose t-shirt,women top,Fashion,Casual,sleeveless,Cotton",purple,14,29,50,8205,4.195856185,5. Muito Alto(20000),828,Roxo,3. Médio Impacto,None,0,FALSE,FALSE,FALSE,0,Standard Delivery,2. Barato,2. Normal,06. P (S),"Blusa, Camiseta, Camisa, Top, Regata","Poliéster/Viscose, Algodão/Poliéster, Algodão, Poliéster/Elastano",FALSE,CN,price_maior,-12,FALSE
1070,5c88aede7d6c6a218ce2b312,Spring Summer Ladies Casual Loose Solid Tank Jumpsuit Long Suspender Overalls Bib Pants Plus Size XS-5XL,14,12,1000,1,3.61,548,225,102,89,46,86,"Summer,trousers,Tank,pants,Spring,Overalls,Casual,baggypant,Ladies,Women's Fashion,Plus Size,sleevelessjumpsuit,bibpant,loosejumpsuit,women Jumpsuit,jumpsuitsampromper,jumpsuit",navyblue,29,26,50,40457,3.96032825,3. Médio(1000),722,Azul,3. Médio Impacto,Scarcity,0,FALSE,FALSE,FALSE,1,Standard Delivery,2. Barato,2. Normal,06. P (S),"Macacão, Jardineira/Macacão, Calça, Conjunto/Terno","Algodão/Poliéster, Denim, Poliéster/Algodão, Algodão",TRUE,CN,price_maior,-14,TRUE
1071,5df1d0a2c7f18f0857cc1798,Summer Women Short Sleeved Casual Sleeveless Stripe T Shirts Dress Tunic Waist Dresses Beach Vestido Plus Size XS-8XL,9,8,5000,0,3.9,613,311,109,83,43,67,"Summer,Plus Size,women dresses,long dress,Evening Dress,Dress,casual dresses,beach dress,Stripes,sleeveless,summer dresses,Casual,casual dress,Shorts,tunic,Shirt,Waist,summer dress,Women's Fashion,Sleeveless dress,women dress,Women,Beach",red,50,21,50,4335,4.057208766,4. Alto(10000),780,Vermelho,4. Alto Impacto,None,0,FALSE,FALSE,FALSE,0,Standard Delivery,2. Barato,2. Normal,05. P (XS),"Vestido, Camisa, Shorts, Túnica","Algodão/Poliéster, Algodão/Viscose, Viscose/Poliéster, Algodão",FALSE,CN,price_maior,-11,FALSE
1073,5ecf5d30e9f82b433471be88,2020 Women's Fashion Long Dress Summer Party Sling Dress Casual Slim Fit Sleeveless Dresses Ladies Flower Printed Cotton Dress Big Swing Beach Maxi Dress Plus Size XS-8XL,11,10,100,0,4.75,4,3,1,0,0,0,"Summer,Fashion,halter dress,Print Dresses,women dresses,long dress,plus size dress,Dress,slim,Women's Fashion,Plus Size,printed,summer dresses,Party Dresses,Casual,casual dress,slim dress,Flowers,Slim Fit,Cotton Dress,Sleeveless dress,long dresses,Ladies,party,Cotton,Beach,sleeveless",black,4,20,50,10286,3.696577873,2. Baixo(100),950,Preto,4. Alto Impacto,None,0,FALSE,FALSE,FALSE,0,Standard Delivery,2. Barato,2. Normal,05. P (XS),Vestido,"Algodão/Poliéster, Algodão/Viscose, Algodão, Viscose/Poliéster, Poliéster, Poliéster/Elastano, Poliéster/Viscose, Algodão/Elastano",FALSE,CN,price_maior,-9,FALSE
1074,5e04554af2db2e0211989d36,2020 Summer & Winter Carp Fishing 3D Over Printed Clothes Cool Men Fish T-Shirt,7,34,100,1,4.52,106,77,16,7,3,3,"Summer,Fashion,casualclothing,fashionshortsleeve,fish,Men,Fishing,short sleeves,fashion clothing,Men's Fashion,3D T-shirt,printed,Clothes,T Shirts,Winter",multicolor,50,35,50,1269,4.150512214,2. Baixo(100),904,Multicor/Estampado,4. Alto Impacto,None,1,FALSE,TRUE,FALSE,1,Standard Delivery,2. Barato,2. Normal,05. P (XS),"Camisa, Camiseta, Shorts","Algodão/Poliéster, Poliéster, Algodão",FALSE,CN,retail_maior,386,TRUE
1076,5ca084765e18c31890903f2a,2019 Summer Women‘s’ Fashion  Lace Up Tie Pants  Plus Size Casual High Waist Short Pants(S-5XL),3.92,4,20000,1,3.76,4367,1975,793,682,397,520,"Summer,Plus Size,high waist,pants,Waist,Short pants,Yellow,Shorts,Women's Fashion,Fashion,Lace Up,Lace,Casual,Women",black,7,36,50,55499,4.138885385,5. Muito Alto(20000),752,Preto,4. Alto Impacto,Scarcity,0,FALSE,FALSE,FALSE,1,Standard Delivery,2. Barato,2. Normal,07. M,"Calça, Shorts","Algodão/Poliéster, Renda, Algodão",TRUE,CN,retail_maior,2,TRUE
1077,58e85a652ab02a1908608ab8,Women Summer Sleeveless Lace Casual Evening Party Cocktail Short Mini Dress,8,84,10000,0,3.31,1554,528,283,245,144,354,"Summer,sleeveless,Shorts,Lace,Cocktail,Mini,Dress,Lace Dress,V Neckdress,Women's Fashion,Mini dress,beach dress,Party Dress,lacedresswhite,party,Casual,evening party dress,Women",white,50,37,50,80713,4.187813611,4. Alto(10000),662,Branco,1. Baixo Impacto,None,0,FALSE,FALSE,FALSE,0,Standard Delivery,2. Barato,2. Normal,06. P (S),"Vestido, Shorts","Algodão/Poliéster, Algodão/Viscose, Renda, Poliéster/Elastano, Poliéster, Algodão",FALSE,CN,retail_maior,950,FALSE
1078,5c1b6e19c96aa87c20e6a32c,Summer Holidy Lady Floral Printed Dress Sexy Deep V-Neck Sleeveless Party Mini Dress,16,14,1000,0,3.16,370,114,55,72,35,94,"Deep V-Neck,Mini,Summer,Dress,summer dress,Women's Fashion,Floral dress,Mini dress,beach dress,Party Dress,V-neck,party,sleeveless,Floral,women dress,sexy,V-neck Dresses,printed",lightblue,47,27,50,47356,4.056888251,3. Médio(1000),632,Azul,3. Médio Impacto,None,0,FALSE,FALSE,FALSE,0,Standard Delivery,2. Barato,2. Normal,06. P (S),Vestido,"Algodão/Poliéster, Algodão/Viscose, Poliéster/Elastano, Poliéster/Viscose, Poliéster, Algodão",FALSE,CN,price_maior,-12,FALSE
1079,5bf651b7107ad060df8d82fd,Women Summer Tassel Patchwork Loose Dress Sexy Short Sleeve Off Shoulder Halter Dress Plus Size S-5XL,8,7,1000,0,3.98,234,126,43,27,10,28,"Summer,Tassels,Plus Size,halter dress,Halter,Sleeve,Dresses,Pleated,summer dress,short sleeves,Mini dress,tasseldre,Shorts,off shoulder,sexy,Dress,women dress,Women,Women's Fashion,loose dress,casual dress",purple,3,27,50,47356,4.056888251,3. Médio(1000),796,Roxo,3. Médio Impacto,Scarcity,0,FALSE,FALSE,FALSE,0,Standard Delivery,2. Barato,2. Normal,05. P (XS),"Vestido, Camiseta, Shorts","Algodão/Poliéster, Algodão/Viscose, Viscose/Algodão, Poliéster/Elastano, Algodão",TRUE,CN,price_maior,-12,FALSE
1082,5d5df4f9ab3178058cbd5906,Women Summer Autumn Printed Plus Size Loose Casual Trousers Harlon Pants Long Pants,11,10,100,0,3.24,96,31,15,15,16,19,"Summer,trousers,casualtrouser,Casual pants,pantsforwomen,Long pants,pantalonfemme,pants,widelegpant,baggypant,harem pants,Women's Fashion,Plus Size,women yoga pants,printed,Casual,Women",armygreen,50,40,50,2282,4.210341805,2. Baixo(100),648,Verde,3. Médio Impacto,None,0,FALSE,FALSE,FALSE,0,Standard Delivery,2. Barato,2. Normal,06. P (S),Calça,"Algodão/Poliéster, Poliéster, Algodão, Nilon/Elastano",FALSE,CN,price_maior,-9,FALSE
1083,5be393792655325c8004cf82,Women's Sleeveless Floral Print Ruffle Tops Ladies Summer Fashion Casual Bandages Camisole Tunic Top Blouse  Plus Size S-5XL,11,10,10000,0,4.02,2050,1089,392,268,126,175,"Summer,Fashion,ruffle,tunic top,Spaghetti Strap,tank top,Cool T-Shirts,Women's Fashion,Plus Size,sleeveless tops,Summer Fashion,tunic,Casual,blouse,Floral print,Tops,ruffle crop top,Floral,Print,sleeveless,Ladies,tops for women",white,50,41,50,21485,4.146241564,4. Alto(10000),804,Branco,1. Baixo Impacto,None,1,TRUE,FALSE,FALSE,0,Standard Delivery,2. Barato,2. Normal,06. P (S),"Blusa, Camiseta, Camisa, Top, Regata, Túnica","Poliéster/Viscose, Algodão/Poliéster, Algodão, Poliéster, Poliéster/Elastano, Algodão/Viscose",FALSE,CN,price_maior,-9,FALSE
1085,5e9bf36aecb3b56809e83a36,Women Summer Casual Platform Wedge Sandals Open Toe Shoes Ankle Strap Sandals Plus Size 35-43,16,16,100,0,3.82,50,26,7,7,2,8,"wedge,sandals for women,Sandals,Platform Shoes,Womens Shoes,Summer,Plus Size,Women's Fashion,espadrille,sandaliasfeminina,open toe,Shoes,Ankle Strap,Ankle,Wedge Sandals,Casual,Women",white,50,25,50,7676,4.039473684,2. Baixo(100),764,Branco,1. Baixo Impacto,None,0,FALSE,FALSE,FALSE,0,Standard Delivery,2. Barato,2. Normal,15. Calçados / Numerações,Não Especificado,"Algodão/Poliéster, Algodão",FALSE,CN,iguais,0,FALSE
1086,5eaba913c039171aeb0732f8,Summer Fashion Womens Print 2pc Set Ladies Casual Round Neck Short Sleeve T Shirt and Shorts,14,51,100,0,3.75,36,18,5,4,4,5,"Summer,Shorts,Shirt,Sleeve,sportsset,short sleeves,Two piece set,Round neck,Ladies,women shorts,Fashion,women t shirt,Casual,Print,tracksuitsforwomen,runningset,Necks",black,50,42,50,16885,3.897897542,2. Baixo(100),750,Preto,4. Alto Impacto,None,0,FALSE,FALSE,FALSE,0,Standard Delivery,2. Barato,2. Normal,06. P (S),"Camisa, Camiseta, Shorts, Conjunto/Terno","Algodão/Poliéster, Poliéster, Poliéster/Algodão, Algodão",FALSE,CN,retail_maior,264,FALSE
1087,5ef2f90ca888ba40baf3bd16,XS-8XL Women's Fashion Summer Dresses Polka Dot Printed V-neck Dress Casual Party Dress Elegant Ladies Loose Cotton Dresses Plus Size Short Sleeve Dresses,3,7,100,1,3.67,6,2,2,0,2,0,"Summer,Plus Size,Print Dresses,plus size dress,Dress,casual dresses,V-neck,short sleeves,Elegant,Women's Fashion,Party Dress,printed,Elegant Dress,Casual,Cotton,party,Shorts,Sleeve,polka dot,summer dress,Polkas,Cotton Dress,Ladies,women dress,Short Sleeved,Fashion,loose dress",grey,5,19,50,1284,3.975077882,2. Baixo(100),734,Cinzento,2. Baixo a Médio Impacto,None,0,FALSE,FALSE,FALSE,1,Standard Delivery,2. Barato,2. Normal,05. P (XS),"Vestido, Camiseta, Shorts","Algodão/Poliéster, Algodão/Viscose, Algodão, Viscose/Algodão, Poliéster, Poliéster/Elastano, Poliéster/Viscose",FALSE,CN,retail_maior,133,TRUE
1089,5c837b60bec7771428a98865,Summer Fashion Women Sexy Sleeveless Shirt V-Neck Casual Cotton Button Tank Tops,5.82,58,1000,1,3.93,623,295,147,81,44,56,"blouse,Summer,Cotton,Plus Size,Tank,Shirt,Tops,topsamptshirt,Women's Fashion,casual shirt,Casual,T Shirts,Fashion,sleeveless tops,Women,sleeveless,V-neck,sexy,Loose tank tops,button,vneckshirt",orange,50,61,50,1663,4.071557426,3. Médio(1000),786,Laranja/Amarelo,3. Médio Impacto,None,0,FALSE,FALSE,FALSE,1,Standard Delivery,2. Barato,2. Normal,06. P (S),"Blusa, Camisa, Top, Camiseta, Regata","Poliéster/Viscose, Plástico/Metal, Algodão/Poliéster, Algodão, Poliéster/Elastano",FALSE,CN,retail_maior,897,TRUE
1091,5ec39565bb9e684ea7371e7c,Women Fashion Loose Casual Sleeveless Floral Print Round Neck Tops Summer Vest Camisole Casual Plus Size Loose Tank Tops,11,17,100,0,4.67,3,2,1,0,0,0,"Summer,Vest,Fashion,Floral print,camisole,Tank,Tops,Loose,Print,Round neck,Floral,Women's Fashion,Plus Size,Women,women clothes,sleeveless,womens tank tops,Casual,Necks",red,50,14,50,1279,3.70758405,2. Baixo(100),934,Vermelho,4. Alto Impacto,None,0,FALSE,FALSE,FALSE,0,Standard Delivery,2. Barato,2. Normal,06. P (S),"Camisete, Regata, Top","Algodão/Poliéster, Poliéster/Viscose, Poliéster, Algodão",FALSE,CN,retail_maior,55,FALSE
1092,5d22a5c3b1ae313fdb4801da,Fashion Women Round Neck Summer Polka Dot Printed Sleeveless Dress Ladies Casual Mid-length Plus Size Dress,11,10,5000,1,3.87,901,400,210,144,64,83,"Summer,Plus Size,Necks,Dresses,polka dot,Polkas,Round neck,Ladies,Women's Fashion,Sleeveless dress,printed,sleeveless,Dress,summer dresses,Fashion,Casual,Women",green,50,35,50,12441,3.924684511,4. Alto(10000),774,Verde,3. Médio Impacto,Scarcity,0,FALSE,FALSE,FALSE,1,Standard Delivery,2. Barato,2. Normal,06. P (S),Vestido,"Algodão/Poliéster, Poliéster, Algodão/Viscose, Algodão",TRUE,CN,price_maior,-9,TRUE
1093,5eb24bea7fc03e380f0509a1,Plus Size S-5XL Slim Fit Casual Classic Shorts Jeans Summer Sexy Women's Fashion High Waist Washed Denim Shorts,1.86,2,1000,1,3.78,36,20,2,5,4,5,"Women Pants,womens jeans,Fashion,Summer,Denim,slim,Hot pants,Women's Fashion,Plus Size,sexy,Casual,Slim Fit,Shorts,Waist,skinnyshort,Classics,Short pants,summerpant,Denim Shorts,high waist,solid color,Jeans",black,50,42,50,45524,3.972937352,3. Médio(1000),756,Preto,4. Alto Impacto,Scarcity,0,FALSE,FALSE,FALSE,1,Standard Delivery,2. Barato,2. Normal,03. PP (XXXS),"Jeans, Calça, Shorts","Algodão/Poliéster, Denim, Poliéster/Elastano, Algodão/Elastano, Algodão",TRUE,CN,retail_maior,8,TRUE
1095,5eb4dc8ec1231404c92d7eae,Summer 2020 Fashionable Women's Solid Color Vest Sleeveless Halter V-Neck Top,8,33,50,1,5,0,0,0,0,0,0,"Mini,Vest,Fashion,Tank,Halter,Summer,womemstop,Tops,tank top,#top #crop,tankvest,V-neck,sleeveless",khaki,50,41,50,9395,4.110058542,2. Baixo(100),1000,Tons Neutros,2. Baixo a Médio Impacto,None,0,FALSE,FALSE,FALSE,1,Standard Delivery,2. Barato,2. Normal,06. P (S),"Regata, Top","Algodão/Poliéster, Algodão",FALSE,CN,retail_maior,312,TRUE
1096,5efc475047f98d45ef7fa1f2,NEW Summer Women s Fashion Loose Shorts Elastic Waist Short Pants Casual Shorts,3.71,5,10,0,5,1,1,0,0,0,0,"Summer,baggyshort,Shorts,Waist,Elastic,beachpant,casualshort,Short pants,pants,summer shorts,elasticshort,Womens shorts,solidcolorshort,Women's Fashion,elastic waist,strappingshort,Fashion,Casual,plussizeshort,Women",black,15,135,50,60,4.2,1. Micro(10),1000,Preto,4. Alto Impacto,None,0,FALSE,FALSE,FALSE,0,Standard Delivery,2. Barato,2. Normal,05. P (XS),"Calça, Shorts","Algodão/Poliéster, Elastano, Algodão",FALSE,CN,retail_maior,35,FALSE
1097,5cf10d573818e44a8e42f255,Summer Beach Wear V-neck Dress Women's Sleeveless Boho Mini Dress,11,28,100,1,3.93,107,48,25,20,7,7,"Mini,Summer,slingdres,summer dress,Women's Fashion,V-neck,Mini dress,boho,beach dress,Sleeveless dress,boho dress,sleeveless,backless,Beach,Dress,casual dress",no_color_specified,2,44,50,435,4.186206897,2. Baixo(100),786,Não Informado,0. Não Informado,None,0,FALSE,FALSE,FALSE,1,Standard Delivery,2. Barato,2. Normal,07. M,Vestido,"Poliéster/Elastano, Algodão/Poliéster, Algodão/Viscose, Viscose/Poliéster",FALSE,CN,retail_maior,155,TRUE
1098,5e8d78b38a5fed4a5a026712,Women's Fashion Spring and Summer O-neck Cotton T-shirt Loose Printed Blouse Casual Short Sleeve Tops Ladies Fashion Plus Size Shirt,5,5,1000,1,4.13,103,59,18,14,4,8,"blouse,Summer,Plus Size,Cotton,Shirt,Sleeve,Spring,Tops,slim,short sleeves,Women's Fashion,Shorts,printed,Ladies,o-neck,Fashion,Casual,T Shirts,Ladies Fashion",winered,50,48,50,32168,3.884543646,3. Médio(1000),826,Vermelho,4. Alto Impacto,Scarcity,0,FALSE,FALSE,FALSE,1,Standard Delivery,2. Barato,2. Normal,06. P (S),"Blusa, Camisa, Camiseta, Shorts, Top","Poliéster/Viscose, Algodão/Poliéster, Algodão, Poliéster, Algodão/Elastano",TRUE,CN,iguais,0,TRUE
1099,5d1ea4a4c3467e6294d1ad0c,2019 Women Fashion Summer Beach Vintage Floral Print Chiffon Dress Camisole Mini Dresses,11,13,100,0,3.87,46,22,9,8,1,6,"Mini,Fashion,Floral print,chiffon,Summer,chiffon dress,plus size dress,Tunic dress,beach dress,Floral dress,Floral,Women's Fashion,Vintage,Print,Beach,Dress,Women",navyblue,50,41,50,27964,3.948612502,2. Baixo(100),774,Azul,3. Médio Impacto,None,0,FALSE,FALSE,FALSE,0,Standard Delivery,2. Barato,2. Normal,06. P (S),"Vestido, Túnica","Algodão/Poliéster, Algodão/Viscose, Poliéster, Poliéster/Viscose, Algodão, Algodão/Denim",FALSE,CN,retail_maior,18,FALSE
1101,5e9e82ea36d82c2330c1b363,Women's Fashion Country Girl Deer Hunting Printed Slim Fit Leggings,13,43,1000,0,4.31,65,44,7,8,2,4,"Leggings,countrygirllegging,high waist,Hunting,Slim Fit,Deer,Printed Leggings,Women's Fashion,Fashion,gothic,printed,deerhuntingprinted,slim,Casual",green,50,40,50,6256,4.101182864,3. Médio(1000),862,Verde,3. Médio Impacto,Scarcity,1,FALSE,TRUE,FALSE,0,Standard Shipping,2. Barato,2. Normal,06. P (S),Não Especificado,"Algodão/Poliéster, Poliéster, Algodão/Elastano, Algodão",TRUE,CN,retail_maior,231,FALSE
1102,5abc519e3c1dc61e44e0667f,2018 Women Cool T-shirt Funny 3d Tshirt Print Two Cat Short Sleeve Summer Tops Tees Teen Graphic Tee Cute Shirt Funny Gifts,8,11,10000,1,4.28,3345,2045,648,354,127,171,"teen,Funny,short sleeves,Shorts,Shirt,Sleeve,cute,graphic tee,Tops,Tee,Cats,womens clothes,T Shirts,Fashion,Print,Girl,Women's Fashion,Women",no_color_specified,50,36,50,20169,4.258515544,4. Alto(10000),856,Não Informado,0. Não Informado,Scarcity,1,FALSE,TRUE,FALSE,1,Standard Delivery,2. Barato,2. Normal,06. P (S),"Camisa, Camiseta, Shorts, Top","Algodão/Poliéster, Poliéster, Algodão",TRUE,CN,retail_maior,38,TRUE
1103,5707400fae8c9365ccb888bd,Sexy Women Bandage Bikini Set Swimsuit Swimwear Bathing Suit,13,11,10000,0,3.9,1184,572,222,192,99,99,"bathing suit,Fashion,bikini set,Suits,Swimwear,Swimsuit,Bikini,bandage bikini,sexy,Swimming,Women's Fashion,Women",purple,50,52,50,9981,4.308385933,4. Alto(10000),780,Roxo,3. Médio Impacto,None,0,FALSE,FALSE,FALSE,0,Standard Delivery,2. Barato,2. Normal,06. P (S),"Biquíni, Conjunto/Terno, Maiô/Biquíni, Moda Praia","Algodão/Poliéster, Nilon/Elastano, Poliéster/Elastano, Poliéster/Algodão, Algodão",FALSE,CN,price_maior,-15,FALSE
1105,5c93384658417d4d433feb91,Women Ladies Fashion Crocheted Lace Summer Dress Maxi Dress Long Dress,8,7,100,0,3.44,63,23,14,8,4,14,"Summer,Fashion,Lace,long dress,Dress,summer dress,Women's Fashion,Party Dress,Ladies,summer dresses,Ladies Fashion,Women",white,50,40,50,5595,3.772654155,2. Baixo(100),688,Branco,1. Baixo Impacto,None,0,FALSE,FALSE,FALSE,0,Standard Delivery,2. Barato,2. Normal,06. P (S),Vestido,"Algodão/Poliéster, Renda, Viscose/Poliéster, Poliéster, Poliéster/Elastano, Algodão/Viscose, Algodão",FALSE,CN,price_maior,-12,FALSE
1106,5ea27927a561041cc3fe56e3,New Summer Fashion V-neck Heart T-shirt O Neck Loose-sleeved Top Women's Cute Fun T-shirt Plus Size,2.81,33,50,0,3.64,14,5,2,5,1,1,"blouse,Summer,Plus Size,Necks,Heart,womens shirt,Tops,short sleeves,V-neck,graphic tee,Women's Fashion,Fashion,cute,Fun,summer shirt,T Shirts",purple,1,43,50,42919,4.105967054,2. Baixo(100),728,Roxo,3. Médio Impacto,None,0,FALSE,FALSE,FALSE,0,Standard Delivery,2. Barato,2. Normal,05. P (XS),"Blusa, Camisa, Camiseta, Top","Poliéster/Viscose, Algodão/Poliéster, Algodão",FALSE,CN,retail_maior,1074,FALSE
1107,5bf38aa52dd62c3a7550a899,20Pairs/lot Summer Ultrathin Transparent Crystal Silk Socks for Women High Elastic Black Nylon Short Socks Female Socks,2,26,10000,1,4.36,2942,1898,509,334,101,100,"Summer,Shorts,Elastic,silksock,thinsock,silk,Socks,Slippers,Crystal,Women's Fashion,Cotton Socks,black,Ankle,Nylon,anklesock,Women",black,50,118,50,21012,4.189843899,4. Alto(10000),872,Preto,4. Alto Impacto,None,1,FALSE,TRUE,FALSE,1,Standard Delivery,2. Barato,2. Normal,16. Outros Itens (Dimensões/Kits/Objetos),Shorts,"Algodão/Poliéster, Algodão, Elastano",FALSE,CN,retail_maior,1200,TRUE
1108,5eb10d32f12bf74120b0fd1e,Women's Fashion Sleeveless Asymmetric Hippie Soul Letter Printed Long Dress Sleeveless Summer Irregular Hem Double Layer Maxi Dress Plus Size,5.84,5,100,0,4.04,24,12,7,2,0,3,"Summer,asymmetrical dress,hippie,long dress,Dress,Plus Size,summer dress,asymmetric,Women's Fashion,Sleeveless dress,boho dress,Midi Dress,sleeveless,t-shirt dress,women dress,printed,Fashion,loose dress,casual dress",green,2,25,50,9470,3.956810982,2. Baixo(100),808,Verde,3. Médio Impacto,None,0,FALSE,FALSE,FALSE,0,Standard Delivery,2. Barato,2. Normal,05. P (XS),"Vestido, Camisa","Viscose/Poliéster, Algodão/Poliéster, Algodão/Viscose, Viscose/Algodão, Poliéster, Algodão",FALSE,CN,price_maior,-14,FALSE
1109,5bce9924df97d42c05eef81e,1Set Lace Bikini Diamond Swimsuit Crystal Women Swimwear Nude Bikinis Brazilian Rhinestone Beachwear Push Up Bikini,16,14,50,0,4,2,1,0,1,0,0,"DIAMOND,Lace,Lace Bikini,crystalbikini,diamondbikini,Rhinestone,diamondbikiniset,Women's Fashion,sportampentertainment,Push up bikini,Women,Bikinis Set,Jewelry,Crystal,nude,Swimsuit,Women's Bikini,beachwearbikini,Swimwear,Bikini,brazilian,Fashion,Swimming",no_color_specified,50,34,50,3063,4.434214822,2. Baixo(100),800,Não Informado,0. Não Informado,None,0,FALSE,FALSE,FALSE,0,Standard Delivery,2. Barato,2. Normal,06. P (S),"Biquíni, Maiô/Biquíni, Moda Praia","Algodão/Poliéster, Nilon/Elastano, Renda, Algodão",FALSE,CN,price_maior,-12,FALSE
1111,5a9fa7ab6bcfa367f9c554c8,S~XXXXXL Summer  Fashion Woman Sexy V-neck Zipper Back Cross Irregular Chiffon Plus size Tank tops,6,38,5000,1,3.82,1442,645,296,247,105,149,"Summer,Vest,Plus Size,Tops & Blouses,Women Vest,zippers,Tops,Cross,tank top,Women Clothing,V-neck,womens tank tops,Fashion,tops for women",pink,50,9,50,6476,4.157659049,4. Alto(10000),764,Rosa,3. Médio Impacto,None,0,FALSE,FALSE,FALSE,1,Standard Delivery,2. Barato,2. Normal,05. P (XS),"Blusa, Regata, Top, Colete","Poliéster/Viscose, Algodão/Poliéster, Algodão, Metal/Plástico",FALSE,CN,retail_maior,533,TRUE
1113,5ef2c54482e1e6221ffc7de9,2020 Fashion Trend Butterfly Print Masks Street Sunscreen Isolation Summer Breathable Washable Face Cover,2.66,9,100,0,5,1,1,0,0,0,0,"butterfly,Summer,Fashion,Breathable,Cover,Print,Masks,Sunscreen,butterflymask,Street,printmask,facecover",no_color_specified,50,63,50,54773,4.437770434,2. Baixo(100),1000,Não Informado,0. Não Informado,None,0,FALSE,FALSE,FALSE,0,Standard Delivery,2. Barato,2. Normal,15. Calçados / Numerações,Não Especificado,"Poliéster, Algodão/Poliéster, Algodão",FALSE,CN,retail_maior,238,FALSE
1115,5cda71c65ea3126b96be1ab9,Swimsuit Female Tankini Tummy Control Swimsuit Vest Printed Swimsuit Matching Swimsuit,16,33,100,1,4.15,61,34,13,7,3,4,"roupas femininas,Vest,Fashion,topsforwomenkleiderdamen,blusasfeminina,Clothes for women,Swimsuit,ropademujer,Women S Clothing,printed,robefemme,summerdressesforwomen,Tankini Swimsuits,Swimming",no_color_specified,50,33,50,2435,3.996714579,2. Baixo(100),830,Não Informado,0. Não Informado,Scarcity,0,FALSE,FALSE,FALSE,1,Standard Delivery,2. Barato,2. Normal,07. M,"Vestido, Conjunto/Terno, Maiô/Biquíni, Top","Algodão/Poliéster, Poliéster, Poliéster/Algodão, Nilon/Elastano, Algodão",TRUE,CN,retail_maior,106,TRUE
1116,5e7ee6ba87a9e742d6894fdc,Women Casual Hippie Soul Letter Printed Long Dress Sleeveless Summer Irregular A-line Dresses Plus Size,8,14,1000,0,3.98,217,122,29,30,12,24,"Summer,long dress,Dress,summer dress,Round neck,Dresses,Women's Fashion,Midi Dress,sleeveless,t-shirt dress,women dress,printed,Women,casual dress",blue,28,25,50,7676,4.039473684,3. Médio(1000),796,Azul,3. Médio Impacto,None,0,FALSE,FALSE,FALSE,0,Standard Delivery,2. Barato,2. Normal,04. PP (XXS),"Vestido, Camisa","Algodão/Poliéster, Algodão/Viscose, Viscose/Poliéster, Poliéster, Algodão",FALSE,CN,retail_maior,75,FALSE
1117,5b326af509dce53d08a6466b,7 Colors Bodycon Dress Women Lady Sexy Sleeveless Bodycon Dress Lace Babydoll Dress Tank Shirt Plus Size S-5XL,5.8,43,20000,1,3.47,2407,917,426,392,226,446,"blouse,Summer,Fashion,Tank,Lace,sundress,fashion vest,sexy shirts,Chiffon Shirt,women tank,Women's Fashion,Plus Size,sleeveless,Dress,sexy,Women,Bodycon Dress,Shirt",armygreen,50,35,50,21210,3.962376238,5. Muito Alto(20000),694,Verde,3. Médio Impacto,None,1,TRUE,FALSE,FALSE,1,Standard Delivery,2. Barato,2. Normal,06. P (S),"Blusa, Vestido, Camisa","Poliéster/Viscose, Poliéster/Elastano, Poliéster, Algodão/Poliéster, Renda, Algodão",FALSE,CN,retail_maior,641,TRUE
1119,5e76bdc3e92186db5697bf62,7 Colors Couple Summer Indoor and Outdoor Leisure Walking Slippers Hollow Flat Sandals,7,6,100,0,4.09,57,27,17,7,3,3,"Sandals & Flip Flops,Outdoor,Summer,Couple,Indoor,Men's Sandals,Leisure,Slippers,balckandwhite,sandals for women,Sandals,Home & Garden,Summer Fashion",black,50,139,50,3038,4.342659645,2. Baixo(100),818,Preto,4. Alto Impacto,Scarcity,0,FALSE,FALSE,FALSE,0,Standard Delivery,2. Barato,2. Normal,06. P (S),Não Especificado,"Algodão/Poliéster, Algodão",TRUE,CN,price_maior,-14,FALSE
1120,5ea3d34c7e458d258289cdfe,Women Loose Casual Printed V-Neck Long Dress Plus Size Wave Point Dress Summer Dress,12,11,1000,1,3.64,50,19,9,13,3,6,"Summer,Plus Size,long dress,Tops,Loose,V-neck,Casual,Women's Fashion,printed,summer dress,Dress,Women Fashion,Women",red,23,31,50,3762,3.797448166,3. Médio(1000),728,Vermelho,4. Alto Impacto,Scarcity,0,FALSE,FALSE,FALSE,1,Standard Delivery,2. Barato,2. Normal,08. G (L),"Vestido, Top","Algodão/Poliéster, Viscose/Poliéster, Poliéster, Algodão/Viscose, Algodão",TRUE,CN,price_maior,-8,TRUE
1121,5eba5b1c29367c77b5c0eb35,Sexy Women's Summer Casual Sleeveless Evening Party Backless Beachwear Mini Dress,2.89,7,50,0,5,1,1,0,0,0,0,"Mini,womens dresses,Summer,Patchwork,Dress,Mini dress,Women's Fashion,Women S Clothing,backless,party,summer dresses,sleeveless,sexy,Casual",green,1,37,50,30,3.733333333,2. Baixo(100),1000,Verde,3. Médio Impacto,None,0,FALSE,FALSE,FALSE,0,Standard Delivery,2. Barato,2. Normal,04. PP (XXS),Vestido,"Poliéster/Elastano, Algodão/Poliéster, Poliéster, Algodão/Viscose, Algodão",FALSE,CN,retail_maior,142,FALSE
1122,5eb96af6de96f304f1437bc0,Spring and Summer New Tik Tok Ing Endless Loose Large Size Short Sleeve Crop Top and Shorts Set,8,56,50,1,4.67,6,4,2,0,0,0,"Summer,Two-Piece Suits,Sleeve,Shorts,Spring,Tops,short sleeves,sport suit women,Fashion,Sport Suits,suits for women,jogging suits for women,women sport suit,tiktoktshirt,womens shorts suit",white,3,19,50,47,3.872340426,2. Baixo(100),934,Branco,1. Baixo Impacto,Scarcity,0,FALSE,FALSE,FALSE,1,Standard Delivery,2. Barato,2. Normal,04. PP (XXS),"Camisa, Camiseta, Shorts, Conjunto/Terno, Top","Algodão/Poliéster, Poliéster/Algodão, Algodão",TRUE,US,retail_maior,600,TRUE
1123,5e9e96da6c4bc104801ae477,Women's Summer Fashion Spaghetti Strap Floral Print Tie Front Mini Dress Dresses Plus Size XS-8XL,9,8,100,0,3.71,51,27,5,7,1,11,"Mini,slim dress,Plus Size,Floral print,women dresses,Spaghetti,Dress,Print,Women's Fashion,Mini dress,women dress,beach dress,Sleeveless dress,Summer,summer dresses,Girls Dresses,Party Dresses,Fashion,Floral,casual dress",grey,50,21,50,5939,4.070213841,2. Baixo(100),742,Cinzento,2. Baixo a Médio Impacto,None,0,FALSE,FALSE,FALSE,0,Standard Delivery,2. Barato,2. Normal,05. P (XS),Vestido,"Algodão/Poliéster, Algodão/Viscose, Poliéster/Viscose, Poliéster/Elastano, Poliéster, Algodão/Elastano, Algodão",FALSE,CN,price_maior,-11,FALSE
1124,5d47999b2445d31e05451436,Women New Summer Fashion Solid Color Casual Tank Tops Plus Size Spaghetti Strap Women Crop Tops Sleeveless Women Casual Vest Tops Camisole S-3XL,5.67,6,1000,0,3.51,245,87,51,45,23,39,"vesttop,Summer,Vest,Plus Size,crop top,camisole,Tank,Tops,Spaghetti Strap,tank top,Women's Fashion,Fashion,solid color,sleeveless,Spaghetti,Casual,Women",white,50,43,50,6246,4.027697727,3. Médio(1000),702,Branco,1. Baixo Impacto,None,0,FALSE,FALSE,FALSE,0,Standard Delivery,2. Barato,2. Normal,06. P (S),"Camisete, Regata, Top","Algodão/Poliéster, Poliéster/Viscose, Poliéster/Elastano, Algodão",FALSE,CN,retail_maior,6,FALSE
1125,5e227b0fca2543070a2e1734,Summer New Design Fashion Women Sleeveless T-shirt Solid Color Deep V-neck Button Vest Casual Loose Cotton Tops for Women Brief Basic Tee Shirt Tank Top Plus Size XS-5XL 5 Colors ,6,13,1000,0,3.26,255,87,36,44,32,56,"tank top women,Vest,Fashion,buttontop,Summer,Loose,V-neck,Tops,Women's Fashion,Plus Size,Design,tank top,Casual,T Shirts,Women,Deep V-Neck,fashion women,Tank,Shirt,summer shirt,deep-v,Cotton Vest,button,sleeveless,Cotton,Tee Shirt",wine,50,43,50,3161,4.181588105,3. Médio(1000),652,Vermelho,4. Alto Impacto,None,0,FALSE,FALSE,FALSE,0,Standard Delivery,2. Barato,2. Normal,06. P (S),"Top, Colete, Camisa, Camiseta, Regata","Plástico/Metal, Algodão/Poliéster, Algodão, Poliéster/Elastano",FALSE,CN,retail_maior,117,FALSE
1126,5d57803644554b1b9200275f,Summer Fashion Women Round Neck Dress With Pockets Polka Dot Dress Long Loose Dress,11,85,100,0,3.58,19,8,3,4,0,4,"Summer,Plus Size,neck dress,Necks,plus size dress,polka dot,longloosedres,kleid,Round neck,Women's Fashion,Fashion,abito,summer dress,Polkas,women dress,Robes,Women,Dress,casual dress",darkblue,50,40,50,26833,4.235381806,2. Baixo(100),716,Azul,3. Médio Impacto,None,0,FALSE,FALSE,FALSE,0,Standard Delivery,2. Barato,2. Normal,06. P (S),"Vestido, Robe","Algodão/Poliéster, Algodão/Viscose, Poliéster, Poliéster/Algodão, Algodão",FALSE,CN,retail_maior,673,FALSE
1127,5c3de992180d223f8a3329d9,Women Bikini Blockbuster Underwear Padded Swimwear Swimsuit Bathing Swimwear Suit Bikini Summer Plus Swimming Suit Patchwork Beachwear Plus Size XS-8XL,8,7,10000,0,4.14,2182,1209,449,277,115,132,"Summer,Underwear,two piece swimsuit,women beachwear,bikini set,padded,Swimwear,bikinis women,Bikini,Tankinis,women swimwear,Plus Size,Fashion,Suits,women bathing suit,Women,Swimsuit,Women's Fashion,Swimming",pink & grey,50,31,50,10258,4.243712225,4. Alto(10000),828,Multicor/Estampado,2. Baixo a Médio Impacto,None,0,FALSE,FALSE,FALSE,0,Standard Delivery,2. Barato,2. Normal,05. P (XS),"Biquíni, Conjunto/Terno, Maiô/Biquíni, Moda Praia","Algodão/Poliéster, Nilon/Elastano, Poliéster/Borracha, Poliéster/Algodão, Algodão",FALSE,CN,price_maior,-12,FALSE
1128,5e9a99189b1c2d0240f15f72,Women Ladies Fashion Plus Size Daisy Sleeveless Casual Shirts & Tops,7,31,8,0,5,0,0,0,0,0,0,"Plus Size,Shirt,Tops,Women's Fashion,Fashion,sleeveless tops,daisy,Ladies,sleeveless,Ladies Fashion,Casual,Women Fashion,Women",blue,10,43,50,53225,3.94915923,1. Micro(10),1000,Azul,3. Médio Impacto,None,0,FALSE,FALSE,FALSE,0,Standard Delivery,2. Barato,2. Normal,05. P (XS),"Camisa, Top","Algodão/Poliéster, Algodão",FALSE,CN,retail_maior,343,FALSE
1129,5cfdff52d05757021bae9d17,Women's Fashion Sleeveless American National Independence Day Flag Print Spaghetti Strap Tank Top Irregular Hem Blouse T-shirts Plus Size S-5XL,14,85,100,0,4.23,61,36,11,8,4,2,"blouse,Spaghetti Strap,Tank,Fashion,Irregular,Spaghetti,national,topsamptshirt,USA flag,T Shirts,tank top,Print,American,Plus Size,blousesampshirt,sleeveless,Women's Fashion,Tops,Women Fashion",blue,50,41,50,12913,3.981336637,2. Baixo(100),846,Azul,3. Médio Impacto,None,1,FALSE,TRUE,FALSE,0,Standard Delivery,2. Barato,2. Normal,06. P (S),"Blusa, Camisa, Camiseta, Regata, Top","Poliéster/Viscose, Algodão/Poliéster, Poliéster, Poliéster/Elastano, Algodão",FALSE,CN,retail_maior,507,FALSE
1130,5d367739407a226495aa2470,2019 Women Ladies Fashion Plus Size Summer Tie Dye Print Short Sleeve One Shoulder Casual  Dress,14,12,1000,1,4.04,475,276,64,62,25,48,"Summer,Plus Size,tiedyeprint,one-shoulder,Dress,Loose,short sleeves,Mini dress,Ladies,Women's Fashion,Fashion,Tie Dye,Dyes,Casual,Women Fashion,casual dress,Shorts,Ladies Fashion,Sleeve,Print,women dress,Women",yellow,50,43,50,10264,4.007209665,3. Médio(1000),808,Laranja/Amarelo,3. Médio Impacto,None,0,FALSE,FALSE,FALSE,1,Standard Delivery,2. Barato,2. Normal,06. P (S),"Vestido, Camiseta, Shorts","Algodão/Poliéster, Algodão/Viscose, Poliéster/Elastano, Poliéster, Algodão",FALSE,CN,price_maior,-14,TRUE
1131,5b62adee423ee1752a512ca9,Women's Ten Colors S-XXL Dress Short Sleeve Summer Dress Tunic Dresses Pure Colors Dersses,8,7,10000,0,4.13,2396,1260,582,298,116,140,"Summer,short sleeve dress,tunic,Sleeve,Pure Color,tunicsforwomen,short sleeves,Cotton Dress,Women's Fashion,Shorts,summer dress,fashion dresses,Dress,summer dresses,short skirt,casual dress",black,50,36,50,6329,4.162900932,4. Alto(10000),826,Preto,4. Alto Impacto,None,0,FALSE,FALSE,FALSE,0,Standard Delivery,2. Barato,2. Normal,06. P (S),"Vestido, Camiseta, Shorts, Túnica","Algodão/Poliéster, Algodão/Viscose, Algodão, Poliéster/Viscose",FALSE,CN,price_maior,-12,FALSE
1132,5ea1161798c3202180fa1293,Men's Low Cut Socks Shallow Invisible Socks Spring and Summer Short Socks Pure Cotton Breathable Socks Medias Femininas Socks for Men,2,2,100,1,4.15,34,17,8,7,1,1,"Summer,Shorts,Breathable,Spring,Men,Socks,Men's Fashion,low,pure,Invisible,Cotton",white,50,48,50,620,4.220967742,2. Baixo(100),830,Branco,1. Baixo Impacto,None,0,FALSE,FALSE,FALSE,1,Standard Delivery,2. Barato,2. Normal,16. Outros Itens (Dimensões/Kits/Objetos),Shorts,"Algodão, Algodão/Poliéster",FALSE,CN,iguais,0,TRUE
1133,5eab895777f05602e0f36f12,Sexy Women's Summer Casual Sleeveless Evening Party Backless Beachwear Mini Dress,8,30,1000,1,3.09,65,21,6,12,10,16,"Mini,womens dresses,Summer,sleevele,Dress,Mini dress,Women's Fashion,Fashion,backless,party,sexy,summer dresses,Women S Clothing,Casual,sleeveless",armygreen,1,40,50,2867,4.079874433,3. Médio(1000),618,Verde,3. Médio Impacto,Scarcity,0,FALSE,FALSE,FALSE,1,Standard Delivery,2. Barato,2. Normal,04. PP (XXS),Vestido,"Poliéster/Elastano, Algodão/Poliéster, Poliéster, Algodão/Viscose, Algodão",TRUE,CN,retail_maior,275,TRUE
1134,5e9aa6027ef81b1d830b6e11,Cotton Shirt Tops Women's Summer Casual Loose Short-sleeved Printed Ladies Shirt,2,25,100,1,3.9,58,31,11,3,5,8,"blouse,Summer,Plus Size,Shirt,Tops,Loose,short sleeves,Fashion,printed,Tops & T-Shirts,Ladies,women top,Casual,Cotton",green,4,37,50,167,3.610778443,2. Baixo(100),780,Verde,3. Médio Impacto,None,0,FALSE,FALSE,FALSE,1,Standard Delivery,2. Barato,2. Normal,05. P (XS),"Blusa, Camisa, Camiseta, Top","Poliéster/Viscose, Algodão/Poliéster, Algodão, Poliéster",FALSE,CN,retail_maior,1150,TRUE
1136,5d79d8dc6607933421ffa6a4,Women Fashion Summer Dress Butterfly Print Sleeveless Short O-neck Mini Dress Above Knee Casual Loose Plus Size Button Pockets Dress Size S-5XL,9,8,1000,1,3.03,124,32,20,26,12,34,"butterfly,Summer,Plus Size,butterflydre,Mini,fashion dress,Dress,Mini dress,beach dress,Fashion,knee,Casual,casual dress,Shorts,button,summer dress,Women's Fashion,Sleeveless dress,Print,sleeveless,Women,loose dress",yellow,50,41,50,6715,4.057185406,3. Médio(1000),606,Laranja/Amarelo,3. Médio Impacto,Scarcity,0,FALSE,FALSE,FALSE,1,Standard Delivery,2. Barato,2. Normal,06. P (S),"Vestido, Shorts","Algodão/Poliéster, Algodão/Viscose, Plástico/Metal, Poliéster/Viscose, Viscose/Algodão, Poliéster/Elastano, Poliéster, Algodão",TRUE,CN,price_maior,-11,TRUE
1138,5adeaf1617c7a925122b2941,Fashion Women Tassel Patchwork Loose Casual Dress Sexy Short Sleeve Off Shoulder Halter Dress,9,8,20000,1,4.14,5232,2943,1022,662,258,347,"Women's Fashion,Tassels,Plus Size,halter dress,Sleeve,Halter,Dress,Loose,short sleeves,Shorts,tasseldre,Party Dress,off shoulder,summer dress,women dress,Women,Fashion,Casual,casual dress",purple,10,38,50,8776,4.153030994,5. Muito Alto(20000),828,Roxo,3. Médio Impacto,Scarcity,0,FALSE,FALSE,FALSE,1,Standard Delivery,2. Barato,2. Normal,04. PP (XXS),"Vestido, Camiseta, Shorts","Algodão/Poliéster, Algodão/Viscose, Poliéster/Elastano, Poliéster, Algodão",TRUE,CN,price_maior,-11,TRUE
1140,5c3fe7021a62f63f6d4820ef,Summer Casual T-shirts Single Shoulder Tube Crop Top Women Single Strap Bra Yoga Vest AOM,4,4,1000,0,3.51,550,215,99,86,53,97,"Summer,Vest,Fashion,Yoga,woman vest,girl bra,Tops,summer t-shirts,T Shirts,Casual,brayogavest,Women's Fashion,singleshoulder,Bras,Women",green,50,32,50,13884,4.222846442,3. Médio(1000),702,Verde,3. Médio Impacto,None,0,FALSE,FALSE,FALSE,0,Standard Delivery,2. Barato,2. Normal,05. P (XS),"Sutiã, Camisa, Camiseta, Top","Nilon/Elastano, Algodão/Poliéster, Algodão",FALSE,CN,iguais,0,FALSE
1141,5c8b3b73727ef733eae435d2,Hot Sale Women's Sexy Summer Fashion Sleeveless Camisole Tank Zipper Top T-shirt I-shaped Strap Bow Vest,11,22,1000,1,3.66,129,59,20,18,11,21,"plussizevest,Vest,zippersleevelessvest,Tank,bowknottanktop,Summer,camisoletanktop,Tops,plussizetanktop,zippers,Bow,T Shirts,Fashion,backbowknotvest,fashionvesttop,camisolevest,sexy,womensexytanktop,sleeveless,sleeveless tops",white,50,35,50,2078,3.768046198,3. Médio(1000),732,Branco,1. Baixo Impacto,None,0,FALSE,FALSE,FALSE,1,Standard Delivery,2. Barato,2. Normal,06. P (S),"Camisete, Camisa, Top, Camiseta","Algodão/Poliéster, Poliéster/Viscose, Poliéster/Elastano, Algodão, Metal/Plástico",FALSE,US,retail_maior,100,TRUE
1142,5e0481bf1705212493a2f8e5,New Fashion Summer Sexy Women Halter Tops Beach Swimming Letter Print Swimwear Lady's Push Up Vest Bra S-5XL,4,4,100,0,4.13,24,13,6,2,1,2,"Summer,Vest,Fashion,Swimming,Halter,wrappedchest,letter print,bras for women,Tops,slingvest,Swimwear,Push up bikini,Print,Women's Fashion,Halter Bikini,sexy,Women,Beach,summer tops,Bras,Bottoming shirt",black,50,127,50,4572,3.937226597,2. Baixo(100),826,Preto,4. Alto Impacto,Scarcity,0,FALSE,FALSE,FALSE,0,Standard Delivery,2. Barato,2. Normal,06. P (S),"Biquíni, Parte de Baixo, Sutiã, Camisa, Top, Moda Praia","Algodão/Poliéster, Nilon/Elastano, Poliéster, Poliéster/Elastano, Algodão",TRUE,CN,iguais,0,FALSE
1143,5eb10406591f883c59a1dcb4,Women's Fashion Summer Dresses V Neck Backless Lace Dress Beach Dresses White Dress Plus Size S-5XL,4.9,5,100,0,3.96,25,13,5,3,1,3,"Summer,summer dress,pleated dress,Lace,Beach,Plus Size,Lace Dress,backless dress,Women's Fashion,Mini dress,beach dress,Sleeveless dress,backless,wedding dress,white,Party Dresses,V-neck Dresses,Fashion,Dress,Necks",pink,1,26,50,32858,3.885537769,2. Baixo(100),792,Rosa,3. Médio Impacto,None,0,FALSE,FALSE,FALSE,0,Standard Delivery,2. Barato,2. Normal,05. P (XS),Vestido,"Poliéster/Elastano, Algodão/Poliéster, Algodão/Viscose, Renda, Poliéster, Algodão",FALSE,CN,retail_maior,2,FALSE
1144,5d2477487a074501b0cb6438,2019 Women's Fashion New Flare Sleeve Boat Neck Off The Shoulder Blouse Summer Women Long Sleeve Elastic Cuffs Waist Top Casual  Slim Fit Lady Plus Size Tops,9,8,1000,0,3.85,183,88,34,28,11,22,"Summer,flaresleeveblouse,Long Sleeve,Plus size top,Women's Fashion,Plus Size,offtheshoulder,slim,Casual,Women Fashion,Slim Fit,blouse,long sleeve blouse,Waist,Sleeve,loose top,Tops,boatneckblouse,Necks,Women,Elastic,Boat,elasticblouse,Casual Tops,women top,Fashion",white,50,55,50,7076,3.968061051,3. Médio(1000),770,Branco,1. Baixo Impacto,Scarcity,0,FALSE,FALSE,FALSE,0,Standard Delivery,2. Barato,2. Normal,07. M,"Blusa, Top","Poliéster/Viscose, Algodão/Poliéster, Elastano, Algodão/Elastano, Algodão",TRUE,CN,price_maior,-11,FALSE
1145,5e751f3a15c57e874f677e6d,Summer Women Straps Printed Loose Jumpsuit Romper Dress Shorts Off Shoulder V Neck Slim Beach Dress,12,43,100,1,3.65,26,12,5,1,4,4,"Summer,Dress,slim,Floral dress,strap,loosejumpsuit,beach dress,striped dress,printed,Women's Jumpsuits,rompersforwomen,jumpsuit,Shorts,Necks,Beach,Slim Fit,Women's Fashion,Jumpsuits & Rompers,sleevelessjumpsuit,Women,women Jumpsuit,Rompers",darkblue,50,52,50,425,4.110588235,2. Baixo(100),730,Azul,3. Médio Impacto,None,0,FALSE,FALSE,FALSE,1,Standard Delivery,2. Barato,2. Normal,08. G (L),"Vestido, Macacão, Shorts, Conjunto/Terno","Algodão/Poliéster, Algodão/Viscose, Poliéster/Viscose, Poliéster, Algodão/Elastano, Poliéster/Algodão, Algodão",FALSE,CN,retail_maior,258,TRUE
1147,5cc81498d2dfc22af700ebe5,Women Fashion Ruffles Slash Neck Crop Top and Skinny Pants Two Piece Outfit,7,8,1000,1,3.73,237,111,38,36,17,35,"Summer,Fashion,crop top,skinny pants,Casual pants,pants,Tops,Outfits,Long pants,Women's Fashion,Two Pieces,Women,ruffle,offtheshoulder,Two piece set,Necks",pink,6,38,50,67171,4.102320942,3. Médio(1000),746,Rosa,3. Médio Impacto,Scarcity,0,FALSE,FALSE,FALSE,1,Standard Delivery,2. Barato,2. Normal,04. PP (XXS),"Calça, Top","Algodão/Poliéster, Algodão",TRUE,CN,retail_maior,14,TRUE
1150,5bd144f0b0de8459981dd41c,Plus Size Women Fashion Polka Shirt Casual Dot Loose Autumn S-5XL,12,110,20000,1,4.04,2748,1530,500,295,145,278,"Plus Size,Shirt,tunic top,Long Sleeve,Tops,Loose,Women's Fashion,V-neck,Casual,ruffle top,Fashion,polka dot,Women",khaki,50,41,50,8191,4.190208766,5. Muito Alto(20000),808,Tons Neutros,2. Baixo a Médio Impacto,Scarcity,0,FALSE,FALSE,FALSE,1,Standard Delivery,2. Barato,2. Normal,07. M,"Camisa, Top, Túnica","Algodão/Poliéster, Poliéster, Algodão, Algodão/Viscose",TRUE,CN,retail_maior,817,TRUE
1151,55ac4e9fc21d2e406f4b90b7,Spring and summer in the New South burgundy Korean dark navy skirt anti sun dress with a lining fluffy skirt female skirt pleated skirt sexy,5.88,9,20000,0,4.07,6450,3383,1430,836,335,466,"Summer,sundress,Spring,fluffy,Dark,Women's Fashion,newskirt,burgundy,Navy,sexy,Pleated Skirt,fluffyshortskirt,Skirts,womanskirt,fluffydres,plussizeskirt,springskirt,fluffyskirt,Korean,darknavyskirt,burgundyskirt,Dress,Pleated",ivory,50,55,50,12304,4.319001951,5. Muito Alto(20000),814,Branco,1. Baixo Impacto,None,0,FALSE,FALSE,FALSE,0,Standard Delivery,2. Barato,2. Normal,04. PP (XXS),"Vestido, Shorts","Algodão/Poliéster, Poliéster/Elastano, Algodão",FALSE,CN,retail_maior,53,FALSE
1152,5d51315fe72c993296b63061,Womens Summer Bohemia Floral Beach Dress Ladies Loose Kaftan Sundress Plus Size,15,102,1000,0,4.23,483,279,105,51,27,21,"bohemia,Summer,Plus Size,Beach,Dress,longloosedres,kleid,beach dress,Floral dress,Ladies,boho,faketwopiecesdres,summer dress,vestido,Floral,women dress,Robes,Women's Fashion,Vintage dress",green,2,40,50,26833,4.235381806,3. Médio(1000),846,Verde,3. Médio Impacto,None,0,FALSE,FALSE,FALSE,0,Standard Delivery,2. Barato,2. Normal,06. P (S),"Vestido, Robe","Algodão/Poliéster, Algodão/Viscose, Poliéster/Viscose, Poliéster/Algodão, Algodão, Algodão/Denim",FALSE,CN,retail_maior,580,FALSE
1153,597adab2ab03f4429e23d778,FUERFITS Women's Casual Beach Summer Sleeveless Adjustable Strappy Floral Dress,8,75,20000,0,4.39,5254,3360,1065,500,159,170,"Swing dress,strapless,Summer,Dresses,Dress,Women's Fashion,strappy,knee length,Floral,party,Beach,Casual,sleeveless,Women",black & yellow,50,36,50,6719,4.447536836,5. Muito Alto(20000),878,Multicor/Estampado,3. Médio Impacto,Scarcity,0,FALSE,FALSE,FALSE,0,Standard Delivery,2. Barato,2. Normal,06. P (S),Vestido,"Algodão/Poliéster, Poliéster/Viscose, Poliéster, Poliéster/Elastano, Algodão",TRUE,CN,retail_maior,838,FALSE
1154,5b7ba8fdfc71be0f30bb7f44,Women's Sleeveless Spaghetti Strap Camouflage Print Package Hip Mini Dress Casual Slim Fit Cotton Party Evening Dresses ,9,8,10000,0,4.2,2749,1578,562,339,112,158,"Mini,dressesforwomen,sexy dresses,Dresses,Spaghetti,Dress,Spaghetti Strap,camouflage,Mini dress,Women's Fashion,package hip dress,t,party,sleeveless,Print,Party Dresses,Cotton,slim,Casual,Slim Fit",purple,50,43,50,36361,3.967520145,4. Alto(10000),840,Roxo,3. Médio Impacto,None,1,FALSE,TRUE,FALSE,0,Standard Delivery,2. Barato,2. Normal,07. M,Vestido,"Algodão/Poliéster, Algodão, Poliéster/Elastano, Poliéster, Algodão/Elastano",FALSE,CN,price_maior,-11,FALSE
1155,5edefbd61eb25e17fedf9b8e,2020 Summer Dress Women Fashion Printed BTS Sexy Short Skirt Casual Short Sleeve Cotton Beach Dress,9,8,50,0,3,2,1,0,0,0,1,"Women's Fashion,Summer,Fashion,Sleeve,Beach,Dress,summer dress,short sleeves,Mini dress,Summer Fashion,beach dress,Shorts,printed,Sexy Dress,women clothes,women dress,sexy,Cotton,Skirts,Casual,Women",brown,50,38,50,62,3.774193548,2. Baixo(100),600,Tons Neutros,2. Baixo a Médio Impacto,None,0,FALSE,FALSE,FALSE,0,Standard Delivery,2. Barato,2. Normal,06. P (S),"Vestido, Camiseta, Shorts","Algodão/Poliéster, Algodão/Viscose, Algodão, Poliéster/Elastano, Poliéster",FALSE,CN,price_maior,-11,FALSE
1156,5c355a86211ca154535af293,2019 New Style Summer Fashion Women Casual One Piece Slim Fit Braces Skirt Sleeveless Dress Solid Color Slip Dress,8,9,100,0,3.38,94,34,13,19,11,17,"Summer,Fashion,high waist,slim dress,Skirts,Dress,summer dress,Mini dress,Women,slim,women's dress,Sleeveless dress,sleeveless,princess dress,Beach,onepiece,Slim Fit",winered,50,41,50,4955,4.005247225,2. Baixo(100),676,Vermelho,4. Alto Impacto,None,0,FALSE,FALSE,FALSE,0,Standard Delivery,2. Barato,2. Normal,06. P (S),Vestido,"Algodão/Poliéster, Poliéster/Elastano, Algodão/Viscose, Algodão/Elastano, Algodão",FALSE,CN,retail_maior,12,FALSE
1157,5ecdc68e46cdc10c6216940f,Mens T-Shirts  Summer Popular Tik Tok Printed Tops Tee Male T-shirt Short Sleeve tshirt for Men Casual Top,7,7,10,1,5,0,0,0,0,0,0,"Summer,Fashion,Shirt,Sleeve,Tops,Men,Men's Fashion,short sleeves,T Shirts,Shorts,printed,Casual",white,50,22,50,193,4.062176166,1. Micro(10),1000,Branco,1. Baixo Impacto,None,0,FALSE,FALSE,FALSE,1,Standard Delivery,2. Barato,2. Normal,05. P (XS),"Camisa, Camiseta, Shorts, Top","Algodão/Poliéster, Poliéster, Algodão",FALSE,CN,iguais,0,TRUE
1158,5d4925eb8972ff23164bbd2a,Womens Summer Casual Short Sleeves Round Neck Flared Sleeves Dresses Solid Color Loose Dresses Short Dresses Plus Size,6,6,100,0,3.3,102,35,18,15,11,23,"Splicing,Plus Size,sleeve dress,Necks,Sleeve,Summer,women casual dress,Dress,Women's Fashion,gauzenet,Round neck,roundneckflared,Party Dress,Shorts,shortsleevesdres,solid color,looseshortdres,Casual",red,50,31,50,5841,4.21777093,2. Baixo(100),660,Vermelho,4. Alto Impacto,None,0,FALSE,FALSE,FALSE,0,Standard Delivery,2. Barato,2. Normal,05. P (XS),"Vestido, Shorts","Algodão/Poliéster, Algodão/Viscose, Poliéster, Poliéster/Elastano, Algodão",FALSE,CN,iguais,0,FALSE
1159,5b9f1a4bd143a816d746677a,Summer Short Sleeve Slim Bodycon Women Sexy T-shirt Elastic Cotton Tee Top,4.7,19,100,0,3.87,15,7,3,3,0,2,"Summer,Shorts,Shirt,Elastic,teetop,Tops,short sleeves,slim shirts,T Shirts,Fashion,sexy,Women's Fashion,Sleeve,Women",black,43,41,50,14327,4.192084875,2. Baixo(100),774,Preto,4. Alto Impacto,None,0,FALSE,FALSE,FALSE,0,Standard Delivery,2. Barato,2. Normal,06. P (S),"Camisa, Camiseta, Shorts, Top","Elastano, Algodão/Poliéster, Poliéster/Elastano, Algodão/Elastano, Algodão",FALSE,CN,retail_maior,304,FALSE
1160,5d2e8fa433d723444547a0e3,2019 Women New Fashion Dress Stretchy Camisole Dress Spaghetti Strap Backless Shoulderless  Long Tank Top Slip Summer Fashion Floral Mini Dress,6,7,1000,0,3.67,258,108,58,34,16,42,"slim dress,Strapless Dress,Fashion,Tank,Mini,Dress,Tops,V Neckdress,Floral dress,Mini dress,Floral,Women,Sleeveless dress,Summer,tank top,Summer Fashion,women dress,backless,Spaghetti,Bodycon Dress,casual dress",beige,3,40,50,2685,3.95009311,3. Médio(1000),734,Tons Neutros,2. Baixo a Médio Impacto,Scarcity,0,FALSE,FALSE,FALSE,0,Standard Delivery,2. Barato,2. Normal,05. P (XS),"Vestido, Regata, Top","Poliéster/Elastano, Algodão/Poliéster, Algodão/Viscose, Poliéster/Viscose, Algodão/Elastano, Algodão",TRUE,CN,retail_maior,17,FALSE
1161,5d58daef3159a812b05933d2, Summer Women s Fashion Lace Up Tie Pants Plus Size Casual High Waist Short Pants(S-5XL),4.93,6,100,0,3.77,47,22,7,8,5,5,"Summer,Shorts,Lace,pants,Waist,Short pants,Yellow,Women's Fashion,Plus Size,Lace Up,Women,Fashion,Casual,high waist",red,1,41,50,17752,3.899673276,2. Baixo(100),754,Vermelho,4. Alto Impacto,Scarcity,0,FALSE,FALSE,FALSE,0,Standard Shipping,2. Barato,2. Normal,06. P (S),"Calça, Shorts","Algodão/Poliéster, Renda, Algodão",TRUE,CN,retail_maior,22,FALSE
1162,5abb2dcdd236a572c57192f8,Sexy Women's Summer Casual Sleeveless Evening Party Backless Beachwear Mini Dress,3,3,1000,0,3.94,426,213,88,54,29,42,"Mini,Club Dress,womens dresses,Summer,fashion dress,Dress,Mini dress,Women's Fashion,Party Dress,backless,party,Sexy Dress,summer dresses,sexy,Casual,sleeveless",gray,50,32,50,43676,4.283611137,3. Médio(1000),788,Cinzento,2. Baixo a Médio Impacto,None,0,FALSE,FALSE,FALSE,0,Standard Delivery,2. Barato,2. Normal,06. P (S),Vestido,"Poliéster/Elastano, Algodão/Poliéster, Poliéster/Viscose, Poliéster, Algodão/Viscose, Algodão",FALSE,CN,iguais,0,FALSE
1163,5b06754d91d2cf12f07c6988,New Summer 4 Color Women's Fashion Tops Solid Color Short Sleeve Lace V Neck Tee Shirt Fitness Causal Summer Pullover Sweatshirt Plus Size S-5XL,8,17,5000,1,3.94,787,394,156,104,60,73,"Summer,Plus Size,Lace,Women Blouse,blacktshirt,short sleeves,casual shirt,slim shirts,Women's Fashion,Fashion,sexy lace,V-neck,sexy,Sweatshirts,Necks,Shorts,Shirt,Sleeve,Tops,Fitness,lace shirts,Pullovers,comfortableshirt,T-Shirt womens,solid color,Short Sleeve T-Shirt",black,50,43,50,2700,4.046296296,4. Alto(10000),788,Preto,4. Alto Impacto,None,0,FALSE,FALSE,FALSE,1,Standard Delivery,2. Barato,2. Normal,07. M,"Blusa, Camisa, Pulôver, Camiseta, Shorts, Top","Algodão/Poliéster, Poliéster/Viscose, Renda, Renda/Poliéster, Poliéster/Elastano, Algodão, Algodão/Elastano",FALSE,CN,retail_maior,112,TRUE
1164,5e5723c6f14e531668fe93c6,XS-8XL Plus Size Sleeveless Summer Tops Fashion Clothes Women's Casual Floral Printed Blouses Ladies Beach Wear Pleated Shirts Deep V-neck Tank Tops,2,2,5000,1,3.87,320,154,65,44,20,37,"Summer,Plus Size,Deep V-Neck,Pleated,tank top,Ladies,Women's Fashion,Fashion,sleeveless tops,chiffon blouse,Casual T-Shirt,Floral,Tank,summer tops,Clothes,blouse,Floral print,Shirt,loose shirt,Tops,Casual,V-neck,sleeveless,women top,Beach,printed",black,1,20,50,1029,3.965986395,4. Alto(10000),774,Preto,4. Alto Impacto,None,0,FALSE,FALSE,FALSE,1,Standard Delivery,2. Barato,2. Normal,05. P (XS),"Blusa, Camiseta, Camisa, Top, Regata","Algodão/Poliéster, Poliéster/Viscose, Algodão, Poliéster, Poliéster/Elastano, Algodão/Viscose",FALSE,CN,iguais,0,TRUE
1165,595b77cd3e5c2010cd0712ca,Women Summer Casual Sleeveless Evening Party Beach Dress Short Mini Dress,8,47,10000,0,4.14,2360,1316,487,286,116,155,"Mini,Shorts,Summer,fashion dress,Dress,Women's Fashion,Mini dress,beach dress,party,sleeveless,Beach,Casual,Women",winered,50,45,50,139788,4.166509285,4. Alto(10000),828,Vermelho,4. Alto Impacto,None,0,FALSE,FALSE,FALSE,0,Standard Delivery,2. Barato,2. Normal,06. P (S),"Vestido, Shorts","Algodão/Poliéster, Algodão/Viscose, Poliéster/Viscose, Poliéster/Elastano, Poliéster, Algodão",FALSE,CN,retail_maior,488,FALSE
1166,56fe70b837c44740638391a6,"Bandage Swimwear Bikini Women Halter Swimsuit Push Up Swimsuits One-piece Swimwear Big Size XL,XXL,XXXL",14,12,10000,1,3.65,3574,1464,713,586,309,502,"bathing suit,Plus Size,Halter,onepiece,Swimwear,Swimsuit,Bikini,Fashion,trending,sexy,Women,Women's Fashion,Swimming",black,50,32,50,16064,4.223792331,4. Alto(10000),730,Preto,4. Alto Impacto,None,0,FALSE,FALSE,FALSE,1,Standard Delivery,2. Barato,2. Normal,09. GG (XL),"Biquíni, Maiô/Biquíni, Moda Praia","Algodão/Poliéster, Nilon/Elastano, Poliéster/Elastano, Algodão",FALSE,CN,price_maior,-14,TRUE
1168,5dc188b6e2abd414a2bcb144,Women Half Sleeve Loose Casual Summer Shirts Blouse Tops Plus Size XS-8XL,8,7,5000,0,4.23,870,530,163,82,39,56,"blouse,Summer,Womens Blouse,long sleeve blouse,Shirt,Sleeve,Women Blouse,Plus Size,Blouses & Shirts,casual shirt,Casual,Tops,Women's Fashion,blouse women,Casual T-Shirt,Tops & Blouses,Printed T Shirts,Fashion,long sleeve shirt,Women",multicolor,50,21,50,2380,4.251260504,4. Alto(10000),846,Multicor/Estampado,4. Alto Impacto,None,0,FALSE,FALSE,FALSE,0,Standard Delivery,2. Barato,2. Normal,06. P (S),"Blusa, Camiseta, Camisa, Top","Poliéster/Viscose, Algodão/Poliéster, Algodão, Poliéster",FALSE,CN,price_maior,-12,FALSE
1169,571adeab62cce546f1a46bc0,Women's Summer Sexy Sleeveless Turtleneck Mini Dress,5.67,19,100000,0,3.53,18393,6769,3404,3658,2003,2559,"slim dress,Mini,Elegant,Dress,Mini dress,turtleneck,Women's Fashion,Party Dress,Summer,party,Sleeveless dress,Elegant Dress,women dress,sexy,Clothing,sleeveless,Women",grey,50,37,50,19248,3.889131338,6. Crítico(>20000),706,Cinzento,2. Baixo a Médio Impacto,Scarcity,0,FALSE,FALSE,FALSE,0,Standard Delivery,2. Barato,2. Normal,07. M,Vestido,"Algodão/Poliéster, Poliéster/Elastano, Poliéster, Algodão/Viscose, Algodão/Elastano, Algodão",TRUE,CN,retail_maior,235,FALSE
1170,5cb99a6535110466bac87472,ZANZEA Women Summer Round Neck Short Sleeve Cotton Basic Dress Solid Color Dresses,14,84,5000,0,4.22,686,388,165,69,23,41,"basicdres,womencottondres,Fashion,Necks,Sleeve,Summer,Dresses,Vintage,Dress,women long dress,short sleeves,Round neck,Women's Fashion,Shorts,roundneckdres,Cotton,women summer dress,Casual,pregnancydres,Women",grey,50,40,50,32386,4.2607917,4. Alto(10000),844,Cinzento,2. Baixo a Médio Impacto,None,0,FALSE,FALSE,FALSE,0,Standard Delivery,2. Barato,2. Normal,07. M,"Vestido, Camiseta, Shorts","Algodão/Poliéster, Algodão, Viscose/Poliéster, Algodão/Viscose, Algodão/Denim",FALSE,CN,retail_maior,500,FALSE
1171,5e3901a8aaccd401e2a2d699,Women's Fashion Casual V-neck Sleeveless Spaghetti Strap Sequins Tank Tops,7,43,1000,1,3.36,130,54,14,20,9,33,"Fashion,Tank,Sexy Top,Spaghetti,Tops,Spaghetti Strap,V-neck,Casual,Women's Fashion,tank top,sleeveless,sequin top,Nightclub Tops,summer tops,Women Fashion",pink,3,42,50,6731,3.9849948,3. Médio(1000),672,Rosa,3. Médio Impacto,Scarcity,0,FALSE,FALSE,FALSE,1,Standard Delivery,2. Barato,2. Normal,05. P (XS),"Top, Regata","Algodão/Poliéster, Poliéster/Elastano, Algodão",TRUE,CN,retail_maior,514,TRUE
1173,5ef858a0d41d4c085fb829e6,New Women Fashion Shorts Yoga Shorts Summer Beach Short Athletic Shorts Pants Sport Shorts Gym Workout Waistband Casual Shorts,11,26,100,1,5,1,1,0,0,0,0,"Summer,elastic waist,Yoga,pants,Shorts,Beach,buttlifting,Short pants,sportshort,yogashort,plussizepant,Athletics,Women's Fashion,leggingspant,pantsplussize,croppedpant,athleticshort,Fashion,Casual,Sport,Women",black,15,80,50,8685,4.14070236,2. Baixo(100),1000,Preto,4. Alto Impacto,Scarcity,0,FALSE,FALSE,FALSE,1,Standard Delivery,2. Barato,2. Normal,06. P (S),"Calça, Shorts","Algodão/Poliéster, Elastano, Algodão, Nilon/Elastano",TRUE,CN,retail_maior,136,TRUE
1175,5e91713952bdf84d21150eaa,Sexy Women's Summer Casual Sleeveless Evening Party Backless Beachwear Mini Dress,6,7,100,0,3.31,36,11,6,9,3,7,"Mini,womens dresses,Summer,sleevele,Dress,Mini dress,Women's Fashion,Fashion,backless,party,sexy,summer dresses,Women S Clothing,Casual,sleeveless",armygreen,1,40,50,4856,4.167627677,2. Baixo(100),662,Verde,3. Médio Impacto,None,0,FALSE,FALSE,FALSE,0,Standard Delivery,2. Barato,2. Normal,04. PP (XXS),Vestido,"Poliéster/Elastano, Algodão/Poliéster, Poliéster, Algodão/Viscose, Algodão",FALSE,CN,retail_maior,17,FALSE
1176,5d1f255bd91ac0648c8c7079,9 Colors Mens 2019 Summer Cotton  Breathable Slim Short SleeveSolid Color Buttons T-Shirts Casual Shirts,12,17,1000,0,3.36,230,75,41,48,23,43,"Summer,Shorts,Shirt,Man t-shirts,slim,casualmensshirt,T Shirts,Men's Fashion,Men's Shirt,Men Tops,Short Sleeve T-Shirt,Beach,Casual,Cotton",pink,50,34,50,1837,4.160587915,3. Médio(1000),672,Rosa,3. Médio Impacto,None,0,FALSE,FALSE,FALSE,0,Standard Delivery,2. Barato,2. Normal,07. M,"Camisa, Camiseta, Shorts, Top","Algodão/Poliéster, Algodão, Algodão/Elastano",FALSE,CN,retail_maior,42,FALSE
1177,5eaa972cf7d1965858d7b664,1pcs Men's Running Shorts 2 in 1 Sports Jogging Fitness Shorts Summer Training Quick Dry Short Gym Shorts Sport Pants,16,14,100,1,3.28,18,7,2,3,1,5,"Summer,Training,Shorts,Running,pants,Gym,Fitness,jogging,quickdry,Men's Fashion,2in1short,Sport,sportsshort",black,50,81,50,901,3.982241953,2. Baixo(100),656,Preto,4. Alto Impacto,None,0,FALSE,FALSE,FALSE,1,Standard Delivery,2. Barato,2. Normal,08. G (L),"Calça, Shorts","Algodão/Poliéster, Algodão",FALSE,CN,price_maior,-12,TRUE
1179,5cf66417844fc312acf3d8ff,Summer Women Sexy Long Dress Sleeveless V Neck Casual Beach Party Dress Sundress Plus Size S-5XL,13,68,100,1,3.48,121,50,18,19,8,26,"Summer,Plus Size,party,Necks,sundress,long dress,plus size dress,Dress,summer dress,Women's Fashion,Party Dress,spaghettistrapdres,ladiesdresse,Sexy Dress,women dress,sexy,Women,Beach,Casual,sleeveless,casual dress",black,12,40,50,18079,4.194922286,2. Baixo(100),696,Preto,4. Alto Impacto,None,0,FALSE,FALSE,FALSE,1,Standard Delivery,2. Barato,2. Normal,06. P (S),Vestido,"Algodão/Poliéster, Algodão/Viscose, Viscose/Poliéster, Poliéster, Poliéster/Elastano, Algodão",FALSE,CN,retail_maior,423,TRUE
1181,5a6ac6f9227c62493f93b53e,New Women Fashion Summer Casual Party Beach Maxi Dress Beachwear Bikini Cover-Up,11,38,5000,0,3.91,1433,699,283,211,102,138,"Summer,Fashion,Casual,Dress,summer dress,beach wear,beachwearbikini,Bikini,Women's Fashion,Party Dress,party,maxi dress,women dress,Beach,Maxis,Women",white,50,63,50,30225,4.267890819,4. Alto(10000),782,Branco,1. Baixo Impacto,Scarcity,0,FALSE,FALSE,FALSE,0,Standard Delivery,2. Barato,2. Normal,06. P (S),"Moda Praia, Biquíni, Vestido","Algodão/Poliéster, Nilon/Elastano, Viscose/Poliéster, Poliéster, Poliéster/Elastano, Algodão/Viscose, Algodão",TRUE,CN,retail_maior,245,FALSE
1182,5dd795fa0f11f7c2e48f2091,Summer Women s  Fashion  Lace Up Tie Pants  Plus Size Casual High Waist Short Pants,3.71,6,1000,1,3.45,181,69,29,33,14,36,"Summer,Shorts,high waist shorts,high waist,Casual pants,pants,summer shorts,Waist,Slim Fit,Short pants,Women's Fashion,Plus Size,Lace Up,Women,Fashion,Casual,Lace",yellow,3,42,50,9651,4.079162781,3. Médio(1000),690,Laranja/Amarelo,3. Médio Impacto,None,0,FALSE,FALSE,FALSE,1,Standard Delivery,2. Barato,2. Normal,05. P (XS),"Calça, Shorts","Algodão/Poliéster, Renda, Algodão/Elastano, Algodão",FALSE,CN,retail_maior,62,TRUE
1183,5db013aa7b620c0e7346ebf6,Women Summer Fashion Sexy Party Dress Irregular Floral Print Backless Bodycon Slip Dresses Mei,6,9,1000,0,3.8,245,118,44,33,15,35,"Summer,Fashion,Floral print,Dress,Print,Women's Fashion,Party Dress,backless,sexy,Floral,party,Women Fashion,Women",grey,1,40,50,7363,4.106342523,3. Médio(1000),760,Cinzento,2. Baixo a Médio Impacto,None,0,FALSE,FALSE,FALSE,0,Standard Delivery,2. Barato,2. Normal,04. PP (XXS),Vestido,"Poliéster/Elastano, Algodão/Poliéster, Poliéster/Viscose, Poliéster, Algodão",FALSE,CN,retail_maior,50,FALSE
1184,5bebc4a90269f2172b1af950,5 Colors Fashion Women Sleeveless Lace Tops Sexy Lady Summer Workout Tank Tops Casual Lady Lace Patchwork Vest,6,6,5000,1,3.89,1229,583,258,179,92,117,"Summer,Vest,Fashion,Tank,Lace,lace top,Tops,tank top,Women's Fashion,gothic,sexy,workout top,sleeveless,women top,Casual,Women",grey,50,41,50,14676,4.07420278,4. Alto(10000),778,Cinzento,2. Baixo a Médio Impacto,None,0,FALSE,FALSE,FALSE,1,Standard Delivery,2. Barato,2. Normal,06. P (S),"Top, Regata","Algodão/Poliéster, Renda, Renda/Poliéster, Poliéster/Elastano, Algodão",FALSE,CN,iguais,0,TRUE
1185,5d1709377d85c3451136583b,Women Summer Bib Pants Casual Loose Shorts Sleeveless Rompers Jumpsuit Suspender Trousers Overalls,12,16,5000,0,3.28,701,245,109,103,87,157,"suspenders,Summer,Women Rompers,Shorts,pants,summer shorts,Overalls,women shorts,Women's Fashion,Jumpsuits & Rompers,bibpant,sleeveless,Women,women Jumpsuit,Casual,trousers,jumpsuit",jasper,50,20,50,3990,3.897243108,4. Alto(10000),656,Verde,3. Médio Impacto,None,0,FALSE,FALSE,FALSE,0,Standard Delivery,2. Barato,2. Normal,06. P (S),"Macacão, Jardineira/Macacão, Calça, Shorts, Conjunto/Terno","Algodão/Poliéster, Denim, Poliéster/Algodão, Algodão",FALSE,CN,retail_maior,33,FALSE
1186,5aec5aa5e08184220e174919,Crystal Sequins Anklet Set for Women Beach Foot Jewelry Vintage Statement Elephant Moon Chain Charm Anklets Bracelet Boho Retro Style Party Summer Alloy Jewelry,2,2,50000,0,4.01,7575,4182,1317,857,429,790,"Summer,Anklets,Chain,Elephant,Women's Fashion,Charm,braceletset,retro style,Jewelry,bohemianjewelry,ankletchain,barefootjewelry,Bracelet,Moon,Crystal,boho,retro,Vintage,party,Women,Beach",no_color_specified,50,51,50,229199,4.165079254,6. Crítico(>20000),802,Não Informado,0. Não Informado,None,0,FALSE,FALSE,FALSE,0,Standard Delivery,2. Barato,2. Normal,08. G (L),Não Especificado,"Algodão/Poliéster, Poliéster, Algodão, Algodão/Denim",FALSE,CN,iguais,0,FALSE
1187,5f095371d25f1d274c028031,Women Fashion Vintage Animal Dragonfly Owl Printed T-shirt Women Loose Sleeveless Summer Shirt Tee S-XXXL,5,5,100,1,5,0,0,0,0,0,0,"Summer,Fashion,dragon fly,summer t-shirts,T Shirts,sleeves,women t shirt,Owl,Women,Shirt,animal print,Vintage,Tops,Women's Fashion,Round neck,Printing t shirt,Animal,sleeveless,Printed T Shirts,printed",green,4,35,50,1172,4.122866894,2. Baixo(100),1000,Verde,3. Médio Impacto,None,0,FALSE,FALSE,FALSE,1,Standard Delivery,2. Barato,2. Normal,04. PP (XXS),"Camisa, Camiseta, Top","Algodão/Poliéster, Poliéster, Algodão, Algodão/Denim",FALSE,CN,iguais,0,TRUE
1188,5cb02b41f8badd79e1c3a00b,Plus Size S-3XL New Women Fashion Loose Pants High Waist Ninth Pant Linen Trousers,5,5,5000,0,3.3,1013,326,170,193,125,199,"trousers,high waist,Casual pants,pants,Women's Fashion,Long pants,pencil pants,Plus Size,loosepant,women trousers,Women,Fashion,Waist",lightkhaki,50,32,50,13510,4.297335307,4. Alto(10000),660,Tons Neutros,2. Baixo a Médio Impacto,Scarcity,0,FALSE,FALSE,FALSE,0,Standard Delivery,2. Barato,2. Normal,06. P (S),Calça,"Algodão/Poliéster, Algodão",TRUE,CN,iguais,0,FALSE
1189,58b7dc3133b0bd5914a62c90,Sexy Women Summer Vest Top Sleeveless Blouse Casual Tank Tops T Shirt Better SS,4.66,11,50000,1,4.01,10122,5274,1869,1519,684,776,"blouse,Summer,Vest,Fashion,Tank,Lace,sleevelessblouse,Tops,Women's Fashion,T Shirts,sexy,sleeveless,Casual,Women",purple,1,44,50,203805,4.216476534,6. Crítico(>20000),802,Roxo,3. Médio Impacto,None,0,FALSE,FALSE,FALSE,1,Standard Delivery,2. Barato,2. Normal,07. M,"Blusa, Camisa, Camiseta, Top","Poliéster/Viscose, Algodão/Poliéster, Renda, Poliéster/Elastano, Algodão",FALSE,CN,retail_maior,136,TRUE
1190,5e9d251ec741acb9f508e014,The Soul of A Mermaid Women Tank Tops Fashion Summer Vest Shirt Casual Graphic Tees Plus Size,8,22,100,1,4,17,9,4,0,3,1,"Summer,Vest,Fashion,Cotton Shirt,Shirt,graphic tee,Tops,Women's Fashion,tank top,Sleeveless Shirt,Racer back tank,women t shirt,Plus Size,mermaid,Tank,summervest,Casual,Women Fashion,Women",blue,50,43,50,65189,4.049640277,2. Baixo(100),800,Azul,3. Médio Impacto,None,0,FALSE,FALSE,FALSE,1,Standard Delivery,2. Barato,2. Normal,06. P (S),"Camisa, Colete, Regata, Top","Algodão/Poliéster, Algodão",FALSE,CN,retail_maior,175,TRUE
1191,5ec1ffa502f451526044f724,Women's Summer Slim-fit Print Strapless Sleeveless Dress,9,9,100,1,5,0,0,0,0,0,0,"Summer,woman fashion,printeddres,suspenderdres,Dress,Slim Fit,beach wear,Women's Fashion,Sleeveless dress,women dress,Print,sleeveless,Casual,strapless",white,50,44,50,246312,4.203725356,2. Baixo(100),1000,Branco,1. Baixo Impacto,None,0,FALSE,FALSE,FALSE,1,Standard Delivery,2. Barato,2. Normal,06. P (S),"Moda Praia, Vestido","Algodão/Poliéster, Nilon/Elastano, Poliéster, Algodão/Viscose, Algodão/Elastano, Poliéster/Elastano, Algodão",FALSE,CN,iguais,0,TRUE
1192,5eaa52eb9438b830d970731d,New Vogue Women Summer Sofy Casual   Funny Printed Sleeveless Long T Shirts  Mini Dress  Plus Size,8,9,1000,1,3.95,63,32,12,10,2,7,"vesttop,Mini,sleeveless,Plus Size,Shirt,minidresselvendre,Summer,Dress,printedvest,tank top,Mini dress,Funny,Women's Fashion,sleevelesstshirt,printed,Casual T-Shirt,lotusprinted,vogue,Casual,longshirtsforwomen,Women",black,50,41,50,36913,3.949421613,3. Médio(1000),790,Preto,4. Alto Impacto,None,0,FALSE,FALSE,FALSE,1,Standard Delivery,2. Barato,2. Normal,06. P (S),"Camiseta, Vestido, Camisa, Regata","Algodão/Poliéster, Algodão, Poliéster/Elastano, Poliéster",FALSE,CN,retail_maior,12,TRUE
1193,5f0e6c204e43471f765df4f0,Women Summer Half Sleeve Irregular Hem Bohemian long Dress,16,14,10,1,5,0,0,0,0,0,0,"bohodressesforwoman,irregularhemdre,Sleeve,Summer,long dress,Dress,beach dress,bohemiandresse,boho,bohemian,boho dress,halfsleevedre,bohemian dress,Women,Women's Fashion,mediasmujer",no_color_specified,2,40,50,1442,4.466019417,1. Micro(10),1000,Não Informado,0. Não Informado,None,0,FALSE,FALSE,FALSE,1,Standard Delivery,2. Barato,2. Normal,06. P (S),Vestido,"Algodão/Poliéster, Algodão/Viscose, Viscose/Poliéster",FALSE,CN,price_maior,-12,TRUE
1194,5db82c194989970842830ee5,Women Fashion Style Denim High Waisted Shorts Pants Summer Women Shorts Jeans,5,5,1000,1,4.1,166,95,28,21,9,13,"Summer,Panties,plus size jeans,Casual pants,Bottom,women's pants,Denim,pants,Short pants,Women's Fashion,Shorts,high waisted pants,Jeans,Fashion,shortsforwomen,Women",white,1,42,50,13909,4.356819326,3. Médio(1000),820,Branco,1. Baixo Impacto,None,1,FALSE,TRUE,FALSE,1,Standard Delivery,2. Barato,2. Normal,06. P (S),"Parte de Baixo, Calça, Jeans, Shorts","Algodão/Poliéster, Denim, Algodão",FALSE,CN,iguais,0,TRUE
1195,5d4105bcde7d5d3b599eaa26,NEW Summer Women Round Neck Dress Casual Sleeveless Dress Floral Printed Dress Slim Flower Dress Plus Size,6,6,10000,1,4,1244,648,233,180,76,107,"slim dress,fashion women,Plus Size,Floral,Necks,Summer,Dresses,Dress,neck dress,Round neck,floralprinted,Women's Fashion,Sleeveless dress,Flowers,dress slim,sleeveless,Women,slim,Casual,printed",black & white,47,35,50,12974,3.965700632,4. Alto(10000),800,Multicor/Estampado,1. Baixo Impacto,Scarcity,0,FALSE,FALSE,FALSE,1,Standard Delivery,2. Barato,2. Normal,06. P (S),Vestido,"Algodão/Poliéster, Poliéster/Viscose, Poliéster, Algodão/Viscose, Algodão/Elastano, Poliéster/Elastano, Algodão",TRUE,CN,iguais,0,TRUE
1196,5ec782e0a323520050bd869b,Letter Print Tie Dye Halter Sleeveless Long Dress Summer Cotton Bohemian Dress,18,59,10,0,2.67,6,1,0,3,0,2,"Summer,Fashion,halter dress,letter print,long dress,Dress,Women's Fashion,Tie Dye,sleeveless,Dyes,bohemian,Women,Halter,boho,Sleeveless dress,Print,bohemian dress,Cotton",pink,50,34,50,2038,4.501472031,1. Micro(10),534,Rosa,3. Médio Impacto,None,0,FALSE,FALSE,FALSE,0,Standard Delivery,2. Barato,2. Normal,06. P (S),Vestido,"Algodão, Algodão/Poliéster, Viscose/Poliéster, Poliéster, Algodão/Viscose",FALSE,CN,retail_maior,228,FALSE
1197,56fc8fb110d0170f68dcc789,Women Loose Maxi Dress Sling Polka Dot Pocket V-neck Summer Casual Vestido,8,7,20000,1,3.8,9330,4150,1941,1495,731,1013,"Summer,Strapless Dress,Fashion,long dress,polka dot,summer dress,Polkas,spaghettistrapdre,V-neck,Casual,Pocket,Women's Fashion,Sleeveless dress,polka dot dress,maxi dress,Dress,women dress,loose dress,Women",black,49,38,50,70773,4.038319698,5. Muito Alto(20000),760,Preto,4. Alto Impacto,Scarcity,0,FALSE,FALSE,FALSE,1,Standard Delivery,2. Barato,2. Normal,05. P (XS),Vestido,"Algodão/Poliéster, Viscose/Poliéster, Viscose/Algodão, Poliéster, Algodão/Viscose, Poliéster/Elastano, Algodão",TRUE,CN,price_maior,-12,TRUE
1199,5e478ea274ebb43c45f5615d,Women Summer Short Sleeve Shirt Off Shoulder Letter Print I Am Not Old I Am A Classic Cotton Shirt Tops Fashion Cartoon Car Shirt,5,25,10000,1,4.19,494,300,80,52,34,28,"Summer,Plus Size,letter print,Classics,Graphic Shirt,short sleeves,vintageshirt,Women's Fashion,Fashion,off shoulder,Cartoons,Cotton,Shorts,Cotton Shirt,Shirt,Sleeve,graphic tee,Cars,Tops,shirt women,Print,Women,tops for women",white,35,43,50,4524,3.865384615,4. Alto(10000),838,Branco,1. Baixo Impacto,None,0,FALSE,FALSE,FALSE,1,Standard Delivery,2. Barato,2. Normal,05. P (XS),"Camisa, Camiseta, Shorts, Top","Algodão, Algodão/Poliéster, Poliéster/Elastano, Poliéster, Algodão/Denim",FALSE,CN,retail_maior,400,TRUE
1200,5ea7929004129921f6ec8786,Summer Fashion Trousers Women Leggings Ripped Pants Slim Pants Army Green Tights Pants,5,10,100,0,4.08,12,7,2,1,1,1,"Summer,Leggings,Fashion,high waist,pants,slim,Women's Fashion,trousers,Green,Army,Women",wine,1,40,50,4150,4.252289157,2. Baixo(100),816,Vermelho,4. Alto Impacto,None,0,FALSE,FALSE,FALSE,0,Standard Delivery,2. Barato,2. Normal,04. PP (XXS),Calça,"Algodão/Poliéster, Algodão/Elastano, Algodão",FALSE,CN,retail_maior,100,FALSE
1201,5ea0f7839341bb1d6e41ec51,2020 Spring and Summer New Casual Lens Round Neck Cotton Sweater,26,168,100,1,4.15,20,9,8,1,1,1,"Summer,Fashion,Necks,Long Sleeve,Spring,Sweaters,Loose,Lens,Pullovers,Round neck,Casual,Casual sweater,Sweatshirts,Cotton,sweatersformen,Men Tops",black,50,17,50,131,3.854961832,2. Baixo(100),830,Preto,4. Alto Impacto,None,0,FALSE,FALSE,FALSE,1,Standard Delivery,3. Médio,2. Normal,07. M,"Pulôver, Camisa, Top","Algodão/Poliéster, Algodão",FALSE,CN,retail_maior,546,TRUE
1202,5ecc7c381d9d7640d5507759,Sleeveless Dress Women Summer Casual Printed Tank Dress Plus Size Dress,6,6,100,0,3.83,18,9,3,2,2,2,"Summer,Plus Size,Tank,Dresses,Dress,Loose,Mini dress,Women's Fashion,Sleeveless dress,off shoulder,printed,summer dress,sleeveless,women dress,Casual,Women",black & yellow,3,23,50,116,3.775862069,2. Baixo(100),766,Multicor/Estampado,3. Médio Impacto,None,0,FALSE,FALSE,FALSE,0,Standard Delivery,2. Barato,2. Normal,05. P (XS),Vestido,"Algodão/Poliéster, Poliéster/Elastano, Poliéster, Algodão/Viscose, Algodão",FALSE,CN,iguais,0,FALSE
1203,5e8aae44079d800040436ad9,Spring Summer Women Fashion Loose Causal Lace Sleeveless Pure Color  Vest Sexy Loose V Neck Tank Tops for Ladies Plus Size XS-5XL,5.78,9,100,1,3.71,28,15,3,2,3,5,"blouse,Summer,Vest,Fashion,Tank,Lace,Spring,Pure Color,tank top,Ladies,Women's Fashion,Plus Size,Cami Tank Tops,sexyblousetop,Summer Fashion,sleeveless,sexy,Women,Tops,Necks",black,14,43,50,33855,3.917353419,2. Baixo(100),742,Preto,4. Alto Impacto,None,0,FALSE,FALSE,FALSE,1,Standard Delivery,2. Barato,2. Normal,05. P (XS),"Blusa, Camisete, Regata, Top","Poliéster/Viscose, Algodão/Poliéster, Renda, Poliéster/Elastano, Algodão",FALSE,CN,retail_maior,56,TRUE
1204,5cb149f2b8ef3559d7a616a0,2019 Summer Women's Plus Size Knee-length Sling dress Sleeveless Casual Long Dress,5,7,20000,1,4.13,2409,1337,495,296,117,164,"Summer,Women's Fashion,Plus Size,black,long dress,sleeveless,Dress,Fashion,Casual,Women",winered,13,28,50,88193,4.080890774,5. Muito Alto(20000),826,Vermelho,4. Alto Impacto,None,0,FALSE,FALSE,FALSE,1,Standard Delivery,2. Barato,2. Normal,06. P (S),Vestido,"Algodão/Poliéster, Viscose/Poliéster",FALSE,CN,retail_maior,40,TRUE
1205,5e423fd2cfe75d335f1cb59f,Black Lace Trim Solid Biker Shorts For Women Activewear Summer Athleisure Female High Waist Skinny Shorts S-XXL,5.73,5,100,0,3.86,7,5,0,0,0,2,"Lace,Summer,Shorts,high waist shorts,high waist,lace trim,laceshort,blacklacetrim,summer shorts,biker,womans fashion,skinnyshort,solidbiker,black,summerathleisure,Women,shortsforwomen,black lace,Women's Fashion,Waist",white,50,42,50,885,4.155932203,2. Baixo(100),772,Branco,1. Baixo Impacto,None,0,FALSE,FALSE,FALSE,0,Standard Delivery,2. Barato,2. Normal,07. M,Shorts,"Algodão/Poliéster, Renda, Algodão",FALSE,CN,price_maior,-13,FALSE
1206,5cbaa75474447f0309226366,Plus Size Women Fashion Trendy Short Sleeve Lace Up Floral Print Blouses Tops & T-Shirts Casual Summer Lace Stitching Shirts,3.83,4,10000,0,3.64,1773,768,309,275,140,281,"blouse,Summer,Plus Size,Floral print,Lace,Sleeve,sleeve lace,Tops,topsamptshirt,beach wear,short sleeves,Floral,Women's Fashion,Shorts,Lace Up,Print,Women,Fashion,Casual,T Shirts,Shirt",orange,50,48,50,32168,3.884543646,4. Alto(10000),728,Laranja/Amarelo,3. Médio Impacto,Scarcity,0,FALSE,FALSE,FALSE,0,Standard Delivery,2. Barato,2. Normal,05. P (XS),"Moda Praia, Blusa, Camisa, Camiseta, Shorts, Top","Algodão/Poliéster, Nilon/Elastano, Poliéster/Viscose, Renda, Poliéster, Algodão",TRUE,CN,retail_maior,4,FALSE
1207,5a3e135e8b9e474d8ced3d13,Women Summer Fashion Leggings Short Pants Casual Shorts Boyfriend Jeans Solid Slim Fit Hot Shorts Plus Size S-5XL,7,6,100,0,3.69,71,31,12,11,9,8,"Leggings,fashionpantyhose,womenshortpant,Casual pants,pants,Women jeans,Short pants,Shorts,Casual,Women's Fashion,Fashion,Denim Shorts,pants women,fashion pants,Jeans,Women",navyblue,50,36,50,12134,3.866902917,2. Baixo(100),738,Azul,3. Médio Impacto,None,0,FALSE,FALSE,FALSE,0,Standard Delivery,2. Barato,2. Normal,06. P (S),"Calça, Jeans, Shorts","Algodão/Poliéster, Denim, Algodão",FALSE,CN,price_maior,-14,FALSE
1211,5ec61961f80b97293e308e3b,Women Summer Sleeveless Irregular Hem Dress Maxi Dress Plus Size Hippie Soul Letter Printed Beach Long Dress 5 Colors,6,6,10,0,4.75,4,3,1,0,0,0,"Summer,asymmetrical dress,hippie,long dress,Plus Size,summer dress,Women's Fashion,Sleeveless dress,boho dress,printed,maxi dress,Dress,women dress,Women,Beach,loose dress,sleeveless,casual dress",green,5,25,50,5123,3.958617997,1. Micro(10),950,Verde,3. Médio Impacto,None,0,FALSE,FALSE,FALSE,0,Standard Delivery,2. Barato,2. Normal,05. P (XS),Vestido,"Algodão/Poliéster, Viscose/Poliéster, Algodão/Viscose, Viscose/Algodão, Poliéster, Algodão",FALSE,CN,iguais,0,FALSE
1212,5d3009fcff0f8e20ef73d344,Womens Jumpsuit Summer Bib Pants Shorts Casual Loose Sleeveless Rompers Jumpsuit Suspenders Overalls XS-XXXL,2.65,3,20000,0,3.4,3443,1232,593,622,327,669,"Summer,Shorts,pants,Loose,Overalls,black,sleeveless,Casual,jumpsuit",orange,50,31,50,68022,4.320587457,5. Muito Alto(20000),680,Laranja/Amarelo,3. Médio Impacto,None,0,FALSE,FALSE,FALSE,0,Standard Delivery,2. Barato,2. Normal,05. P (XS),"Macacão, Jardineira/Macacão, Calça, Shorts","Algodão/Poliéster, Denim, Algodão",FALSE,CN,retail_maior,13,FALSE
1213,5e9fa7c9898d87003f5891cd,Women's Summer New Fashion Sports Shorts Solid Color Elastic Shorts Female Slim Fit Running Short Pants Gym Workout Elastic Casual Sports Short Pants,3.71,4,100,1,3.44,16,8,1,2,0,5,"Summer,Shorts,high waist,Elastic,Bottom,pants,athleticshort,Short pants,Running,Women's Fashion,Fashion,solid color,slim,Casual,Slim Fit",purple,1,23,50,12309,4.045170201,2. Baixo(100),688,Roxo,3. Médio Impacto,None,0,FALSE,FALSE,FALSE,1,Standard Delivery,2. Barato,2. Normal,05. P (XS),"Parte de Baixo, Calça, Shorts","Algodão/Poliéster, Elastano, Algodão/Elastano, Algodão",FALSE,CN,retail_maior,8,TRUE
1214,5dce171a4ce6af254aee6a13,New Fashion Women Sleeveless Solid Color Spaghetti Strap Package Hip Dress Casual Slim Fit Mini Dress Party Dress Summer Street Dress 5 Colors S-5XL,13,26,100,0,3.78,37,17,8,5,1,6,"Mini,slim,package hip dress,Fashion,Summer,fashion dress,Dress,summer dress,Party Dress,spaghettistrapdre,Mini dress,Slim Fit,Sleeveless dress,Spaghetti,party,women dress,Women,Women's Fashion,Casual,sleeveless,casual dress",beige,50,41,50,1022,3.863992172,2. Baixo(100),756,Tons Neutros,2. Baixo a Médio Impacto,None,0,FALSE,FALSE,FALSE,0,Standard Delivery,2. Barato,2. Normal,07. M,Vestido,"Algodão/Poliéster, Algodão/Viscose, Poliéster/Viscose, Poliéster/Elastano, Poliéster, Algodão/Elastano, Algodão",FALSE,CN,retail_maior,100,FALSE
1215,5d51228a93da464d5b2995fd,Jumpsuits Summer Simple Style Women Short Sleeve Jumpsuit Wide Leg Solid Color Business Wear,12,11,1000,0,3.59,181,69,42,27,13,30,"Summer,trousers,Sleeve,Simple,Loose,short sleeves,Round neck,Women's Fashion,Shorts,summerjumpsuit,solid color,Women,Wool,women Jumpsuit,Casual,jumpsuit",black,50,54,50,4924,3.819658814,3. Médio(1000),718,Preto,4. Alto Impacto,None,0,FALSE,FALSE,FALSE,0,Standard Delivery,2. Barato,2. Normal,06. P (S),"Macacão, Camiseta, Shorts","Algodão/Poliéster, Algodão",FALSE,CN,price_maior,-8,FALSE
1216,576ba1eb7f3351084cd0b578,Aowofs Men's Summer Cotton Overalls Summer Camouflage Loose Shorts,13,252,20000,0,3.91,12041,5723,2701,1656,751,1210,"Summer,Shorts,pants,camouflagepant,Men,Overalls,foreign trade,the new,camouflage,Pure Cotton,trousers,t,easy,fullmark,Cotton",black,50,35,50,45964,4.097119485,5. Muito Alto(20000),782,Preto,4. Alto Impacto,None,0,FALSE,FALSE,FALSE,0,Standard Delivery,2. Barato,2. Normal,15. Calçados / Numerações,"Jardineira/Macacão, Calça, Shorts","Algodão/Poliéster, Algodão, Denim",FALSE,CN,retail_maior,1838,FALSE
1217,5b3dd07615e1a54aa30f6117,Mother and Daughter Casual Boho Stripe Maxi Dress Mom & Kids Matching Set Outfit,12,168,5000,0,4.09,529,288,113,60,26,42,"Women S Clothing,maxi summer dresses,Mother,Dress,motherdaughterdresse,momandkid,Outfits,Casual,boho,Women's Fashion,Sleeveless dress,striped dress,Stripes,women dress,boho dress,motherdaughtermatchingclothe,kids",black,50,52,50,73595,4.385691963,4. Alto(10000),818,Preto,4. Alto Impacto,Scarcity,0,FALSE,FALSE,FALSE,0,Standard Delivery,2. Barato,2. Normal,01. Infantil,Vestido,"Viscose/Poliéster, Algodão/Poliéster, Algodão/Viscose, Algodão",TRUE,CN,retail_maior,1300,FALSE
1218,5cda67f81d74dd124be0aa84,Ladies Summer Skeleton Print Crop Top,5.69,17,5000,0,4.31,922,568,183,105,24,42,"Summer,Fashion,crop top,Skeleton,skullprint,skeletonprint,Tops,tank top,sleeveless crop top,Ladies,Women's Fashion,sleeveless tops,Print,sleeveless,cropped top,summer tops",white,50,43,50,9465,4.138404649,4. Alto(10000),862,Branco,1. Baixo Impacto,None,0,FALSE,FALSE,FALSE,0,Standard Delivery,2. Barato,2. Normal,07. M,"Top, Regata","Algodão/Poliéster, Poliéster, Algodão",FALSE,CN,retail_maior,199,FALSE
1219,5ccd040271a18b65332a83d7,Summer Loose Large Size Printed Womens Sleeveless Dress Cake Skirt,6,8,10000,1,3.79,1010,477,180,152,70,131,"Summer,long dress,plus size dress,Dress,summer dress,Women Skirts,Women's Fashion,Sleeveless dress,women's dress,sleeveless,Cake,summer dresses,printed,Skirts,loose dress,Girls Clothes,Cotton",purple,50,6,50,10665,4.07379278,4. Alto(10000),758,Roxo,3. Médio Impacto,Scarcity,0,FALSE,FALSE,FALSE,1,Standard Delivery,2. Barato,2. Normal,06. P (S),Vestido,"Algodão, Algodão/Poliéster, Viscose/Poliéster, Viscose/Algodão, Algodão/Viscose, Poliéster",TRUE,CN,retail_maior,33,TRUE
1220,5d02053561ba8679fdbc3082,Summer New Fashion Women Two Pieces Sleepwear Soft Silk Casual Pajama Sets(6 Colors) ,11,10,1000,1,4.1,413,238,75,43,19,38,"pajamaset,Fashion,sexy pajamas for womens,silksleepwearforwomen,silksleepwear,pajamassuit,Casual,Women's Fashion,Summer,Sleepwear,pajamasforwomen,silksleepwearnightgown,silk,pajamassleepwear,women's pajamas,Women",red,50,29,50,17922,4.380203102,3. Médio(1000),820,Vermelho,4. Alto Impacto,None,1,TRUE,FALSE,FALSE,1,Standard Delivery,2. Barato,2. Normal,05. P (XS),"Pijama, Roupa de Dormir","Algodão/Poliéster, Algodão/Viscose, Poliéster/Elastano, Algodão",FALSE,CN,price_maior,-9,TRUE
1221,5ea3b3e93b0e9b0ef3af91c3,Women's Fashion Summer Sexy Lace Bandage Shirt Top Solid Color Sleeveless Slim Top,5,5,100,0,3.75,20,9,3,3,4,1,"suspenders,Summer,Fashion,Lace,button,slim,Women's Fashion,sexy lace,sexy,solid color,sleeveless,Tops,Shirt",pink,50,50,50,3053,3.858499836,2. Baixo(100),750,Rosa,3. Médio Impacto,None,0,FALSE,FALSE,FALSE,0,Standard Delivery,2. Barato,2. Normal,06. P (S),"Camisa, Top","Plástico/Metal, Algodão/Poliéster, Renda, Poliéster/Elastano, Algodão/Elastano, Algodão",FALSE,CN,iguais,0,FALSE
1223,5e40f1398d75d64239efbb87,NEW Fashion Women Vintage Vertical Striped Mini Sexy Button Cami Spring and Summer Dresses,11,10,5000,0,3.56,402,168,69,56,37,72,"Summer,Plus Size,Mini,Spring,Dress,slim,Cami,Women's Fashion,dressesforwomen,Vintage,sexy,Striped,Women,Fashion,button,Vintage dress",black,50,41,50,20037,3.880071867,4. Alto(10000),712,Preto,4. Alto Impacto,Scarcity,0,FALSE,FALSE,FALSE,0,Standard Delivery,2. Barato,2. Normal,06. P (S),"Camisete, Vestido","Plástico/Metal, Algodão/Poliéster, Poliéster/Elastano, Algodão/Elastano, Algodão, Algodão/Denim",TRUE,CN,price_maior,-9,FALSE
1224,5e9fa7de39682a0043ab7898,New Fashion Summer Women Casual Dress Round Neck Loose Big Swing Skirt Sleeveless Soild Color Beach dress,5.65,10,100,1,2.86,7,1,1,2,2,1,"Summer,Fashion,Necks,Skirts,Dress,Loose,Women's Fashion,Round neck,beach dress,sleeveless,Beach,Casual,Women",black,1,41,50,17752,3.899673276,2. Baixo(100),572,Preto,4. Alto Impacto,None,0,FALSE,FALSE,FALSE,1,Standard Delivery,2. Barato,2. Normal,04. PP (XXS),Vestido,"Algodão/Poliéster, Algodão/Viscose, Algodão",FALSE,CN,retail_maior,77,TRUE
1225,5c2320b1c68b9858ff6fff97,Plus Size Fashion Women's Summer Casual Short Sleeve Solid Color Beach Dress with Pockets Deep V-neck Loose Pleated Cotton Mini Dress Loose,5.85,5,10000,0,3.55,1004,402,172,168,96,166,"Mini,short sleeve dress,Summer,plus size dress,Pleated,short sleeves,V-neck,Mini dress,beach dress,Party Dress,t-shirt dress,Casual,casual dress,Deep V-Neck,Shorts,Sleeve,Beach,Plus Size,summer dress,Women's Fashion,Cotton Dress,Dress,women dress,Cotton,Fashion,loose dress",black,50,20,50,7314,3.938200711,4. Alto(10000),710,Preto,4. Alto Impacto,None,0,FALSE,FALSE,FALSE,0,Standard Delivery,2. Barato,2. Normal,05. P (XS),"Vestido, Camisa, Camiseta, Shorts","Algodão/Poliéster, Algodão/Viscose, Algodão, Poliéster/Elastano, Viscose/Algodão, Poliéster",FALSE,CN,price_maior,-15,FALSE
1226,5ceb892ba24a0f04545c69cd,Women's Bikini Cut Flower Two Piece Swimsuit Pushups Swimwear Beachwear,8,85,100,0,4.11,19,12,0,5,1,1,"summer bikini,women swimsuit,brasbraset,sexy bikini,Swimsuit,floral bikini,Swimwear,Bikini,beach dress,Fashion,pushupswimsuittop,Flowers,women bathing suit,beachwear for women,Nylon,Swimming",blue,10,42,50,14664,4.231928532,2. Baixo(100),822,Azul,3. Médio Impacto,None,0,FALSE,FALSE,FALSE,0,Standard Delivery,2. Barato,2. Normal,07. M,"Vestido, Biquíni, Sutiã, Maiô/Biquíni, Moda Praia","Algodão/Poliéster, Algodão/Viscose, Nilon/Elastano, Poliéster/Viscose, Poliéster/Elastano, Algodão",FALSE,CN,retail_maior,962,FALSE
1227,5c8b7042b5154f67e6e2e327,XS-8XL Plus Size Summer Women Casual Solid Color Loose Sleeveless Beach Tank Top Dress Deep V-neck Short Club Party Mini Halter Dresses Knee Length Pleated Skirts Ladies Fashion Swing Cotton Dress,6,6,5000,1,4.13,616,341,125,74,39,37,"Mini,Fashion,halter dress,Summer,plus size dress,Pleated,tank top,Party Dress,summer dresses,Skirts,Casual,Cotton,Deep V-Neck,Ladies Fashion,Tops,Sleeveless dress,Ladies,women dress,Women,Beach,sleeveless,Plus Size,Halter,Dress,V-neck,Mini dress,Women's Fashion,party,knee,casual dress,Shorts,Tank,Cotton Dress,loose dress",navyblue,1,18,50,15436,4.040554548,4. Alto(10000),826,Azul,3. Médio Impacto,None,0,FALSE,FALSE,FALSE,1,Standard Delivery,2. Barato,2. Normal,05. P (XS),"Vestido, Shorts, Regata, Top","Algodão/Poliéster, Algodão/Viscose, Algodão, Poliéster/Elastano, Viscose/Algodão, Poliéster",FALSE,CN,iguais,0,TRUE
1228,5d11bd97dc99724d81941cf4,Sling Dress Summer V-neck Floral Pleated Strap Casual Pocket Large Dress,11,10,100,0,3.96,115,59,21,15,11,9,"Summer,Dresses,Dress,Pleated,summer dress,V-neck,Casual,Pocket,Women's Fashion,Sleeveless dress,slingdres,women dress,Floral,sleeveless,loose dress,casual dress",white & green,50,14,50,5175,3.870917874,2. Baixo(100),792,Multicor/Estampado,1. Baixo Impacto,None,0,FALSE,FALSE,FALSE,0,Standard Shipping,2. Barato,2. Normal,06. P (S),Vestido,"Algodão/Poliéster, Algodão/Viscose, Poliéster/Viscose, Viscose/Algodão, Algodão",FALSE,CN,price_maior,-9,FALSE
1229,5ccd5605944e530bfb02d203,Side Split Letter Print Curved Hem Casual Dress Summer Sport Style T Shirt Dress Plus Size,14,26,5000,0,4.12,437,251,80,47,24,35,"Summer,Plus Size,Shirt,letter print,splitdre,Dress,Mini dress,Women's Fashion,Fashion,splits,Print,Sport,Casual",white,50,43,50,4220,4.109952607,4. Alto(10000),824,Branco,1. Baixo Impacto,None,0,FALSE,FALSE,FALSE,0,Standard Delivery,2. Barato,2. Normal,06. P (S),"Vestido, Camisa","Algodão/Poliéster, Poliéster/Elastano, Poliéster, Algodão",FALSE,CN,retail_maior,86,FALSE
1231,5d2d7c75d7bd6303731a556f,2019 Fashion Women Summer V-Neck Sleeveless Collect Waist Boho Print Maxi Long Dress S-XXXXXL,18,76,100,0,3.56,120,47,24,19,9,21,"Sleeveless dress,women's plus size fashion,Waist,plus size dress,Dress,waistcollection,V Neckdress,boho,V-neck,Women's Fashion,Party Dress,summer dress,maxi dress,Print,bohemian dress,Fashion,sleeveless,Women",green,9,41,38,8950,4.274301676,2. Baixo(100),712,Verde,3. Médio Impacto,Scarcity,0,FALSE,FALSE,FALSE,0,Standard Delivery,2. Barato,2. Normal,09. GG (XL),Vestido,"Algodão/Poliéster, Viscose/Poliéster, Poliéster, Poliéster/Elastano, Algodão/Viscose, Algodão",TRUE,CN,retail_maior,322,FALSE
1232,5dd62bc4971b429f13c186b8,NEW Summer Fashion Women Ladies Maxi Dresses Sleeveless Casual V-Neck Gradient Color Beach Long Dress Solid Color Party Evening Plus Size S-5XL,5,22,1000,0,3.32,395,146,64,53,36,96,"sleeveless,Plus Size,Summer,long dress,Evening Dress,Dress,summer dress,Women's Fashion,maxi dress,beach dress,Fashion,V-neck,party,women dress,Ladies,Party Dresses,Robes,Beach,Casual,Women",pink,50,39,50,3809,3.582830139,3. Médio(1000),664,Rosa,3. Médio Impacto,None,0,FALSE,FALSE,FALSE,0,Standard Delivery,2. Barato,2. Normal,06. P (S),"Vestido, Robe","Algodão/Poliéster, Algodão/Viscose, Viscose/Poliéster, Poliéster, Poliéster/Elastano, Poliéster/Algodão, Algodão",FALSE,CN,retail_maior,340,FALSE
1234,591a98617e26c61eceb2a581,S-5XL Summer Women Casual Tops Off Shoulder Fashion Female T Shirt Plus Size Blouse,8,65,5000,0,4.14,1366,752,300,156,76,82,"blouse,Summer,Fashion,Shirt,tee shirt women,Tops,Women's Fashion,T Shirts,Plus Size,topsampblouse,Casual,Women",black,50,93,50,20824,4.063724549,4. Alto(10000),828,Preto,4. Alto Impacto,None,0,FALSE,FALSE,FALSE,0,Standard Delivery,2. Barato,2. Normal,08. G (L),"Blusa, Camisa, Camiseta, Top","Poliéster/Viscose, Algodão/Poliéster, Algodão",FALSE,CN,retail_maior,712,FALSE
1235,5e9fe3edda7e8a20bf1975ff,Juice-Wrld Letter Printed Crop Top And Shorts Set Summer Short Sleeve Crop Top And Elastic Beach Shorts Casual Two Pieces,16,14,50,0,3.72,18,8,5,0,2,3,"Summer,croptopandshortsset,Fashion,letterprintedshirt,women crop top,Sleeve,Shorts,Tops,juicewrldshirt,casualshortswomen,short sleeves,Beach Shorts Women,Elastic,printed,casualtwopiece,juicewrld,summershortswomen,Beach,Casual,summercroptop",offblack,2,37,2,5508,4.322984749,2. Baixo(100),744,Preto,4. Alto Impacto,None,0,FALSE,FALSE,FALSE,0,Standard Delivery,2. Barato,2. Normal,10. XG (2XL),"Camisa, Camiseta, Shorts, Top","Algodão/Poliéster, Elastano, Poliéster, Algodão",FALSE,CN,price_maior,-12,FALSE
1236,5ca1b478f31dbc0a7a353b40,XS-8XL Women's Fashion Summer Casual T Shirts Plus Size Short Sleeve Hollow Out Stitching Lace Blouses Candy Color Loose Casual O-neck Solid Color Oversize Tops,5.74,5,5000,0,3.9,1179,617,169,177,88,128,"blouse,Tops & Tees,Shorts,Cotton Shirt,Lace,Hollow-out,Women Blouse,Food,summer t-shirts,short sleeves,candy,Casual,T Shirts,Summer,Tops & T-Shirts,loose t-shirt,short sleeve shirt,Sleeve,Shirt",green,6,20,50,11854,4.094904674,4. Alto(10000),780,Verde,3. Médio Impacto,None,0,FALSE,FALSE,FALSE,0,Standard Delivery,2. Barato,2. Normal,05. P (XS),"Blusa, Camisa, Camiseta, Shorts, Top","Poliéster/Viscose, Algodão/Poliéster, Algodão, Renda",FALSE,CN,price_maior,-13,FALSE
1237,5cef6f0d2b18ce107dff9f21,Women's Capri Leggings In Jeans 3/4 Summer Leggings Jeggings Skinny Butterfly Printed Jegging Pants,8,7,10000,0,3.71,2747,1253,470,390,233,401,"butterfly,caprisforwomen,skinngjean,Plus Size,Casual pants,Summer,pants,yoga pants,Leggings,jeggingsjeansforwomen,summerpant,jeggingsforwomen,printed,leggingsamptight,Jeans,Women Fashion",blue,50,43,50,65189,4.049640277,4. Alto(10000),742,Azul,3. Médio Impacto,None,0,FALSE,FALSE,FALSE,0,Standard Delivery,2. Barato,2. Normal,07. M,"Calça, Jeans","Algodão/Poliéster, Denim, Poliéster, Algodão, Nilon/Elastano",FALSE,CN,price_maior,-12,FALSE
1238,5cb6c6e841ec3b10cad8e77f,2019 New Summer Fashion Sleeveless Lace Patchwork Tank Top Irregular Hem Cami Tank Top,8,7,20000,0,3.63,2058,902,319,324,191,322,"Summer,Plus Size,tunic,Lace,Tank,Tops,Loose,camisoles for women,tank top,Fashion,sleeveless,sexy,Casual,Women Fashion",black,50,43,50,65189,4.049640277,5. Muito Alto(20000),726,Preto,4. Alto Impacto,Scarcity,0,FALSE,FALSE,FALSE,0,Standard Delivery,2. Barato,2. Normal,06. P (S),"Camisete, Regata, Top, Túnica","Algodão/Poliéster, Poliéster/Viscose, Renda, Poliéster/Elastano, Algodão, Algodão/Viscose",TRUE,CN,price_maior,-12,FALSE
1239,5c9ac9b36b682b47155e1a58,Summer Fashion Women Casual Solid One-shoulder Vest Slim Fit Sleeveless Top Hole Sports Shirts,3,14,100,0,3.9,51,25,11,6,3,6,"Women Vest,Vest,topsamptshirt,Shirt,one-shoulder,Tops,Slim Fit,Women's Fashion,slim,Women Clothing,Summer,Women,Casual T-Shirt,Summer Fashion,sleeveless,Sport,Fashion,Casual,Sports Wear,vestforwoman",grey,50,41,50,9395,4.110058542,2. Baixo(100),780,Cinzento,2. Baixo a Médio Impacto,Scarcity,0,FALSE,FALSE,FALSE,0,Standard Delivery,2. Barato,2. Normal,06. P (S),"Camiseta, Camisa, Top, Colete","Algodão/Poliéster, Algodão, Algodão/Elastano",TRUE,CN,retail_maior,367,FALSE
1241,5dde06cf1a6aa6391f0da3fc,Summer Women s  Fashion  Lace Up Tie Pants  Plus Size Casual High Waist Short Pants,2,6,1000,0,3.32,121,41,23,19,10,28,"Summer,Shorts,high waist shorts,high waist,Casual pants,pants,summer shorts,Waist,Slim Fit,Short pants,Women's Fashion,Plus Size,Lace Up,Women,Fashion,Casual,Lace",red,1,36,50,543,4.119705341,3. Médio(1000),664,Vermelho,4. Alto Impacto,None,0,FALSE,FALSE,FALSE,0,Standard Delivery,2. Barato,2. Normal,05. P (XS),"Calça, Shorts","Algodão/Poliéster, Renda, Algodão/Elastano, Algodão",FALSE,CN,retail_maior,200,FALSE
1244,5d11bfcf5ac86e1fbfb52b8f,Summer Women Sling Dress V-neck Floral Pleated Strap Casual Pocket Large Dress,11,10,5000,0,4.03,756,387,163,104,46,56,"Summer,Sling,Dresses,Dress,V-neck,Casual,Pocket,Women's Fashion,Sleeveless dress,women dress,Floral,sleeveless,Women,loose dress,Pleated,casual dress",white & green,50,14,50,8821,3.872009976,4. Alto(10000),806,Multicor/Estampado,1. Baixo Impacto,None,0,FALSE,FALSE,FALSE,0,Standard Delivery,2. Barato,2. Normal,06. P (S),Vestido,"Algodão/Poliéster, Algodão/Viscose, Poliéster/Viscose, Viscose/Algodão, Algodão",FALSE,CN,price_maior,-9,FALSE
1245,5d806bcf77593b45bd7cff78,Women Fashion Swimwear Two Pieces Split Bikini Set Summer Printed Beach Bathing Swimsuits,9,9,1000,0,4.2,300,188,51,20,15,26,"Summer,sexy bathing suit,Bikinis Set,splitbikiniset,Swimwear,Swimsuit,Bikini,Fashion,Two Pieces,printed,Women's Fashion,Women,Beach,splits",red,30,40,50,82219,3.590082584,3. Médio(1000),840,Vermelho,4. Alto Impacto,None,0,FALSE,FALSE,FALSE,0,Standard Delivery,2. Barato,2. Normal,06. P (S),"Biquíni, Maiô/Biquíni, Moda Praia","Algodão/Poliéster, Nilon/Elastano, Poliéster, Poliéster/Elastano, Algodão",FALSE,nao_informado,iguais,0,FALSE
1249,5ea13adaa3cf3440f5d1605d,XS-8XL Plus Size Fashion Clothes Summer Dresses Women's Casual Sleeveless Beach Dress Gradient Color Cotton Dress Deep V-neck Off Shoulder Long Dress Ladies Loose Halter Party Dress,5,5,1000,1,2.98,102,33,13,10,11,35,"Deep V-Neck,Plus Size,halter dress,Halter,Summer,long dress,Dress,V-neck,beach dress,Party Dress,sleeveless,Casual,Clothes,maxide,Beach,summer dress,Women's Fashion,Cotton Dress,Sleeveless dress,Ladies,party,Cotton,Fashion,loose dress",pink,2,20,50,10320,3.90494186,3. Médio(1000),596,Rosa,3. Médio Impacto,Scarcity,0,FALSE,FALSE,FALSE,1,Standard Delivery,2. Barato,2. Normal,05. P (XS),Vestido,"Algodão/Poliéster, Algodão/Viscose, Algodão, Poliéster/Elastano, Viscose/Poliéster, Viscose/Algodão, Poliéster",TRUE,CN,iguais,0,TRUE
1250,5cb0327791033211722bcb97,"Summer Beach Safety Shorts Lady Leggings Pants Lace Seamless Fashion Women(3 Colors,S-6XL)",6,6,1000,1,3.98,330,160,76,44,26,24,"undersafetypant,Summer,Underwear,Panties,high waist,boxer shorts,pants,Body Shapers,Leggings,Shorts,Knickers,Boxer,Seamless,Beach,safetypant,Fashion,Lace",black,50,26,50,1428,4.351540616,3. Médio(1000),796,Preto,4. Alto Impacto,None,1,TRUE,FALSE,FALSE,1,Standard Delivery,2. Barato,2. Normal,05. P (XS),"Calça, Shorts","Algodão/Poliéster, Renda, Algodão",FALSE,CN,iguais,0,TRUE
1251,5b5928df126bde74e5771563,Women's Ten Colors Pure Color Dress Short Sleeve Summer Dress Tunic S-XXL Dresses for Women,13,11,1000,0,4.14,582,313,139,66,28,36,"Summer,short sleeve dress,tunic,Sleeve,Pure Color,tunicsforwomen,short sleeves,Cotton Dress,Women's Fashion,Shorts,summer dress,fashion dresses,Dress,summer dresses,Women,short skirt,casual dress",black,50,36,50,6329,4.162900932,3. Médio(1000),828,Preto,4. Alto Impacto,None,0,FALSE,FALSE,FALSE,0,Standard Delivery,2. Barato,2. Normal,06. P (S),"Vestido, Camiseta, Shorts, Túnica","Algodão/Poliéster, Algodão/Viscose, Algodão, Poliéster/Viscose",FALSE,CN,price_maior,-15,FALSE
1253,5df1d0d196708b08bd77de84,Summer Women Short Sleeved Casual Sleeveless Stripe T Shirts Dress Tunic Waist Dresses Beach Vestido Plus Size XS-8XL,11,10,1000,0,3.97,212,109,42,28,11,22,"Summer,Plus Size,women dresses,long dress,Evening Dress,Dress,casual dresses,beach dress,Stripes,sleeveless,summer dresses,Casual,casual dress,Shorts,tunic,Shirt,Waist,summer dress,Women's Fashion,Sleeveless dress,women dress,Women,Beach",red,50,21,50,543,3.931860037,3. Médio(1000),794,Vermelho,4. Alto Impacto,None,0,FALSE,FALSE,FALSE,0,Standard Delivery,2. Barato,2. Normal,05. P (XS),"Vestido, Camisa, Shorts, Túnica","Algodão/Poliéster, Algodão/Viscose, Viscose/Poliéster, Algodão",FALSE,CN,price_maior,-9,FALSE
1256,5cc15531a59fb0422d35df06,Summer New Fashion Women Ice Silk Sleepwear Sexy Lace Night Dress(11 Colors),9,8,1000,1,4.24,192,120,32,19,9,12,"sexy sleepwear dress,Summer,silk,Lace,Dress,silksleepwear,Nightgown,Women's Fashion,Fashion,sexy lace,Sleepwear,Women,sexy,pyjamaswomen,loose dress,Ice",violet,50,28,50,794,4.298488665,3. Médio(1000),848,Roxo,3. Médio Impacto,None,2,TRUE,TRUE,FALSE,1,Standard Delivery,2. Barato,2. Normal,05. P (XS),"Vestido, Roupa de Dormir","Algodão/Poliéster, Renda, Viscose/Algodão, Poliéster/Elastano, Algodão/Viscose, Algodão",FALSE,CN,price_maior,-11,TRUE
1257,5d3eba3f20e552131d7dcb40,New Fashion Women Loose Round Neck Dress Short Sleeve Solid Color Casual Dress,12,11,100,0,3.6,30,14,3,5,3,5,"Summer,Fashion,Necks,Sleeve,Dress,neck dress,short sleeves,Round neck,Women's Fashion,Shorts,Loose,Casual,Women",black,50,38,50,105015,3.789601486,2. Baixo(100),720,Preto,4. Alto Impacto,Scarcity,0,FALSE,FALSE,FALSE,0,Standard Delivery,2. Barato,2. Normal,07. M,"Vestido, Camiseta, Shorts","Algodão/Poliéster, Algodão",TRUE,nao_informado,price_maior,-8,FALSE
1258,5e9ff3e48b0b220dc5fe08b5,Women Fashion Loose Casual Sleeveless Floral Print Round Neck Tops Summer Vest Camisole Casual Plus Size Loose Tank Tops,5.75,25,1000,0,3.67,117,55,19,14,7,22,"Summer,Vest,Fashion,Floral print,camisole,Tank,Tops,Loose,Round neck,Floral,Women's Fashion,Plus Size,Print,sleeveless,Women,Casual,Necks",yellow,50,25,50,706,4.209631728,3. Médio(1000),734,Laranja/Amarelo,3. Médio Impacto,None,0,FALSE,FALSE,FALSE,0,Standard Delivery,2. Barato,2. Normal,06. P (S),"Camisete, Top","Algodão/Poliéster, Poliéster/Viscose, Poliéster, Algodão",FALSE,CN,retail_maior,335,FALSE
1260,5c99cc1d987d733441c90588,Women Strapless Ruched Tube Top Shirt Backless Stretchy Tunic Shirt for Women,11,102,1000,1,4.15,674,366,161,69,35,43,"strapless,softcomfortable,tunic,Shirt,Tube top,sexy shirts,Plus size top,beach wear,Tops,loose shirt,Women's Fashion,Fashion,backless,Strapless Top,causaltop,summer tops,stretchytop,Women",black,33,41,50,8191,4.190208766,3. Médio(1000),830,Preto,4. Alto Impacto,None,0,FALSE,FALSE,FALSE,1,Standard Delivery,2. Barato,2. Normal,06. P (S),"Moda Praia, Camisa, Top, Túnica","Poliéster/Elastano, Algodão/Poliéster, Nilon/Elastano, Algodão/Viscose, Algodão",FALSE,CN,retail_maior,827,TRUE
1261,5df1ecfd5ae3500bbf3ba4d4,Summer Women's Plus Size Knee-length Sling dress Sleeveless Casual Long Dress,11,47,100,0,4.39,23,14,7,0,1,1,"Summer,Plus Size,long dress,Dress,Women's Fashion,Fashion,black,sleeveless,Casual,Women",armygreen,50,40,50,7197,4.360983743,2. Baixo(100),878,Verde,3. Médio Impacto,None,0,FALSE,FALSE,FALSE,0,Standard Shipping,2. Barato,2. Normal,12. Plus Size (4XL),Vestido,"Algodão/Poliéster, Viscose/Poliéster",FALSE,CN,retail_maior,327,FALSE
1262,5e1c35b8fcc85c5446a0a8af,Summer Fashion Women Backless Strap Siamese Floral Printed Trousers Deep V-neck Drawstring Cotton Jumpsuit Sleeveless Combinaison Femme,7,6,100,0,3.83,18,10,2,2,1,3,"Deep V-Neck,Summer,Fashion,Cotton,pants,Jumpsuits & Rompers,V-neck,Rompers,Floral,Women's Fashion,trousers,backless,rompers womens jumpsuit,Women's Jumpsuits,sleeveless,printed,Women,women Jumpsuit,playsuit,jumpsuit",black,1,26,50,75,3.826666667,2. Baixo(100),766,Preto,4. Alto Impacto,Scarcity,0,FALSE,FALSE,FALSE,0,Standard Delivery,2. Barato,2. Normal,04. PP (XXS),"Macacão, Calça, Conjunto/Terno","Poliéster/Elastano, Algodão, Algodão/Poliéster, Poliéster/Viscose, Poliéster, Poliéster/Algodão",TRUE,CN,price_maior,-14,FALSE
1264,5ecc88113630a4376e694457,NEW Summer Women s Fashion Loose Shorts Elastic Waist Short Pants Casual Shorts,2.9,3,100,1,3.89,19,9,5,1,2,2,"Summer,baggyshort,Shorts,Waist,Elastic,pants,Short pants,Simple Style,stretchshort,sandybeach,elastic waist,Fashion,Casual,Women",black,6,139,50,163,4.190184049,2. Baixo(100),778,Preto,4. Alto Impacto,None,0,FALSE,FALSE,FALSE,1,Standard Delivery,2. Barato,2. Normal,05. P (XS),"Calça, Shorts","Algodão/Poliéster, Elastano, Algodão",FALSE,CN,retail_maior,3,TRUE
1265,5d4e1c578d4d082786c90cc8,'Let That Shit Go' Women Graphic Tee Casual Cotton Short Sleeve T-shirts Bohemia Style Mandala Namaste Printed Top Blouse,8,9,10000,0,3.95,903,475,148,135,50,95,"bohemia,Fashion,printed,Women Blouse,short sleeves,yoga top,Cool T-Shirts,Women's Fashion,casual shirt,Summer Fashion,short sleeve shirt,mandala,Casual,Women,blouse,Shorts,Sleeve,graphic tee,funnytee,T Shirts,boho,Cotton,Tops,women t shirt",winered,11,39,50,24564,3.928879661,4. Alto(10000),790,Vermelho,4. Alto Impacto,Scarcity,0,FALSE,FALSE,FALSE,0,Standard Delivery,2. Barato,2. Normal,06. P (S),"Blusa, Camiseta, Camisa, Shorts, Top","Poliéster/Viscose, Algodão/Poliéster, Algodão, Poliéster, Nilon/Elastano",TRUE,CN,retail_maior,12,FALSE
1268,5ed1d07c3577612ab0072657,Summer Women Sling Dress V-neck Floral Pleated Strap Casual Pocket Large Dress,8,7,100,0,4.2,10,4,5,0,1,0,"Summer,Sling,Dresses,Dress,V-neck,Casual,Pocket,Women's Fashion,Sleeveless dress,women dress,Floral,sleeveless,Women,loose dress,Pleated,casual dress",white & green,4,20,50,88,3.931818182,2. Baixo(100),840,Multicor/Estampado,1. Baixo Impacto,None,0,FALSE,FALSE,FALSE,0,Standard Delivery,2. Barato,2. Normal,05. P (XS),Vestido,"Algodão/Poliéster, Algodão/Viscose, Poliéster/Viscose, Viscose/Algodão, Algodão",FALSE,CN,price_maior,-12,FALSE
1269,5ea90eed651012211b49959b,Women Causal Short Sleeve Eye Lip Print Graphic Tee Shirts Plus Size V Neck Plus Size Tshirts Tops Fashion Cute Funny Blouse Shirts,5.86,59,1000,1,4.06,223,120,44,29,13,17,"shirtsforwomen,Summer,Plus Size,cute,Graphic Shirt,short sleeves,casual shirt,Women's Fashion,Fashion,V-neck,eye,Necks,blouse,Funny,Shorts,Cotton Shirt,Shirt,Sleeve,loose shirt,Tops,graphic tee,lip,funnyshirt,Print,Women",pink,6,41,50,18877,4.079885575,3. Médio(1000),812,Rosa,3. Médio Impacto,None,0,FALSE,FALSE,FALSE,1,Standard Delivery,2. Barato,2. Normal,05. P (XS),"Blusa, Camisa, Camiseta, Shorts, Top","Poliéster/Viscose, Algodão/Poliéster, Algodão, Algodão/Viscose, Poliéster",FALSE,CN,retail_maior,907,TRUE
1273,5a35a744daa5c76df424c228,Women Bikini Bandage Push Up Swimwear Lace One Piece Swimsuit Bathing Beachwear,13,68,5000,0,3.79,1095,488,228,168,87,124,"womensummerclothe,Fashion,Lace,Bikini swimwear,women swimsuit,onepiece,beachwera,Lace Bikini,Women's Fashion,bikinis women,Bikini,Swimwear,women swimwear,bikini sexy,Women,women bathing suit,bangdagebikini,Swimsuit,Swimming",black,50,66,50,24306,4.236690529,4. Alto(10000),758,Preto,4. Alto Impacto,Scarcity,0,FALSE,FALSE,FALSE,0,Standard Delivery,2. Barato,2. Normal,06. P (S),"Biquíni, Maiô/Biquíni, Moda Praia","Algodão/Poliéster, Nilon/Elastano, Renda, Poliéster/Elastano, Algodão",TRUE,US,retail_maior,423,FALSE
1275,5b14b26c978bdd2c6e21d987,Women Summer Spaghetti Strap Off Shoulder Sleeveless Oversized Solid Color Dress Vintage Ruffle Evening Party Plus Size Dress Adjustable Strappy A-line Dress Skater Pleat Dress with Button,8,7,100,0,4.04,139,72,31,17,8,11,"Sleeveless dress,Plus Size,pleated dress,Summer,Vintage,button,summer dress,Spaghetti Strap,Cotton Dress,Women's Fashion,Party Dress,strappy,party,vestido,women dress,ruffle,Women,Spaghetti,Dress,sleeveless,casual dress",purple,1,37,50,12745,4.277991369,2. Baixo(100),808,Roxo,3. Médio Impacto,None,0,FALSE,FALSE,FALSE,0,Standard Delivery,2. Barato,2. Normal,05. P (XS),Vestido,"Plástico/Metal, Algodão/Poliéster, Algodão/Viscose, Algodão, Poliéster, Poliéster/Elastano, Algodão/Denim",FALSE,CN,price_maior,-12,FALSE
1276,5cf2af4e5d3c271292063d27,ZANZEA Women Summer Floral Printed Vintage Midi Dress Casual Loose Dress,14,102,1000,0,4.18,197,104,52,26,2,13,"Summer,short sleeve dress,summerdresseswomen,Vintage,baggydresseswomen,floralprinteddres,Women's Fashion,Casual,Floral,vintagedresswomen,dressesforwomen,A line dress,Midi Dress,Dress,Women,floraldresseswomen,casualloosedres,printed",yellow,50,40,50,17856,4.173723118,3. Médio(1000),836,Laranja/Amarelo,3. Médio Impacto,None,1,FALSE,TRUE,FALSE,0,Standard Shipping,2. Barato,2. Normal,08. G (L),Vestido,"Algodão/Poliéster, Poliéster/Viscose, Poliéster, Algodão, Algodão/Denim",FALSE,CN,retail_maior,629,FALSE
1278,5a309e7c2495d43e9bd63486,Fashion summer women's casual tank top vest blouse sleeveless cropped tops shirt,7,23,10000,0,3.98,2159,1125,374,324,170,166,"blouse,push up bra,Vest,Sports Bra,crop top,Shirt,#Sport Bra,bras for women,Tops,Bracelet,tank top,sleeveless,Fashion,Summer,sport bra top,Tank,Casual,Bras",black,50,40,50,213709,4.293899649,4. Alto(10000),796,Preto,4. Alto Impacto,Scarcity,0,FALSE,FALSE,FALSE,0,Standard Delivery,2. Barato,2. Normal,05. P (XS),"Blusa, Sutiã, Camisa, Regata, Top","Poliéster/Viscose, Nilon/Elastano, Algodão/Poliéster, Algodão",TRUE,CN,retail_maior,229,FALSE
1279,59785c836bfb5f7a747d6eb5,Summer Fashion Women Sexy Irregular Sleeveless Digital Printing Vest S-XXXXXL,11,10,10000,1,3.86,2102,981,445,301,141,234,"Summer,Vest,camisole,Tops,T Shirts,Women's Fashion,sleeveless,Women,Swimming,Casual,Shirt",multicolor,50,39,50,14284,4.025623075,4. Alto(10000),772,Multicor/Estampado,4. Alto Impacto,None,0,FALSE,FALSE,FALSE,1,Standard Delivery,2. Barato,2. Normal,05. P (XS),"Camisete, Camisa, Camiseta, Top","Algodão/Poliéster, Poliéster/Viscose, Nilon/Elastano, Algodão",FALSE,CN,price_maior,-9,TRUE
1280,5d089aa1c76d52190a124b58,Men's Suzuki Motocycles T-shirt Summer Casual Short Sleeved Tops,9,31,1000,1,3.92,317,151,72,45,17,32,"Summer,Shorts,Shirt,Fitness,Tops,Slim Fit,short sleeves,Casual,T Shirts,Men T-shirt,print t-shirt,Sport Tops,men's casual  shirt,suzuki,Motorcycle",red,50,34,50,8043,4.165982842,3. Médio(1000),784,Vermelho,4. Alto Impacto,None,0,FALSE,FALSE,FALSE,1,Standard Delivery,2. Barato,2. Normal,06. P (S),"Camisa, Camiseta, Shorts, Top","Algodão/Poliéster, Poliéster, Algodão/Elastano, Algodão",FALSE,CN,retail_maior,244,TRUE
1282,5ed1d24d5aaa9c285e15cd64,Summer Women Short Sleeve Cotton T-shirts Tops Casual Round Neck Print Pullover Plus Size Blouses,8,7,100,0,4.39,23,15,4,3,0,1,"blouse,Summer,Fashion,Shirt,Sleeve,Shorts,Tops,Necks,short sleeves,Pullovers,Round neck,Women's Fashion,Plus Size,Casual,Print,Women,summer tops,T Shirts,Cotton",blue,4,20,50,107,3.897196262,2. Baixo(100),878,Azul,3. Médio Impacto,Scarcity,0,FALSE,FALSE,FALSE,0,Standard Delivery,2. Barato,2. Normal,05. P (XS),"Blusa, Pulôver, Camisa, Camiseta, Shorts, Top","Poliéster/Viscose, Algodão/Poliéster, Algodão, Poliéster",TRUE,CN,price_maior,-12,FALSE
1283,5e6f1f18eb32d0b52d76cdbf,Women's Summer Casual Dress Fashion Short Sleeve Slim Dress,11,84,100,0,3.65,31,12,4,8,6,1,"slim dress,summer dress,womenshortsleevedre,Sleeve,Summer,Dress,slim,short sleeves,Women's Fashion,Shorts,boho dress,slimfitdre,Fashion,Casual",black,50,34,50,5311,4.034645076,2. Baixo(100),730,Preto,4. Alto Impacto,None,0,FALSE,FALSE,FALSE,0,Standard Delivery,2. Barato,2. Normal,07. M,"Vestido, Camiseta, Shorts","Viscose/Poliéster, Algodão/Poliéster, Algodão/Elastano, Poliéster/Elastano, Algodão/Viscose, Algodão",FALSE,US,retail_maior,664,FALSE
1284,5e967c5fb8172805c0956fd3,Summer mens cool sport suit Sports Wear Casual Jogging Suits Short Sleeve Outfit Sets,15,13,50,1,4.4,10,5,4,1,0,0,"Summer,Shorts,Sleeve,Sport Suits,shortsleeveset,Short pants,summersuitset,short sleeves,Sport,summerpant,mensjoggingsuit,Suits,toppant,short sleeve shirt,Outfits,men's suits,Casual",green,2,36,50,34,3.676470588,2. Baixo(100),880,Verde,3. Médio Impacto,None,0,FALSE,FALSE,FALSE,1,Standard Delivery,2. Barato,2. Normal,06. P (S),"Calça, Camisa, Shorts, Camiseta, Conjunto/Terno","Algodão/Poliéster, Poliéster/Algodão, Algodão",FALSE,CN,price_maior,-13,TRUE
1285,5eba38a9d0c9a464e4490d20,Quick Dry 2 Pieces Set Casual Man Clothes Summer Fashion Men Fitness Suit Sports Suits Short Sleeve T-shirt + Shorts,16,14,100,1,3.44,27,13,2,2,4,6,"mensummertshirt,Summer,Fashion,Men's Fashion,Sleeve,Fitness,Shorts,athleticset,short sleeves,Outfits,Sport,T Shirts,sportsampoutdoor,Sport Suits,Men,Suits,Short Sleeve T-Shirt,Casual,Clothes",black,50,35,50,572,3.367132867,2. Baixo(100),688,Preto,4. Alto Impacto,None,0,FALSE,FALSE,FALSE,1,Standard Delivery,2. Barato,2. Normal,07. M,"Camisa, Camiseta, Shorts, Conjunto/Terno","Algodão/Poliéster, Algodão, Poliéster/Algodão",FALSE,VE,price_maior,-12,TRUE
1286,5d31263826b71f67aa5618c9,Summer Women's Silk Chiffon Halter Tops Loose V-neck Solid Color Sling Vest Tank Top,5,5,5000,1,2.94,667,175,90,127,70,205,"Summer,Vest,Fashion,Tank,chiffon,Halter,Tops,Loose,V-neck,solid color,tank top,women clothes,silk,vneckshirt",white,50,25,50,8740,4.230320366,4. Alto(10000),588,Branco,1. Baixo Impacto,None,0,FALSE,FALSE,FALSE,1,Standard Delivery,2. Barato,2. Normal,06. P (S),"Camisa, Regata, Top","Poliéster, Algodão/Poliéster, Algodão",FALSE,CN,iguais,0,TRUE
1287,5e3e5bf39052fe07808a7adc,Women's Fashion Summer Sleeveless V-Neck Skull Printed Mini Dresses,13,85,100,0,4.11,47,29,6,4,4,4,"Summer,Fashion,skull,skullprint,Mini,Dress,summer dress,rippeddre,V-neck,Mini dress,Women's Fashion,Sleeveless dress,printed,sleeveless,women dress,Cotton",brown,50,40,50,9078,3.878166997,2. Baixo(100),822,Tons Neutros,2. Baixo a Médio Impacto,Scarcity,0,FALSE,FALSE,FALSE,0,Standard Delivery,2. Barato,2. Normal,06. P (S),Vestido,"Algodão, Algodão/Poliéster, Poliéster/Elastano, Poliéster, Algodão/Viscose",TRUE,CN,retail_maior,554,FALSE
1288,5e9ea540e0c1023c4fd978db,2020 Men Summer Fashion Brand Summer Suits Casual Athletic Set Short Sleeve Tracksuits,20,17,100,1,3.2,60,22,7,9,5,17,"Mens T Shirt,Fashion,Men's Fashion,Sleeve,Summer,Athletics,tshirtshort,Men,summer shorts,short sleeves,Casual,Cool T-Shirts,sportsshort,Shorts,fashionbrandsuit,3D T-shirt,fashion brand,men's shorts,menssummersuit",green,50,36,50,64,3.25,2. Baixo(100),640,Verde,3. Médio Impacto,None,0,FALSE,FALSE,FALSE,1,Standard Delivery,3. Médio,2. Normal,06. P (S),"Camiseta, Camisa, Shorts","Algodão/Poliéster, Algodão",FALSE,CN,price_maior,-15,TRUE
1291,5b82f9d02e756e165025e7b8,2018 Women Ladies Fashion Crocheted Lace Summer Dress Maxi Dress Long Dress,9,14,20000,1,3.31,3344,1162,542,559,339,742,"Summer,summer dress,Lace,Ladies Fashion,long dress,Dress,Lace Dress,Party Dress,Women's Fashion,beach dress,Sleeveless dress,maxi dress,Ladies,summer dresses,Women,Fashion,casual dress",white,50,33,50,25356,3.90254772,5. Muito Alto(20000),662,Branco,1. Baixo Impacto,None,0,FALSE,FALSE,FALSE,1,Standard Delivery,2. Barato,2. Normal,06. P (S),Vestido,"Algodão/Poliéster, Algodão/Viscose, Renda, Viscose/Poliéster, Poliéster, Poliéster/Elastano, Algodão",FALSE,CN,retail_maior,56,TRUE
1292,5d4a77d84aec0d1e81e8ddd8,Women Swimsuit Swimwear Bathing Suit Bikini Tankini Beachwear Plus Size XS-8XL,14,12,1000,0,4.26,429,262,81,46,14,26,"Bikinis Set,women beachwear,Fashion,Bikini swimwear,bandage bikini,Swimwear,Womens swimwear,Swimsuit,Tankinis,Bikini,Plus Size,high waist bikini,women bathing suit,Women,Suits,Women's Fashion,Monokini Swimsuits,Swimming",multicolor,50,22,50,1178,4.223259762,3. Médio(1000),852,Multicor/Estampado,4. Alto Impacto,Scarcity,1,FALSE,TRUE,FALSE,0,Standard Delivery,2. Barato,2. Normal,06. P (S),"Biquíni, Conjunto/Terno, Maiô/Biquíni, Moda Praia","Algodão/Poliéster, Nilon/Elastano, Poliéster/Algodão, Algodão",TRUE,CN,price_maior,-14,FALSE
1293,5e7eb4545c97e409ca7c33aa,Women Fashion Leopard Lips Crewneck Tee Short Sleeve Casual T-shirt,6,17,6,0,5,0,0,0,0,0,0,"Summer,Fashion,cottontee,Sleeve,Tops & Tees,Leopard,short sleeves,Shorts,Round neck,T Shirts,lipsshirt,lip,Tops & T-Shirts,Casual Tops,Women's Fashion,Casual,Women Fashion,Women",white,10,43,50,65189,4.049640277,1. Micro(10),1000,Branco,1. Baixo Impacto,None,0,FALSE,FALSE,FALSE,0,Standard Delivery,2. Barato,2. Normal,05. P (XS),"Top, Camisa, Camiseta, Shorts","Algodão/Poliéster, Algodão",FALSE,CN,retail_maior,183,FALSE
1294,5eec894c4625d53252ad6e09,Women's Fashion Loose Casual Floral print V neck Multicolor Summer dress Sleeveless dress,7,6,100,0,2.75,4,1,1,0,0,2,"Summer,Fashion,Floral print,Necks,multicolorprinting,Dress,Loose,V-neck,Floral,Women's Fashion,Sleeveless dress,summer dress,Print,sleeveless,Casual",yellow,9,24,50,10474,3.908535421,2. Baixo(100),550,Laranja/Amarelo,3. Médio Impacto,Scarcity,0,FALSE,FALSE,FALSE,0,Standard Delivery,2. Barato,2. Normal,05. P (XS),Vestido,"Algodão/Poliéster, Poliéster/Viscose, Poliéster, Algodão/Viscose, Algodão",TRUE,CN,price_maior,-14,FALSE
1295,5d43cfe54fa3e47d9280ef5d,4 Color Summer Women's Fashion T-shirt O-Neck Casual Top Coconut Tree Sunset BRING ON THE SUNSHINE Letter Print Short Sleeve Solid Plus Size S-5XL,11,10,5000,0,3.91,487,244,90,67,36,50,"Summer,Plus Size,Sleeve,letter print,T Shirts,Tops,summer t-shirts,Tree,short sleeves,Womens T Shirts,Women's Fashion,Shorts,Fashion,print t-shirt,Print,loose t-shirt,sunshine,women top,casual cap,Casual,summertee",green,50,52,50,5042,4.146568822,4. Alto(10000),782,Verde,3. Médio Impacto,None,0,FALSE,FALSE,FALSE,0,Standard Delivery,2. Barato,2. Normal,07. M,"Camiseta, Camisa, Shorts, Top","Algodão/Poliéster, Algodão, Poliéster",FALSE,CN,price_maior,-9,FALSE
1297,5801bf9ef22bef78458987d8,New Sexy Women Bandage Cut Out Tank Tops Ladies Summer Bustier Crop Tops One Size,5.67,5,20000,0,3.63,7242,2867,1406,1330,695,944,"Summer,sportytankini,crop top,Tank,Tops,tank top,tank tops women,sportcroptop,Women's Fashion,Bustier,Ladies,sexy,Women,Casual,Bandages",white,50,40,50,839882,4.103759814,5. Muito Alto(20000),726,Branco,1. Baixo Impacto,Scarcity,0,FALSE,FALSE,FALSE,0,Standard Delivery,2. Barato,2. Normal,00. Não Informado,"Regata, Top","Poliéster/Elastano, Algodão/Poliéster, Algodão",TRUE,nao_informado,price_maior,-12,FALSE
1299,5eacf4bd2f2def0238b0aec6,Be Happy T-shirt Women Cotton Short Sleeve Tee Shirt,6,7,100,1,4.31,13,8,3,1,0,1,"Summer,Shorts,Cotton,Cotton T Shirt,Sleeve,womentee,short sleeves,hippietshirt,T Shirts,Fashion,women shirt,Women,women top,Women's Fashion,Casual,Women Fashion,Shirt",black,4,41,50,25222,4.001546269,2. Baixo(100),862,Preto,4. Alto Impacto,None,0,FALSE,FALSE,FALSE,1,Standard Delivery,2. Barato,2. Normal,05. P (XS),"Camiseta, Camisa, Shorts, Top","Algodão/Poliéster, Algodão",FALSE,CN,retail_maior,17,TRUE
1300,5d1b46faed852961cae43e78,ZANZEA Damen Fackel-Ärmel V Neck Kleid Spitzenkleid Baumwolle Linen Hemdkleid,12,102,100,1,4.11,75,39,19,8,4,5,"candycolordres,Necks,Hollow-out,sundress,women casual dress,plus size dress,patchworkdres,Cotton Dress,halfsleevedres,New Fashion,casual dress",navy,50,40,50,7740,4.227260982,2. Baixo(100),822,Azul,3. Médio Impacto,None,0,FALSE,FALSE,FALSE,1,Standard Delivery,2. Barato,2. Normal,06. P (S),Vestido,"Algodão/Poliéster, Algodão/Viscose, Algodão",FALSE,CN,retail_maior,750,TRUE
1301,5ddf85feb3118e5ced0b8cf4,S-5XL Women Sleeveless Spaghetti Strap Long Dresses Summer Beach Tank Top Dress Sundress Kleid,11,59,100,1,3.61,28,12,5,4,2,5,"tanktopdres,Summer,Plus Size,Tank,sundress,long dress,Beach,Tops,summer dress,kleid,Women's Fashion,tank top,Spaghetti Strap,beach dress,Sleeveless dress,Spaghetti,sleeveless,maxi dress,Fashion,Dress,Women",black,50,40,50,14291,4.184731649,2. Baixo(100),722,Preto,4. Alto Impacto,None,0,FALSE,FALSE,FALSE,1,Standard Delivery,2. Barato,2. Normal,07. M,"Vestido, Regata, Top","Algodão/Poliéster, Algodão/Viscose, Viscose/Poliéster, Poliéster/Elastano, Algodão",FALSE,CN,retail_maior,436,TRUE
1302,5eb282013b3dda03d08d5f6d,Summer Upgraded Portable Mini Hanging Neck Fan Rechargeable USB Neckband Fan for Outdoor Traveling Home Office Ventilateur,12,17,50,0,4.17,18,9,5,3,0,1,"fanscooling,air conditioner,neckfan,usb,neckfansportable,Mini,Home & Living,Office,Necks,usbcooler,Rechargeable,Home & Kitchen,Outdoor,Home,coolingfan,neckfancooler,hangingneckfan,usbfan",white,50,37,50,71919,4.385294567,2. Baixo(100),834,Branco,1. Baixo Impacto,Scarcity,0,FALSE,FALSE,FALSE,0,Standard Delivery,2. Barato,2. Normal,16. Outros Itens (Dimensões/Kits/Objetos),Não Especificado,"Algodão/Poliéster, Algodão",TRUE,CN,retail_maior,42,FALSE
1303,5c6ba39ccc30f2654992a710,Women Bohemia Style V neck Sleevelss Floral Print Casual Mini Tank Dress,11,10,1000,1,3.58,483,199,83,79,44,78,"bohemia,Mini,Strapless Dress,Dress,slim,vestido de festa,Mini dress,beach dress,Floral dress,Floral,summer dresses,Casual,Women,Tank,Necks,Dresses,Women's Fashion,Floral print,boho,backless,Print,sleeveless",navyblue,19,38,50,6364,4.132463859,3. Médio(1000),716,Azul,3. Médio Impacto,None,0,FALSE,FALSE,FALSE,1,Standard Delivery,2. Barato,2. Normal,04. PP (XXS),Vestido,"Poliéster/Elastano, Algodão/Poliéster, Algodão/Viscose, Poliéster/Viscose, Poliéster, Algodão/Elastano, Algodão",FALSE,CN,price_maior,-9,TRUE
1304,59313378900f63528b168590,Pandolah High Waist Women Bikini Set Plus size Super sexy Padded Tassel Swimwear  Swimsuit,8,7,1000,0,3.76,843,392,144,134,62,111,"bathing suit,Plus Size,bikini set,sexy swimsuit,sexy bikini,paddedfringetasselbikinibeachswimwear,Swimwear,padded,Women's Fashion,Fashion,sexy,fashiondesign,high waist,Tassels,Waist,beach wear,Swimsuit,Bikini,splitswimsuit,Women,Monokini Swimsuits,Swimming",black,50,37,50,25752,4.256873253,3. Médio(1000),752,Preto,4. Alto Impacto,None,1,TRUE,FALSE,FALSE,0,Standard Delivery,2. Barato,2. Normal,08. G (L),"Moda Praia, Biquíni, Conjunto/Terno, Maiô/Biquíni","Algodão/Poliéster, Nilon/Elastano, Poliéster/Borracha, Poliéster/Elastano, Poliéster/Algodão, Algodão",FALSE,CN,price_maior,-12,FALSE
1305,5e7843348935f4bcaf684605,Women's Fashion High Waist Elstic Shorts Summer Casual Shorts Gym Shorts,5,24,100,0,3.7,10,4,2,2,1,1,"Summer,Shorts,high waist,summer shorts,elasticshort,sportshort,shortpantsforwomen,gymshort,women shorts,Fashion,solid color,sexy,Women's Fashion,Casual,Waist",green,4,42,50,35262,3.939481595,2. Baixo(100),740,Verde,3. Médio Impacto,None,0,FALSE,FALSE,FALSE,0,Standard Delivery,2. Barato,2. Normal,05. P (XS),"Calça, Shorts","Algodão/Poliéster, Elastano, Poliéster/Elastano, Algodão",FALSE,CN,retail_maior,380,FALSE
1306,5f0025c325561d2a49b8f58c,XS-8XL Plus Size Fashion Dresses Summer Clothes Women's Casual Short Sleeve Dress Solid Color Beach Wear Dress with Pockets Deep V-neck Pleated Cotton Mini Dress Loose Party Dress,4,4,100,1,4.5,2,1,1,0,0,0,"Mini,short sleeve dress,Summer,Pleated,short sleeves,V-neck,Mini dress,beach dress,Party Dress,t-shirt dress,Casual,casual dress,Deep V-Neck,Cotton,Shorts,sleeve dress,Sleeve,Beach,Plus Size,summer dress,Women's Fashion,Cotton Dress,Dress,party,Clothes,Fashion,loose dress",pink,1,20,50,2707,4.189139269,2. Baixo(100),900,Rosa,3. Médio Impacto,None,0,FALSE,FALSE,FALSE,1,Standard Delivery,2. Barato,2. Normal,05. P (XS),"Vestido, Camisa, Camiseta, Shorts","Algodão/Poliéster, Algodão/Viscose, Algodão, Poliéster/Elastano, Viscose/Algodão, Poliéster",FALSE,CN,iguais,0,TRUE
1307,5a3cccf4e723d838617c8a68,2018 New The new cross-strait national wind body bikini Swimsuit  Swimwear LBT,11,43,10000,0,3.28,2521,723,505,513,315,465,"bohemia,gatherbracketbikini,Panties,beachsuit,national,Swimwear,Swimsuit,padded,Women's Fashion,Fashion,Bikini,Beach,Women Fashion,Swimming",black,50,35,50,15502,4.115275448,4. Alto(10000),656,Preto,4. Alto Impacto,None,0,FALSE,FALSE,FALSE,0,Standard Delivery,2. Barato,2. Normal,07. M,"Biquíni, Maiô/Biquíni, Moda Praia","Algodão/Poliéster, Nilon/Elastano, Poliéster/Borracha, Algodão",FALSE,CN,retail_maior,291,FALSE
1308,5e951eb4c7783d0a9a876292,2020 Summer Funny Pop Two Piece Set Summer Harajuku Cotton Print Crop Top T Shirt and Shorts XXL,12,11,50,0,4.24,17,9,6,0,1,1,"Summer,croptopandshortsset,Shorts,women crop top,Funny,Tops,thevampirediarie,sexyshort,Harajuku,croptoptshirt,womensporttracksuit,T Shirts,Fashion,womens sexy tops,cotton crop top,summershortpant,Print,Cotton,Shirt",pink & black,50,36,50,2647,3.839818663,2. Baixo(100),848,Multicor/Estampado,3. Médio Impacto,None,0,FALSE,FALSE,FALSE,0,Standard Delivery,2. Barato,2. Normal,05. P (XS),"Camisa, Shorts, Camiseta, Top","Algodão, Algodão/Poliéster, Poliéster, Poliéster/Elastano",FALSE,CN,price_maior,-8,FALSE
1309,5d3d64184aa4784e026ef969,Women Casual Short Sleeve Baggy Cotton Linen Maxi Dress Geometric Splicing Irregular Dresses Plus Size XS-5XL,11,17,5000,0,3.26,692,217,125,128,68,154,"Plus Size,Sleeve,Irregular,women dresses,long dress,Dress,short sleeves,baggy,Women's Fashion,Shorts,maxi dress,Geometric,Women,Casual,Cotton",red,50,37,50,4830,3.843064182,4. Alto(10000),652,Vermelho,4. Alto Impacto,Scarcity,0,FALSE,FALSE,FALSE,0,Standard Delivery,2. Barato,2. Normal,05. P (XS),"Vestido, Camiseta, Shorts","Algodão/Poliéster, Algodão, Viscose/Poliéster",TRUE,CN,retail_maior,55,FALSE
1311,5d2c298f71a914273558a31e,Women Bikini Set Swimsuit Bikinis Halter Swimwear Women Beach Wear Bathing Suit Tankini Monokini,7,7,10000,0,3.85,1193,550,257,171,86,129,"Bikinis Set,Womens Swimsuit,Halter,Bikini swimwear,women swimsuit,padded bikini,bandage bikini,Swimwear,swimsuits for women,Bikini,Suits,Women's Fashion,Fashion,Womens swimwear,high waist bikini,Halter Bikini,Swimsuit,Beach,Swimming,Women",black & blue,50,31,50,17816,4.179445442,4. Alto(10000),770,Multicor/Estampado,3. Médio Impacto,Scarcity,0,FALSE,FALSE,FALSE,0,Standard Delivery,2. Barato,2. Normal,05. P (XS),"Biquíni, Conjunto/Terno, Maiô/Biquíni, Moda Praia","Algodão/Poliéster, Nilon/Elastano, Poliéster/Borracha, Poliéster/Algodão, Algodão",TRUE,CN,iguais,0,FALSE
1312,5e09ebecdc02a90154dc6bf0,2020 Women's Fashion Bandage SwimSuits Colorblock Bikini Sets Beachwear,8,11,100,0,3.87,91,40,24,13,3,11,"padded,bathing suit,two piece swimsuit,bikini set,Halter,Summer,Swimwear,Swimsuit,Cross,Bikini,Plus Size,Design,Fashion,Women,bandage bikini,Women's Fashion,Push up bikini,Beach,Bras,Swimming",red,43,25,50,11557,4.0400623,2. Baixo(100),774,Vermelho,4. Alto Impacto,None,0,FALSE,FALSE,FALSE,0,Standard Delivery,2. Barato,2. Normal,04. PP (XXS),"Biquíni, Sutiã, Maiô/Biquíni, Moda Praia","Algodão/Poliéster, Nilon/Elastano, Poliéster/Borracha, Algodão",FALSE,CN,retail_maior,38,FALSE
1313,5e915982ab90d13f12c58c1d,New Arrival Women's Fashion One Shoulder I'M NOT OLD I'M CLASSIC Graphic Half Sleeve T-shirts Funny Letter Printed Birthday Summer Tops,1.88,25,100,1,4.46,26,19,4,1,0,2,"Summer,Plus Size,Cotton Shirt,Sleeve,letter print,Classics,Graphic Shirt,Tops,short sleeves,vintageshirt,shirt women,graphic tee,T Shirts,Fashion,off shoulder,printed,Funny,Women's Fashion,tops for women",white,41,43,50,1373,4.007283321,2. Baixo(100),892,Branco,1. Baixo Impacto,None,1,FALSE,TRUE,FALSE,1,Standard Delivery,2. Barato,2. Normal,05. P (XS),"Camisa, Camiseta, Top","Algodão, Algodão/Poliéster, Poliéster/Elastano, Poliéster, Algodão/Denim",FALSE,CN,retail_maior,1230,TRUE
1314,5cbfdb539f5865397b24f635,2019 Women Summer Fashion Tops Casual Loose Cotton Shirt Human Skeleton Print Sleeveless Short Tank Top Punk Style Vest Size S-5XL,11,10,1000,0,4.32,269,169,53,25,8,14,"Summer,Vest,Plus Size,Skeleton,casual shirt,Women's Fashion,Fashion,sleeveless tops,punk style,Summer Fashion,Tank,Casual,Women Fashion,Women,Shorts,Cotton Shirt,Shirt,Tops,punk,fashion top,women tank top,Print,sleeveless,Cotton,tank top,humanskeletonprint",black,50,54,50,4811,4.194554147,3. Médio(1000),864,Preto,4. Alto Impacto,None,1,FALSE,TRUE,FALSE,0,Standard Delivery,2. Barato,2. Normal,08. G (L),"Camisa, Shorts, Top, Regata","Algodão/Poliéster, Algodão, Poliéster",FALSE,CN,price_maior,-9,FALSE
1315,5b04be45a7df63180c4f9c7e,"Men's Summer Fashion T Shirt Men's cotton t-shirt,Short sleeved t-shirt",9,135,100,0,3.55,33,10,10,5,4,4,"Summer,Slim Fit,Cotton T Shirt,Mens T Shirt,slim,short sleeves,V-neck,Men's Fashion,Fashion,solid color,Cotton,Casual,T Shirts,Shirt",white,50,39,50,9940,4.048993964,2. Baixo(100),710,Branco,1. Baixo Impacto,None,0,FALSE,FALSE,FALSE,0,Standard Delivery,2. Barato,2. Normal,06. P (S),"Camiseta, Camisa","Algodão/Poliéster, Algodão, Algodão/Elastano",FALSE,CN,retail_maior,1400,FALSE
1316,5a1d08e7cd0e681313a1dbde,Summer Women Stretchy Strap Long Tank Top Slim Mini Dress Solid Sexy Sleeveless Dresses,3.88,5,10000,0,3.66,585,246,105,107,43,84,"Spaghetti Strap,vest dress,Pure Color,summer dress,tank top,Mini dress,Plus Size,sleeveless,women dress,sexy,Bodycon Dress,Slim Fit",red,50,41,50,35358,4.018157136,4. Alto(10000),732,Vermelho,4. Alto Impacto,None,0,FALSE,FALSE,FALSE,0,Standard Delivery,2. Barato,2. Normal,06. P (S),"Vestido, Regata","Poliéster/Elastano, Algodão/Poliéster, Algodão/Elastano, Algodão/Viscose, Algodão",FALSE,CN,retail_maior,29,FALSE
1321,5eb0c05c8418d0155e62ab7b,New Fashion Summer Women Casual Dress Round Neck Loose Big Swing Skirt Sleeveless Soild Color Beach dress,2,2,10,0,4.8,5,4,1,0,0,0,"Summer,Fashion,Necks,Skirts,Dress,Loose,Women's Fashion,Round neck,beach dress,sleeveless,Beach,Casual,Women",white,2,35,50,42,3.666666667,1. Micro(10),960,Branco,1. Baixo Impacto,None,0,FALSE,FALSE,FALSE,0,Standard Delivery,2. Barato,2. Normal,04. PP (XXS),Vestido,"Algodão/Poliéster, Algodão/Viscose, Algodão",FALSE,CN,iguais,0,FALSE
1322,5cee3f86fad167490f608390,Summer Women Fashion Short Dress Sleeveless Waist Dress Camouflage Dress Bodycon Slim Fit Dress Plus Size S-5XL,12,13,1000,0,4.25,215,136,32,23,13,11,"Summer,sleeveless,Plus Size,Waist,Shorts,Dress,Slim Fit,short dress,camouflage,Mini dress,Fashion,Women's Fashion,Sleeveless dress,t,women dress,Party Dresses,Women,slim,Bodycon Dress,Women Fashion,casual dress",pink,50,40,50,15076,4.084969488,3. Médio(1000),850,Rosa,3. Médio Impacto,None,0,FALSE,FALSE,FALSE,0,Standard Delivery,2. Barato,2. Normal,06. P (S),"Vestido, Shorts","Poliéster/Elastano, Algodão/Poliéster, Algodão/Viscose, Poliéster, Algodão/Elastano, Algodão",FALSE,CN,retail_maior,8,FALSE
1323,5e99436f9ce56d2f8a145788,Summer New  Plus Size Tank Top for Women Spaghetti Strap Flower Print Casual Tops Women's Fashion Sleeveless Tank Top,1.66,2,100,1,3.75,20,8,5,4,0,3,"Summer,Plus Size,Floral print,Tank,Tops,Spaghetti Strap,tank top,Women's Fashion,Fashion,Flowers,Print,sleeveless,Spaghetti,Casual,Women",purple,2,26,50,247,3.943319838,2. Baixo(100),750,Roxo,3. Médio Impacto,None,0,FALSE,FALSE,FALSE,1,Standard Delivery,2. Barato,2. Normal,05. P (XS),"Regata, Top","Algodão/Poliéster, Poliéster/Viscose, Poliéster, Poliéster/Elastano, Algodão",FALSE,CN,retail_maior,20,TRUE
1324,5d09be52eea40f71353f7213,Summer Women Short Sleeve Round Neck Floral Printed Loose Dress,7,6,1000,0,3.27,601,208,94,91,66,142,"Summer,Plus Size,high waist,Sleeve,Dress,Loose,short sleeves,Round neck,floralprinted,Women's Fashion,Shorts,printed,Floral,Necks,Casual,Women",white,10,9,50,16757,3.965387599,3. Médio(1000),654,Branco,1. Baixo Impacto,None,0,FALSE,FALSE,FALSE,0,Standard Delivery,2. Barato,2. Normal,06. P (S),"Vestido, Camiseta, Shorts","Algodão/Poliéster, Poliéster/Viscose, Poliéster, Algodão",FALSE,CN,price_maior,-14,FALSE
1326,5cecc52995362038cdafa5cd,Summer Herren Polo T-Shirt Sweatshirt Kurzarmshirt Trend Sommer Fashion Polo homme,9,8,1000,1,4.03,248,127,59,26,15,21,"Summer,Fashion,Outdoor Sports,polohomme,summershortsleevetshirt,T Shirts,herrenpolotshirt,Men's Fashion,poloshirtherren,Polos,poloshirtsformen,Sweatshirts,Printed T Shirts,chemisehomme",blue,2,45,50,1722,3.906504065,3. Médio(1000),806,Azul,3. Médio Impacto,None,0,FALSE,FALSE,FALSE,1,Standard Delivery,2. Barato,2. Normal,05. P (XS),"Camisa, Shorts, Camiseta","Algodão/Poliéster, Poliéster, Algodão",FALSE,GB,price_maior,-11,TRUE
1327,5e4de7c0fca4bd0c7f6e62a6,2020 New men sport pants beach shorts swimming pants Running sports Quickly Dry male GYM shorts Summer Swimwear Colorful,8,7,1000,1,3.69,294,128,57,44,20,45,"Summer,Beach Shorts,Colorful,menswimshort,beachpant,Men's Fashion,pants,Swimwear,sportshort,swimwear for men,Running,Shorts,menfashionshort,sandybeach,Swimming,mensshortpant,men's shorts,Sport,Beach,shortsformen,Men",white,50,36,50,821,3.766138855,3. Médio(1000),738,Branco,1. Baixo Impacto,None,0,FALSE,FALSE,FALSE,1,Standard Delivery,2. Barato,2. Normal,06. P (S),"Calça, Shorts, Moda Praia","Algodão/Poliéster, Nilon/Elastano, Algodão",FALSE,CN,price_maior,-12,TRUE
1328,5c78d5ca8f7a796ffffd6fba,Summer  Womens Slim Fit Jumpsuit Chest Zipper Contrast Color Short Sleeve V-neck Shorts Bodysuit,14,107,1000,1,4.38,425,299,54,31,17,24,"sleeve v-neck,Summer,slim,Sleeve,Slim Fit,short sleeves,V-neck,Shorts,rompers womens jumpsuit,bodysuitwomen,contrastcolor,zippers,sexy jumpsuit,jumpsuit",white,50,10,50,27175,3.966034959,3. Médio(1000),876,Branco,1. Baixo Impacto,None,1,FALSE,TRUE,FALSE,1,Standard Delivery,2. Barato,2. Normal,07. M,"Macacão, Camiseta, Shorts","Algodão/Poliéster, Poliéster/Elastano, Algodão/Elastano, Algodão, Metal/Plástico",FALSE,CN,retail_maior,664,TRUE
1329,5cb8112250c674473bd58784,2019 Summer Women Printed Tnak Tops Women New Fashion Sleeveless Cotton Plus Size Cool Fitness Vest Casual Women Tops,8,13,1000,0,4.39,574,370,115,50,21,18,"Women Vest,Vest,Fashion,Summer,fashion vest,tank top,Women's Fashion,Plus Size,sleeveless tops,fitnessvest,Women Fashion,Women,Cotton,Tops,printedvest,Casual,Cotton Vest,casualvest,sleeveless,summervest,Fitness,printed",grey,50,52,50,5042,4.146568822,3. Médio(1000),878,Cinzento,2. Baixo a Médio Impacto,None,1,FALSE,TRUE,FALSE,0,Standard Delivery,2. Barato,2. Normal,07. M,"Colete, Top, Regata","Algodão/Poliéster, Algodão, Poliéster",FALSE,CN,retail_maior,62,FALSE
1330,5e7ed12eb0bce72e808fd175,New Arrival Women Fashion Plus Size Skinny Butterfly Print Casual Jeggings Faux Denim Jean Shorts Pants,11,43,10000,1,3.98,397,219,63,46,25,44,"butterflyprint,butterfly,Shorts,pants,Denim,fauxpant,Women's Fashion,fauxjean,Plus Size,short-s jeans,Print,Denim pants,Jeans,Fashion,Casual,Women",darkblue,50,43,50,29615,3.928009455,4. Alto(10000),796,Azul,3. Médio Impacto,None,0,FALSE,FALSE,FALSE,1,Standard Delivery,2. Barato,2. Normal,06. P (S),"Jeans, Calça, Shorts","Poliéster, Algodão/Poliéster, Denim, Algodão",FALSE,CN,retail_maior,291,TRUE
1331,5e7c870cedbc005e005014b3,2020 Door Mesh Netting Curtain Bedroom Home Anti Mosquito Insect Nets Velcro Vorhang Home Decor Supplies Door Screen Magnetic Net,19,17,100,1,4.33,61,39,12,5,1,4,"magneticscreendoor,Summer,Decor,insectnet,Home Decor,vorhang,bedroomdoornet,doorscreennet,Home Décor,windowscreennet,Home & Kitchen,Home & Living,antimosquitonet,doorcurtain,bedroom,Home,Door",beige,50,38,50,487,4.234086242,2. Baixo(100),866,Tons Neutros,2. Baixo a Médio Impacto,None,0,FALSE,FALSE,FALSE,1,Standard Delivery,3. Médio,2. Normal,16. Outros Itens (Dimensões/Kits/Objetos),Não Especificado,"Algodão/Poliéster, Algodão",FALSE,CN,price_maior,-11,TRUE
1333,5c6a61c8707afb3ec1abb8d3,Vintage Dresses for Women V-Neck High Splits Fashion Summer Beach Long Dress,8,8,10000,1,3.61,2187,843,484,350,182,328,"Summer,short sleeve dress,Vintage Dresses,long dress,Vintage,Dress,Women's Fashion,Floral dress,Beach,beach dress,printeddres,boho dress,V-neck,maxi dress,summer dresses,kleiderdamen,Fashion,Women",navyblue,20,38,50,70773,4.038319698,4. Alto(10000),722,Azul,3. Médio Impacto,None,0,FALSE,FALSE,FALSE,1,Standard Delivery,2. Barato,2. Normal,04. PP (XXS),Vestido,"Algodão/Poliéster, Algodão/Viscose, Viscose/Poliéster, Poliéster/Viscose, Poliéster, Algodão, Algodão/Denim",FALSE,CN,iguais,0,TRUE
1334,5e5772c54870984470202a63,Summer Dresses Fashion Clothes Women's Plus Size Dresses Casual V-neck Sleeveless Maxi Dresses Ladies L Loose Cotton Dress Party Wear Floral Printed Halter Beach Dress,11,10,1000,1,3.69,113,55,16,14,8,20,"Summer,Plus Size,halter dress,Halter,Dress,V-neck,beach dress,Party Dress,printed,sleeveless,Floral,maxi dress,Casual,Clothes,printeddre,Beach,summer dress,Women's Fashion,Cotton Dress,Sleeveless dress,Ladies,party,Cotton,Fashion,loose dress",pink,10,20,50,1403,3.895937277,3. Médio(1000),738,Rosa,3. Médio Impacto,None,0,FALSE,FALSE,FALSE,1,Standard Delivery,2. Barato,2. Normal,05. P (XS),Vestido,"Algodão/Poliéster, Algodão/Viscose, Algodão, Poliéster/Viscose, Viscose/Algodão, Viscose/Poliéster, Poliéster, Poliéster/Elastano",FALSE,CN,price_maior,-9,TRUE
1335,5c29b30b97c6703dd54b1096,INCERUN Women Men Harem Pants Yoga Solid Color Oversized Gypsy Pants Yoga Trousers Femme Boho Pants     ,12,93,1000,1,4.1,534,280,128,63,28,35,"Women Pants,harem,elastic waist,Yoga,oversizedpant,pants,bellydancepant,boho,gypsy,harem pants,trousersforwomen,trousers,dropcrotchpant,solid color,widetrouser,gypsypant",black,50,40,50,15540,4.241312741,3. Médio(1000),820,Preto,4. Alto Impacto,Scarcity,0,FALSE,FALSE,FALSE,1,Standard Delivery,2. Barato,2. Normal,06. P (S),Calça,"Elastano, Algodão/Poliéster, Algodão, Nilon/Elastano",TRUE,CN,retail_maior,675,TRUE
1337,5e82bd24239e991c07f02bf7,Women Fashion Jumpsuit Short Romper V Neck Summer Playsuit Spaghetti Strap Halter Cute Beach Shorts Casual Solid Cami Rompers for Women ,8,7,100,1,3.37,19,9,2,1,1,6,"Summer,Plus Size,camishort,Halter,cute,Spaghetti,Necks,Spaghetti Strap,beach wear,playsuit,Casual,Women's Fashion,Shorts,playsuitoutfitsclothing,Fashion,Summer Fashion,Women,Beach,Rompers,Women Fashion,jumpsuit",blue,50,41,50,36033,3.96533733,2. Baixo(100),674,Azul,3. Médio Impacto,Scarcity,0,FALSE,FALSE,FALSE,1,Standard Delivery,2. Barato,2. Normal,06. P (S),"Moda Praia, Camisete, Macacão, Shorts","Algodão/Poliéster, Nilon/Elastano, Poliéster/Elastano, Algodão",TRUE,CN,price_maior,-12,TRUE
1338,5eb4ee2c48db4b0f42240401,2020 Summer Trend Men's Short-sleeved New Fashion T-shirt Men's Shirt Round Neck Loose Shirt Large Size,8,59,100,1,4.05,114,55,30,16,6,7,"mensummertshirt,Summer,Fashion,Shirt,Rose,punk,mensfitnessshirt,Round neck,T Shirts,Funny T Shirt,Music,punktshirt,Spike,Necks",yellow,40,18,50,231,3.766233766,2. Baixo(100),810,Laranja/Amarelo,3. Médio Impacto,None,0,FALSE,FALSE,FALSE,1,Standard Delivery,2. Barato,2. Normal,04. PP (XXS),"Camisa, Camiseta","Algodão/Poliéster, Algodão",FALSE,US,retail_maior,638,TRUE
1339,5e974f0241bfa80828e9c0da,Plus Size XS-5XL New Fashion Women  Dandelion Print Tee Shirt Lady Girl Short Sleeve T-shirt Boho Graphic Tee Casual Yoga Top,5,9,100,0,4.08,13,5,5,2,1,0,"Plus Size,dandelionfloralprinted,Shirt,Sleeve,boho,graphic tee,Tee Shirt,short sleeves,yoga top,Casual,Cool T-Shirts,Women's Fashion,Shorts,Print,Casual Tops,short sleeve shirt,Yoga,Fashion,Tops,T Shirts,Women",black,20,43,50,26018,3.891421324,2. Baixo(100),816,Preto,4. Alto Impacto,None,0,FALSE,FALSE,FALSE,0,Standard Delivery,2. Barato,2. Normal,05. P (XS),"Top, Camiseta, Camisa, Shorts","Algodão/Poliéster, Algodão, Poliéster/Viscose, Poliéster, Nilon/Elastano",FALSE,CN,retail_maior,80,FALSE
1340,5e59fbad67b3390255c23751,XS-XXXXL Fashion Summer Lady Skull Print Beauty Vest Halter Tank Top,5,48,100,1,4.07,30,15,5,8,1,1,"Summer,Vest,Fashion,Tank,Beauty,skull,Halter,femalevest,Tops,punk,tank top,Print,sleeveless,Beach,womens vest",green,50,45,50,43876,4.089775732,2. Baixo(100),814,Verde,3. Médio Impacto,None,0,FALSE,FALSE,FALSE,1,Standard Delivery,2. Barato,2. Normal,05. P (XS),"Regata, Top, Colete","Algodão/Poliéster, Poliéster, Algodão",FALSE,CN,retail_maior,860,TRUE
1341,5db021827fee081001a82fc0,Summer Women's Fashion New Sleeveless Polka Dot V-neck Strap Mini Backless Casual Top Dresses,13,34,100,0,3.74,54,23,14,5,4,8,"Summer,Fashion,Mini,Tops,Loose,Polkas,V-neck,Women's Fashion,backless,polka dot,Dress,sleeveless,Casual",yellow,50,41,50,4080,3.987990196,2. Baixo(100),748,Laranja/Amarelo,3. Médio Impacto,Scarcity,0,FALSE,FALSE,FALSE,0,Standard Delivery,2. Barato,2. Normal,05. P (XS),"Vestido, Top","Poliéster/Elastano, Algodão/Poliéster, Poliéster, Algodão",TRUE,CN,retail_maior,162,FALSE
1342,5ebe5359c88200382515760f,10/20/30ml Slimming Firming Anti-Cellulite Massage Cream Fat Burning Weight Losing Moisturizer Gel for Shaping Waist,2,7,5000,0,3.91,239,118,42,38,22,19,"Summer,loseweight,legs,anticellulite,Massage & Relaxation,Waist,Bikini,Belly,obesity,shaping,Massage,slimmingcream",no_color_specified,50,40,50,591,4.099830795,4. Alto(10000),782,Não Informado,0. Não Informado,None,0,FALSE,FALSE,FALSE,0,Standard Delivery,2. Barato,2. Normal,07. M,Biquíni,"Nilon/Elastano, Algodão/Elastano, Algodão/Poliéster, Algodão",FALSE,CN,retail_maior,250,FALSE
1343,5e8ec06f45ca8b343769e77c,New Fashion Summer Hole Shoes Hollow Lace Soft Bottom Non-slip Female Sandals and Slippers,8,48,100,1,4.01,79,47,11,7,3,11,"Summer,Sandals,Lace,Flats,Breathable,Slippers,Fashion,Shoes,Women,Beach,Sandals & Flip Flops",khaki,1,17,50,131,3.854961832,2. Baixo(100),802,Tons Neutros,2. Baixo a Médio Impacto,None,0,FALSE,FALSE,FALSE,1,Standard Delivery,2. Barato,2. Normal,15. Calçados / Numerações,Não Especificado,"Algodão/Poliéster, Renda, Algodão",FALSE,CN,retail_maior,500,TRUE
1344,5ed49b78c445ee6481e1d100,2020 New 3 Colors Fashion Female Slippers Hollow Wedge Sandals Summer Patchwork Slippers Increased Slippers,5.86,5,100,1,4.55,76,57,9,7,1,2,"heightenedshoe,wedge,Sandals,casual shoes,High Heel,Slippers,Women's Fashion,Fashion,Summer,Wedge Sandals",black,1,23,50,96,4.364583333,2. Baixo(100),910,Preto,4. Alto Impacto,None,0,FALSE,FALSE,FALSE,1,Standard Delivery,2. Barato,2. Normal,15. Calçados / Numerações,Não Especificado,"Algodão/Poliéster, Algodão",FALSE,CN,price_maior,-15,TRUE
1345,5eaa6872e868273dd4f538d2,Womens Summer Fashion Lip Print 2pc Set Ladies Casual Round Neck Short Sleeve T Shirt and Shorts,7,34,5000,0,3.81,192,104,20,29,6,33,"Summer,Shorts,Shirt,Sleeve,sportsset,short sleeves,Two piece set,lipprint,Ladies,women shorts,Fashion,lip,women t shirt,Round neck,Casual,Print,tracksuitsforwomen,runningset,Necks",black,6,43,50,15348,4.013812875,4. Alto(10000),762,Preto,4. Alto Impacto,None,0,FALSE,FALSE,FALSE,0,Standard Delivery,2. Barato,2. Normal,05. P (XS),"Camisa, Camiseta, Shorts, Conjunto/Terno","Algodão/Poliéster, Poliéster, Poliéster/Algodão, Algodão",FALSE,CN,retail_maior,386,FALSE
1350,5ae978af2d88f95727d921f2,S-5XL Plus Size Summer Fashion Women Sleeveless Elegant Pinup Floral Print Retro 50s Style Cocktail Rockabilly Evening Party Gown Swing Pleated Dress,8,252,1000,1,3.88,161,79,23,34,10,15,"gowns,Plus Size,pleated dress,Vintage Dresses,Cocktail,Summer,plus size dress,Tunic dress,Elegant,Women's Fashion,Fashion,sleeveless,Floral,princess dress,Dress,women sexy dress,Swing dress,pin up,Floral print,Sleeveless dress,Midi Dress,print dress,Print,party,Women,Pleated,retro",black,14,41,50,14780,3.950811908,3. Médio(1000),776,Preto,4. Alto Impacto,None,0,FALSE,FALSE,FALSE,1,Standard Delivery,2. Barato,2. Normal,05. P (XS),"Vestido, Túnica","Algodão/Poliéster, Poliéster/Viscose, Poliéster, Algodão/Viscose, Poliéster/Elastano, Algodão, Algodão/Denim",FALSE,CN,retail_maior,3050,TRUE
1351,5c8600ae1cb98f7a3a7099c2,Women Fashion Loose Casual Printed Women Trousers Summer Women Jumpsuit Sleeveless Jumpsuit,12,11,1000,0,3.7,647,271,139,101,44,92,"Summer,Fashion,sleevelessjumpsuit,Loose,Long pants,Women's Fashion,trousers,printed,women trousers,jumpsuit,sleeveless,Women,women Jumpsuit,Casual,Women Fashion,Cotton",blackwhite,50,24,50,17471,3.952836128,3. Médio(1000),740,Multicor/Estampado,1. Baixo Impacto,None,0,FALSE,FALSE,FALSE,0,Standard Delivery,2. Barato,2. Normal,06. P (S),"Macacão, Calça","Algodão/Poliéster, Algodão, Poliéster",FALSE,CN,price_maior,-8,FALSE
1352,5eb5265fc98433438c3a5775,New Women's Fashion Spring and Summer Solid Color Cotton Round Neck Sleeveless Dress Party Beach Dresses Casual Loose A-line Skirt Ladies Fashion Plus Size Mini Dress XXS-8XL,2,4,100,1,3.1,30,8,7,3,4,8,"Mini,Summer,Plus Size,dressesforwomencasualsummer,Spring,Dress,Mini dress,beach dress,Party Dress,party,Beach,Skirts,Casual,casual dress,loosedresse,Necks,vestidoscasualesdemujer,Women's Fashion,Round neck,Sleeveless dress,Fashion,Ladies,sleeveless,Cotton,Ladies Fashion,a-line skirt",pink,1,40,50,71,3.422535211,2. Baixo(100),620,Rosa,3. Médio Impacto,None,0,FALSE,FALSE,FALSE,1,Standard Delivery,2. Barato,2. Normal,04. PP (XXS),Vestido,"Algodão/Poliéster, Algodão/Viscose, Algodão, Poliéster/Elastano, Poliéster",FALSE,CN,retail_maior,100,TRUE
1353,5da7e257dca002097b158dfc,New Summer Women Fashion Pullovers Short Sleeve T-shirt Sexy Red Lips Print Cotton Tees Women Casual Street Tops,11,83,1000,0,3.63,118,48,17,27,13,13,"Summer,Fashion,Cotton T Shirt,summer t-shirts,short sleeves,T Shirts,Shorts,women t shirt,Casual T-Shirt,sexy,Casual,Women Fashion,plussizetshirt,women top,Cotton,Sleeve,fashion shirt,shortsleevetop,Tops,Women's Fashion,Pullovers,Women,lip,Print,Printed T Shirts,Red",black,50,42,50,626,3.702875399,3. Médio(1000),726,Preto,4. Alto Impacto,None,0,FALSE,FALSE,FALSE,0,Standard Delivery,2. Barato,2. Normal,07. M,"Camiseta, Pulôver, Camisa, Shorts, Top","Algodão/Poliéster, Algodão, Poliéster, Poliéster/Elastano",FALSE,CN,retail_maior,655,FALSE
1354,5c3c095b2af01c230cd5dbf2,Women Sleeveless Sunflower Print T Shirt Casual Loose Tank Top Summer Fashion Blouse Shirt,8,7,10000,1,4.14,2604,1428,555,340,122,159,"blouse,Summer,Vest,Printed T Shirts,Tank,Shirt,Sunflowers,Tops,womens top,Tee,tank top,T Shirts,Fashion,Print,sleeveless,Fashion tank top,Women's Fashion,Casual,Women",black,50,42,50,13399,4.077095306,4. Alto(10000),828,Preto,4. Alto Impacto,Scarcity,0,FALSE,FALSE,FALSE,1,Standard Delivery,2. Barato,2. Normal,06. P (S),"Blusa, Camisa, Camiseta, Regata, Top","Poliéster/Viscose, Algodão/Poliéster, Poliéster, Algodão",TRUE,CN,price_maior,-12,TRUE
1355,5cb43ef2351d553f2d276946,Bandage Lace Semi-sheer Women Mini Dress Hollow Out Chiffon Dress Plunge V-Neck Long Sleeve Dress Black/White,16,50,100,0,3.93,46,22,12,4,3,5,"Mini,Lace,Hollow-out,Long Sleeve,Dress,V-neck,Mini dress,Women's Fashion,Party Dress,Women Fashion,Women,sleeve dress,chiffon,Sleeve,Dresses,Lace Dress,chiffon dress,women dress",black,18,32,50,19632,4.310666259,2. Baixo(100),786,Preto,4. Alto Impacto,None,0,FALSE,FALSE,FALSE,0,Standard Delivery,2. Barato,2. Normal,05. P (XS),Vestido,"Poliéster, Algodão/Poliéster, Renda, Poliéster/Elastano, Algodão",FALSE,CN,retail_maior,212,FALSE
1357,5cda2dc154645202d0458a14,2019 Women Fashion Casual Floral Short Skirts Summer High Waist Pleated Beach Skirt,9,8,5000,1,4.41,1153,735,250,107,23,38,"Summer,Shorts,high waist,Skirts,Pleated,Casual,Women's Fashion,Fashion,floral skirt,Floral,Women,Beach,short skirt,Women Fashion,Waist",lightyellow,20,36,50,55499,4.138885385,4. Alto(10000),882,Laranja/Amarelo,3. Médio Impacto,None,1,FALSE,TRUE,FALSE,1,Standard Delivery,2. Barato,2. Normal,07. M,Shorts,"Algodão/Poliéster, Poliéster/Viscose, Algodão",FALSE,CN,price_maior,-11,TRUE
1358,5eaa4aead761a603014a1d64,Women's Fashion Rugrats Tie Dye Casual Printed Multicolor Two-piece Set,11,38,5000,0,4.11,377,236,46,33,23,39,"setsforwomen,rugratsprint,rugratsset,rugrat,Women Set,summeroutfit,Women's Fashion,twopieceoutfit,Two Pieces,printed,Tie Dye,summerset,Dyes,Fashion,Casual",yellow,2,28,50,602,4.171096346,4. Alto(10000),822,Laranja/Amarelo,3. Médio Impacto,None,0,FALSE,FALSE,FALSE,0,Standard Delivery,2. Barato,2. Normal,05. P (XS),Não Especificado,"Algodão/Poliéster, Poliéster, Algodão",FALSE,CN,retail_maior,245,FALSE
1359,5e9ea82f6171be39047899cd,Women's Summer Fashion Spaghetti Strap Floral Print Tie Front Mini Dress Sexy Dress,8,7,5000,1,3.71,346,148,68,53,34,43,"suspenders,Summer,Plus Size,Floral print,Sexy Dress,Mini,Dress,slim,Mini dress,Floral,Women's Fashion,Fashion,sexy,Print,sleeveless,Spaghetti,Casual",pink,50,50,50,3053,3.858499836,4. Alto(10000),742,Rosa,3. Médio Impacto,None,0,FALSE,FALSE,FALSE,1,Standard Delivery,2. Barato,2. Normal,06. P (S),Vestido,"Algodão/Poliéster, Poliéster/Viscose, Poliéster/Elastano, Poliéster, Algodão/Elastano, Algodão",FALSE,CN,price_maior,-12,TRUE
1360,5cfc84de83993d32af5257e9,Summer women's sleeveless straps navel short vest bottoming shirt,8,50,5000,1,4.26,1057,625,213,134,44,41,"Summer,Underwear,Shorts,Shirt,navel,Vest,strap,women's wear,shortsection,smallvest,sleeveless,sexy,Fashion,basecoat",pink,50,27,50,7631,3.863844843,4. Alto(10000),852,Rosa,3. Médio Impacto,Scarcity,1,FALSE,TRUE,FALSE,1,Standard Delivery,2. Barato,2. Normal,06. P (S),"Casaco, Camisa, Shorts","Poliéster/Algodão, Algodão/Poliéster, Poliéster/Elastano, Algodão",TRUE,CN,retail_maior,525,TRUE
1362,5eba14a6aa66533dc41f2ae3,New Fashion Printed Large Size Short Sleeve Shorts Set Casual T-shirt   Shorts Yoga Gym Lady Clothes Suit,11,85,50,1,4,7,4,0,2,1,0,"Fashion,Yoga,sexy Women's Fashion,Sleeve,Suits,short sleeves,Two piece set,T Shirts,Shorts,gymwear,Casual T-Shirt,Printed T Shirts,Clothes,Casual,Sports Wear,printed",white,8,36,50,21,3.714285714,2. Baixo(100),800,Branco,1. Baixo Impacto,Scarcity,0,FALSE,FALSE,FALSE,1,Standard Delivery,2. Barato,2. Normal,05. P (XS),"Camiseta, Camisa, Shorts, Conjunto/Terno","Algodão/Poliéster, Algodão, Poliéster, Poliéster/Elastano, Poliéster/Algodão, Nilon/Elastano",TRUE,CN,retail_maior,673,TRUE
1363,5d569982a4c254518f4e3f33,Men Women T-shirt Fear of God Essentials 3M Reflective Harajuku Hip Hop Kanye West Streetwear summer Tee Tops Coats,17,75,1000,0,4.18,479,280,94,56,11,38,"Summer,Coat,Tops,Tee,Harajuku,Hip Hop,3mreflective,kanyewest,streetwear,essential,T Shirts",black,50,60,50,4778,4.180828799,3. Médio(1000),836,Preto,4. Alto Impacto,None,0,FALSE,FALSE,FALSE,0,Standard Delivery,2. Barato,2. Normal,06. P (S),"Casaco, Camisa, Camiseta, Top","Poliéster/Algodão, Algodão/Poliéster, Algodão",FALSE,CN,retail_maior,341,FALSE
1365,5e0450861f26761e566fee35,XS-8XL Plus Size Fashion Clothes Women's Dresses Casual Short Sleeve Linen Blouses Loose Deep V-neck Dress Party Dress Ladies Casual Solid Color Swimsuit Cover-up Beach Dress,2.8,3,1000,1,3.4,78,26,14,19,3,16,"Deep V-Neck,Plus Size,Dress,short sleeves,V-neck,Mini dress,beach dress,short sleeve dress,Casual,Clothes,blouse,Shorts,Tops & Blouses,Sleeve,Beach,summer dress,Women's Fashion,Swimsuit,swim suit cover up,Party Dress,Ladies,party,linen dress,Fashion,loose dress,Swimming",yellow,8,20,50,1281,4.018735363,3. Médio(1000),680,Laranja/Amarelo,3. Médio Impacto,None,0,FALSE,FALSE,FALSE,1,Standard Delivery,2. Barato,2. Normal,05. P (XS),"Vestido, Blusa, Camiseta, Shorts, Maiô/Biquíni, Top","Algodão/Poliéster, Algodão/Viscose, Poliéster/Viscose, Poliéster, Poliéster/Elastano, Viscose/Algodão, Nilon/Elastano, Algodão",FALSE,CN,retail_maior,7,TRUE
1366,5dc23f82bcc20f001e5a73e0,NEW Red Bull Summer Mens Casual Shorts Pants Loose Cotton Movement Dry Quickly Fitness Shorts,8,7,50,1,3.43,7,3,0,2,1,1,"Summer,Shorts,pants,Fitness,Short pants,runningpant,Men's Fashion,Casual,Red,Cotton",grey,50,15,50,249,3.979919679,2. Baixo(100),686,Cinzento,2. Baixo a Médio Impacto,None,0,FALSE,FALSE,FALSE,1,Standard Delivery,2. Barato,2. Normal,06. P (S),"Calça, Shorts","Algodão/Poliéster, Algodão",FALSE,CN,price_maior,-12,TRUE
1367,5ed0a8c8ada718467c37424f,XS-8XL Summer Clothes Women's Fashion Sleeveless Off Shoulder Dress Floral Printing Sling Dress Deep V-Neck Slim Fit Big Swing Beach Skirts Loose Casual Long Maxi Dresses Ladies Plus Size Party Dresses,5.89,5,100,1,4.15,48,30,7,4,2,5,"Summer,Fashion,plus size dress,Dress,slim,casual dresses,V-neck,Women's Fashion,Party Dress,Sexy Dress,Floral,Skirts,Casual,Slim Fit,Deep V-Neck,party,Plus Size,summer dress,Sleeveless dress,print dress,Ladies,women dress,shoulder dress,Clothes,Beach,sleeveless",black,2,30,50,150,3.993333333,2. Baixo(100),830,Preto,4. Alto Impacto,Scarcity,0,FALSE,FALSE,FALSE,1,Standard Delivery,2. Barato,2. Normal,05. P (XS),Vestido,"Algodão/Poliéster, Algodão/Viscose, Poliéster/Elastano, Poliéster/Viscose, Poliéster, Algodão/Elastano, Algodão",TRUE,CN,price_maior,-15,TRUE
1368,5eb763e728a61a40806afbff,Summer New 2020 Fashion Women's Slim Long Dress Plus Size Gradient Printed Sleeveless Soft and Comfortable Dress Beach Spaghetti Strap Dress Elegant Dress,8,7,1000,0,3.4,94,34,14,18,12,16,"slim long,slim dress,Fashion,Summer,Dresses,Beach,Dress,summer dress,long dress,Women's Fashion,slim,Spaghetti Strap,Elegant,beach dress,Plus Size,printed,Sleeveless dress,sleeveless,maxi dress,Spaghetti,Women",grey,50,37,50,5281,4.023291043,3. Médio(1000),680,Cinzento,2. Baixo a Médio Impacto,Scarcity,0,FALSE,FALSE,FALSE,0,Standard Delivery,2. Barato,2. Normal,06. P (S),Vestido,"Algodão/Poliéster, Algodão/Viscose, Viscose/Poliéster, Poliéster, Algodão/Elastano, Poliéster/Elastano, Algodão",TRUE,CN,price_maior,-12,FALSE
1369,5ee46c69e9523b10591b0dca,Plus Size XS-3XL Women Summer Indoor Sports Pants Casual Slim Fit High Waisted Shorts Pure Color Elastic Waist Short Pants Ladies Fashion Running Yoga Shorts,1,1,100,1,3.17,6,2,1,1,0,2,"Summer,Plus Size,skinny pants,pants,Indoor,yoga leggings,yogashort,Running,short leggings,Sport,Ladies Fashion,Leggings,Shorts,Yoga,Waist,Elastic,Pure Color,Short pants,Women's Fashion,Women,Ladies,elastic waist,fitness leggings,Fashion",red,50,16,50,30,4.166666667,2. Baixo(100),634,Vermelho,4. Alto Impacto,None,0,FALSE,FALSE,FALSE,1,Standard Delivery,2. Barato,2. Normal,08. G (L),"Calça, Shorts","Elastano, Algodão/Poliéster, Algodão, Nilon/Elastano",FALSE,CN,iguais,0,TRUE
1371,5b0e18738213af277cb862f9,Women New Fashion low cut top word collar Lace Strapless Dress Elegant Evening Party Dress,16,14,10000,0,3.87,770,381,134,110,66,79,"Sexy Wedding Dress,Fashion,sexy dresses,Tops,summer dress,Strapless Dress,Collar,Elegant,Women's Fashion,Party Dress,backless,strapless,party,Dress,awordcollar,Lace,loose dress,low cut top,Women",navy,50,41,50,39381,4.066326401,4. Alto(10000),774,Azul,3. Médio Impacto,None,0,FALSE,FALSE,FALSE,0,Standard Delivery,2. Barato,2. Normal,06. P (S),"Vestido, Top","Poliéster/Elastano, Algodão/Poliéster, Renda, Viscose/Algodão, Poliéster, Algodão/Viscose, Algodão",FALSE,CN,price_maior,-12,FALSE
1372,5e663f65b12772eb50bcf938,UR Sugar Color UV Gel Spring Summer Fashion Nail Art Gel Vanrish,1.66,2,1000,1,4.21,33,21,6,2,0,4,"Summer,Fashion,art,Beauty,sequinsnailgel,Nail Polish,nailuvgel,colorgel,soakoffgel,Spring,mattegel,Nails,gel nail polish,Nail Gel,UV Gel,nail art,uv",no_color_specified,50,34,50,15221,4.393206754,3. Médio(1000),842,Não Informado,0. Não Informado,None,1,FALSE,TRUE,FALSE,1,Standard Delivery,2. Barato,2. Normal,16. Outros Itens (Dimensões/Kits/Objetos),Não Especificado,"Algodão/Poliéster, Algodão",FALSE,CN,retail_maior,20,TRUE
1374,5e93d7cf79bded3d40385b54,New Fashion Summer Women Casual Dress Round Neck Loose Big Swing Skirt Sleeveless Soild Color Beach dress,2.71,3,100,1,4.33,12,8,2,1,0,1,"Summer,Fashion,Necks,Skirts,Dress,Loose,Women's Fashion,Round neck,beach dress,sleeveless,Beach,Casual,Women",white,2,37,50,576,4.114583333,2. Baixo(100),866,Branco,1. Baixo Impacto,Scarcity,0,FALSE,FALSE,FALSE,1,Standard Delivery,2. Barato,2. Normal,04. PP (XXS),Vestido,"Algodão/Poliéster, Algodão/Viscose, Algodão",TRUE,CN,retail_maior,11,TRUE
1376,5aba0e4d35ca8601538db9b5,Women Fashion Lace Party Cocktail Mini Dress Ladies Summer Short Sleeve Skater Dresses ,16,34,5000,1,4.28,1612,976,328,162,70,76,"Mini,womens dresses,Lace,Cocktail,slim dress,Dress,short sleeves,Mini dress,Women's Fashion,short sleeve dress,Summer,Party Dresses,princess dress,Bodycon Dress,Women,lace dresses,Shorts,Sleeve,Cocktail dresses,summer dress,Ladies,party,Fashion",black,9,39,50,228676,4.230903112,4. Alto(10000),856,Preto,4. Alto Impacto,Scarcity,1,FALSE,TRUE,FALSE,1,Standard Delivery,2. Barato,2. Normal,07. M,"Vestido, Camiseta, Shorts","Poliéster/Elastano, Algodão/Poliéster, Renda, Poliéster, Algodão/Elastano, Algodão/Viscose, Algodão",TRUE,CN,retail_maior,112,TRUE
1377,5e44d17582959024a050bae7,XS-8XL Women's Fashion Summer Deep V-Neck Sling Flower Printed Colorful Dresses Sleeveless Mini Dresses Slim Fit Big Swing Beach Skirts Ladies Cotton Loose Long Maxi Dresses Plus Size Casual Party Evening Dresses,5,5,1000,0,3.85,279,133,59,32,23,32,"Summer,Fashion,Colorful,Mini,plus size dress,Dress,slim,V-neck,Women's Fashion,Plus Size,printed,sleeveless,Party Dresses,Skirts,Casual,casual dress,Deep V-Neck,party,Flowers,Slim Fit,print dress,Evening Dress,Ladies,women dress,Cotton,Beach",blue,1,29,50,11078,4.043780466,3. Médio(1000),770,Azul,3. Médio Impacto,None,0,FALSE,FALSE,FALSE,0,Standard Shipping,2. Barato,2. Normal,05. P (XS),Vestido,"Algodão/Poliéster, Algodão/Viscose, Algodão, Poliéster/Elastano, Poliéster, Poliéster/Viscose, Algodão/Elastano",FALSE,CN,iguais,0,FALSE
1378,5923db899009d70e4319514f,Lace Summer Princess Prom Punk Dress Women Casual Basic Dress Honey Moda Hippie Clothing,11,26,5000,1,4.04,1571,867,275,190,99,140,"Summer,Fashion,Lace,Princess,Dress,princessprom,punk,Women's Fashion,basicdressboho,Casual,Prom,lacesummer,vestido,hippie,Mori Girl,donnahoney,Clothing,Lolita,punkdres,Women",White,50,46,50,47476,4.465350914,4. Alto(10000),808,Branco,1. Baixo Impacto,None,0,FALSE,FALSE,FALSE,1,Standard Delivery,2. Barato,2. Normal,07. M,Vestido,"Algodão/Poliéster, Renda, Algodão",FALSE,CN,retail_maior,136,TRUE
1379,5abb1309dc0c285e4eb675a8,Summer Short Sleeve Floral Print Tunic Long Dress Women Irregular Vestidos,6,6,1000,1,3.68,895,356,198,157,70,114,"Summer,dressesforwomen,tunic,Sleeve,long dress,robefemme,Dress,summer dress,Print,short sleeves,Dresses,Women's Fashion,Shorts,vestido,Floral,Floral print,Women",black,5,39,50,25260,3.995605701,3. Médio(1000),736,Preto,4. Alto Impacto,None,0,FALSE,FALSE,FALSE,1,Standard Delivery,2. Barato,2. Normal,04. PP (XXS),"Vestido, Camiseta, Shorts, Túnica","Algodão/Poliéster, Poliéster/Viscose, Viscose/Poliéster, Poliéster, Algodão/Viscose, Algodão",FALSE,CN,iguais,0,TRUE
1380,5ebb83bfb3eb1c26cc6f048b,New Women Ladies Fashion Feather Print Lace Trim Pointed Hem Tank Top,4.88,25,1000,0,4,16,8,1,6,1,0,"printtank,Tanktops for women,Fashion,Tops & Blouses,Lace,lace trim,Tank,Tops,tank top,Women's Fashion,featherprint,women tank top,Print,sleeveless,feather,Casual,irregularhem",white,4,41,50,130598,3.946790916,3. Médio(1000),800,Branco,1. Baixo Impacto,None,0,FALSE,FALSE,FALSE,0,Standard Delivery,2. Barato,2. Normal,05. P (XS),"Blusa, Regata, Top","Poliéster/Viscose, Algodão/Poliéster, Renda, Poliéster, Algodão",FALSE,CN,retail_maior,412,FALSE
1381,55c181dee7f48f42252fb7ff,Hot One Piece Bathing Suit Women Ruffles Sweetheart Beachwear Push up Swimsuit  Plus Size Swimwear Monokini M-3XL,16,14,20000,0,4.27,2859,1736,573,281,111,158,"Summer,sweetheart,Plus Size,ruffle,onepiece,sexy one piece bathing suit,One Piece Swimsuits,Swimwear,push up swimwear,Women's Fashion,one piece bathing suit,beachwear for women,fahsion,Suits,Swimming,Swimsuit,Women,Fashion,sexy monokini",black,50,10,50,18910,4.387414067,5. Muito Alto(20000),854,Preto,4. Alto Impacto,None,1,FALSE,TRUE,FALSE,0,Standard Delivery,2. Barato,2. Normal,07. M,"Conjunto/Terno, Maiô/Biquíni, Moda Praia","Algodão/Poliéster, Poliéster/Elastano, Poliéster/Algodão, Nilon/Elastano, Algodão",FALSE,CN,price_maior,-12,FALSE
1382,5e5783f3ef63054df23adcd9,Womens Summer Sleeveless Loose Casual Long Vest Dresses Ladies Party Dress V-neck Floral Print Sling Dress Big Swing Skirt Plus Size S-5XL_X,11,75,1000,1,3.43,70,28,12,8,6,16,"Summer,Vest,Plus Size,vest dress,long dress,Dress,Spaghetti Strap,V-neck,Ladies,Women's Fashion,Party Dress,women dress,Floral,Party Dresses,Skirts,Casual,party,Floral print,Dresses,summer dress,Maxi Dresses,Print,sleeveless",purple,50,25,50,104,3.682692308,3. Médio(1000),686,Roxo,3. Médio Impacto,None,0,FALSE,FALSE,FALSE,1,Standard Delivery,2. Barato,2. Normal,06. P (S),Vestido,"Algodão/Poliéster, Poliéster/Viscose, Viscose/Poliéster, Poliéster, Poliéster/Elastano, Algodão/Viscose, Algodão",FALSE,CN,retail_maior,582,TRUE
1384,5eaa763bf2a4023bc0f6f600,Women Fashion Boho Gradient Color Head Scarf Quick Dry Sport Sweat-absorbent Turban Stretchy Cotton Headband Summer Workout Yoga Headband Stretchy Head Scarf Fashion Accessories,5,25,1000,0,3.64,44,15,11,11,1,6,"Cotton,Summer,Head,Fashion,Yoga,boho,Head Bands,headbandsturban,Fashion Accessories,head scarf,Accessories,Hair Band,Running,bohoheadband,Women's Fashion,Sport,heandband,Hair Accessories,scarf,Women",blue,50,43,50,13979,3.870734673,3. Médio(1000),728,Azul,3. Médio Impacto,None,0,FALSE,FALSE,FALSE,0,Standard Delivery,2. Barato,2. Normal,02. Tamanho Único,Não Especificado,"Algodão, Algodão/Poliéster, Nilon/Elastano",FALSE,CN,retail_maior,400,FALSE
1385,5b812c6bad9cf525ee514516,Summer Women's Fashion Sexy Tops V Neck Sleeveless Shirt Off Shoulder Top Shirts Loose Cotton Pleated T Shirts Casual Backless Camisole Fashion Ladies Straps Tank Top Solid Color Sling Blouse Plus Size Shirts XXS-6XL (12 Colors ),6,10,10000,0,4.06,1496,794,291,215,92,104,"Summer,Plus size top,Pleated,looseblouse,tank top,cottontop,Women's Fashion,Fashion,sleeveless tops,sexy,Tank,shouldertop,strap,loosevest,cottonblouse,blouse,Plus Size,womens  tank,Tops & Blouses,Shirt,Tops,Necks,Casual,backless,Tops & T-Shirts,Ladies,sleeveless,Cotton",black,50,25,50,2359,4.188215345,4. Alto(10000),812,Preto,4. Alto Impacto,Scarcity,0,FALSE,FALSE,FALSE,0,Standard Delivery,2. Barato,2. Normal,06. P (S),"Blusa, Camisa, Top, Regata","Poliéster/Elastano, Poliéster/Viscose, Algodão/Poliéster, Algodão, Viscose/Poliéster",TRUE,CN,retail_maior,67,FALSE
1386,5ceb7e996bdaed5f2be26d58,36 inches Inflatable Bouncy Ball Water Balloon Funny Toy Ball Amazing Tear-Resistant Inflatable Balls for Kids Outdoor Play Summer Beach Ball Game,6,6,1000,1,3.15,170,57,20,34,9,50,"Summer,Outdoor,Funny,Festival,bubble,Balloon,water,waterball,Large,Birthday,Wedding,Toy,gaes,Beach,waterballoon,Inflatable,kids",white,50,62,50,2510,4.197609562,3. Médio(1000),630,Branco,1. Baixo Impacto,None,0,FALSE,FALSE,FALSE,1,Standard Delivery,2. Barato,2. Normal,00. Não Informado,Não Especificado,"Algodão/Poliéster, Algodão",FALSE,CN,iguais,0,TRUE
1387,5d0731413f99db0be0450928,Fashion Women Two Pieces Dress Off Shoulder T-Shirt & Striped Maxi Skirt Sets ,14,139,10000,1,4.26,2107,1334,348,206,86,133,"long skirt,Two-Piece Suits,2 piece dress sets,long dress,Women's Fashion,Two piece set,Women Skirts,T Shirts,Fashion,off shoulder,two piece dress,Striped,Skirts,Women Fashion",blue,50,44,50,20387,4.193456615,4. Alto(10000),852,Azul,3. Médio Impacto,Scarcity,1,FALSE,TRUE,FALSE,1,Standard Delivery,2. Barato,2. Normal,06. P (S),"Vestido, Camisa, Conjunto/Terno, Camiseta","Algodão/Poliéster, Viscose/Poliéster, Poliéster/Elastano, Poliéster/Algodão, Algodão",TRUE,CN,retail_maior,893,TRUE
1389,5eb619fb040a7f1fc2bbe3d0,Women Fashion Letter Printed Short Sleeve Top Summer Casual Round Collar Pullover T Shirt Loose Cotton Blouses,9,17,100,1,4.18,34,22,4,3,2,3,"Summer,summer t-shirts,looseblouse,pullovershirt,short sleeves,casual shirt,Women's Fashion,Fashion,printed,Navy,Collar,Pullovers,summer tops,Cotton,blouse,Shorts,Shirt,Sleeve,Tops,New arrival,letterprinted,Casual,Tops & T-Shirts,Women",purple,19,27,50,1928,4.130186722,2. Baixo(100),836,Roxo,3. Médio Impacto,None,0,FALSE,FALSE,FALSE,1,Standard Delivery,2. Barato,2. Normal,05. P (XS),"Blusa, Pulôver, Camisa, Camiseta, Shorts, Top","Poliéster/Viscose, Algodão/Poliéster, Algodão, Viscose/Poliéster, Poliéster",FALSE,CN,retail_maior,89,TRUE
1390,5d0c4c994fb7a96068096174,NEW Summer Plus Size Tank Top for Women Spaghetti Strap  Flower Print Sleeveless Casual Top,5,5,5000,1,4.1,478,281,77,51,23,46,"Summer,fashion women,Plus Size,Tank,Tops,topsamptshirt,tank top,Spaghetti Strap,Print,Women's Fashion,Fashion,printed,blousesampshirt,sleeveless,Women,Spaghetti,Casual,Flowers,sleeveless tops",purple,1,35,50,14095,4.08967719,4. Alto(10000),820,Roxo,3. Médio Impacto,None,0,FALSE,FALSE,FALSE,1,Standard Delivery,2. Barato,2. Normal,06. P (S),"Blusa, Camisa, Top, Regata","Poliéster/Viscose, Algodão/Poliéster, Poliéster, Poliéster/Elastano, Algodão",FALSE,CN,iguais,0,TRUE
1391,5d088a1afc092c6d6e8c9daf,New Women's Fashion Summer Tops Sleeveless Spaghetti Straps Casual Printed Cotton Tank Tops,7,6,20000,1,4.22,2019,1182,393,257,90,97,"Summer,Fashion,Tank,Tops,Spaghetti Strap,tank top,strap,Women's Fashion,printed,sleeveless,Cotton,Spaghetti,Casual,Women",lightgreen,50,36,50,8501,4.164804141,5. Muito Alto(20000),844,Verde,3. Médio Impacto,Scarcity,1,FALSE,TRUE,FALSE,1,Standard Delivery,2. Barato,2. Normal,06. P (S),"Regata, Top","Algodão/Poliéster, Algodão, Poliéster, Poliéster/Elastano",TRUE,CN,price_maior,-14,TRUE
1392,5e7d9c4eb880a0477d8103cb,5 Colors Summer Fashion Women Sport Shorts High Waist Elastic Skinny Hip Lifting Short Pants Lady Running Fitness Shorts,9,11,100,0,4.4,15,9,4,1,1,0,"runningfitne,Shorts,high waist,Elastic,pants,Fitness,Short pants,Running,women shorts,elasticskinnypant,Summer,Women,Summer Fashion,Women's Fashion,hiplifting,Sport,Fashion,shortsforwomen,Waist",purple,50,43,50,29615,3.928009455,2. Baixo(100),880,Roxo,3. Médio Impacto,None,0,FALSE,FALSE,FALSE,0,Standard Delivery,2. Barato,2. Normal,06. P (S),"Calça, Shorts","Elastano, Algodão/Poliéster, Algodão",FALSE,CN,retail_maior,22,FALSE
1393,5c710c76ebd9466c3e4861ad,Women Fashion Spring and Summer Casual Side Pockets Solid Color Mini Shirt Dress Long Sleeve O-Neck Short Dress  ,15,13,1000,1,3.5,497,184,93,92,44,84,"Mini,Shorts,short dress,Sleeve,Summer,Long Sleeve,Evening Dress,Dress,Elegant Dress,Spring,Pullovers,Women's Fashion,Party Dress,Women,Long sleeved,Shirt,women dress,o-neck,Fashion,Casual,casual dress",black,50,41,50,3533,4.228700821,3. Médio(1000),700,Preto,4. Alto Impacto,Scarcity,0,FALSE,FALSE,FALSE,1,Standard Delivery,2. Barato,2. Normal,05. P (XS),"Vestido, Pulôver, Camisa, Shorts","Algodão/Poliéster, Algodão/Viscose, Poliéster, Poliéster/Elastano, Algodão",TRUE,CN,price_maior,-13,TRUE
1394,5d63a7dfa9c84677ea42887f, XS - XXL Fashion Women's Summer Casual T - Shirt Love Gesture Printed Short Sleeve Blouse XS - XXL,7,6,1000,0,3.75,68,28,16,11,5,8,"blouse,Summer,Fashion,Love,Shirt,Sleeve,Tee Shirt,topsamptshirt,short sleeves,Women's Fashion,Shorts,printed,Casual",black,41,135,50,331,3.930513595,3. Médio(1000),750,Preto,4. Alto Impacto,None,0,FALSE,FALSE,FALSE,0,Standard Delivery,2. Barato,2. Normal,05. P (XS),"Blusa, Camisa, Camiseta, Shorts, Top","Poliéster/Viscose, Algodão/Poliéster, Poliéster, Algodão",FALSE,CN,price_maior,-14,FALSE
1395,5ce35861a11669329976a491,6 Color Women Summer Fashion Tank Top Dress Sleeveless Short Deep V-neck Dress Pentacle Print Cotton Plus Size Women Casual Loose Dress S-5XL,13,11,1000,0,3.97,289,148,59,38,13,31,"Summer,Plus Size,fashion dress,Dress,V-neck,Women's Fashion,Fashion,sleevelessshort,tank top,Summer Fashion,Casual,Women Fashion,casual dress,Deep V-Neck,Shorts,Tank,Tops,Cotton Dress,Women,Print,sleeveless,pentacleprint,Cotton,loose dress",white,50,54,50,7034,4.060278647,3. Médio(1000),794,Branco,1. Baixo Impacto,None,0,FALSE,FALSE,FALSE,0,Standard Delivery,2. Barato,2. Normal,08. G (L),"Vestido, Shorts, Regata, Top","Algodão/Poliéster, Algodão/Viscose, Algodão, Poliéster/Elastano, Poliéster/Viscose, Viscose/Algodão, Poliéster",FALSE,CN,price_maior,-15,FALSE
1396,5e3ec653022fe610e3dc5b72,Women Fashion Loose Casual Printed Women Trousers Summer Women Jumpsuit Sleeveless Jumpsuit_MAER,7,17,100,1,3.89,27,11,7,5,3,1,"Summer,Plus Size,sleevelessjumpsuit,romperswomen,Jumpsuits & Rompers,Casual,Women's Fashion,Fashion,printed,printedjumpsuit,sleeveless,Women,women Jumpsuit,women trousers,trousers,jumpsuit",red,50,35,50,88,4,2. Baixo(100),778,Vermelho,4. Alto Impacto,None,0,FALSE,FALSE,FALSE,1,Standard Delivery,2. Barato,2. Normal,04. PP (XXS),"Macacão, Conjunto/Terno","Algodão/Poliéster, Poliéster, Poliéster/Algodão, Algodão",FALSE,CN,retail_maior,143,TRUE
1397,5a62dcd33f78766f035945ac,Summer Fashion Halter Women Crop Tops Fashion Letter Print Women Tank Top Casual,4,4,5000,0,4.19,999,587,180,123,54,55,"Summer,Fashion,crop top,Halter,letter print,fashion vest,Tops,haltershirt,tank top,Women's Fashion,Print,Tank,women top,Casual,Women",grey,50,41,50,225438,4.301120485,4. Alto(10000),838,Cinzento,2. Baixo a Médio Impacto,None,1,FALSE,TRUE,FALSE,0,Standard Delivery,2. Barato,2. Normal,06. P (S),"Camisa, Regata, Top","Algodão/Poliéster, Poliéster, Algodão",FALSE,CN,iguais,0,FALSE
1399,5e6861a9ee70ce3101a91d44,ZANZEA Women Short Sleeve Dress Casual V-Neck Long Maxi Sundress Ladies Vestido Fashion Party Tunic Robe,14,84,1000,0,3.27,130,40,24,26,11,29,"Fashion,highwaistdres,Evening Dress,Dress,short sleeves,V-neck,Women's Fashion,Party Dress,party,tunic,Sleeve,Vintage dress,damenkleid,Shorts,sleeve dress,sommerkleid,solidcolordres,Casual,femmerobe,plus size dress,Ladies,women dress,Robes,Women",armygreen,50,40,50,11900,4.150756303,3. Médio(1000),654,Verde,3. Médio Impacto,None,0,FALSE,FALSE,FALSE,0,Standard Delivery,2. Barato,2. Normal,06. P (S),"Vestido, Robe, Camiseta, Shorts, Túnica","Algodão/Poliéster, Poliéster, Poliéster/Elastano, Algodão/Viscose, Poliéster/Algodão, Algodão, Algodão/Denim",FALSE,CN,retail_maior,500,FALSE
1400,5c920161bec77729d9490525,Plus Size Women Sleeveless Vest Tank Top  Casual Athletic Yoga Tops Faith Letter Print Loose T-shirt Race Back Sports Tee S-5XL,8,31,1000,1,4.12,155,84,31,22,11,7,"Vest,Fashion,letter print,Shirt,topsamptshirt,tank top,tank tops women,Sleeveless Shirt,Plus Size,sleeveless tops,sleeveless,Sport,Casual,T Shirts,Women,Tank,Sexy Top,Tops,loose t-shirt,Women's Fashion,Cami Tank Tops,T-Shirt womens,Print,lace tank top,womens tank tops",white,50,43,50,28295,3.809966425,3. Médio(1000),824,Branco,1. Baixo Impacto,None,0,FALSE,FALSE,FALSE,1,Standard Delivery,2. Barato,2. Normal,06. P (S),"Camisete, Camiseta, Camisa, Top, Regata","Algodão/Poliéster, Renda, Algodão, Poliéster, Poliéster/Elastano",FALSE,CN,retail_maior,288,TRUE
1401,58eeefc901ba331d47ca05d8,Drag Couples Slippers Men and Women Indoor Bathroom Home In The Summer Quality,4,26,5000,1,4.3,825,530,136,82,34,43,"Slippers,Bathroom,Sandals,Summer,Home & Living,Couple,Indoor,Bath,Home & Kitchen,showerroom,takeashower,Home,Household",yellow,50,48,50,12666,4.398310437,4. Alto(10000),860,Laranja/Amarelo,3. Médio Impacto,None,1,FALSE,TRUE,FALSE,1,Standard Delivery,2. Barato,2. Normal,15. Calçados / Numerações,Não Especificado,"Algodão/Poliéster, Algodão",FALSE,US,retail_maior,550,TRUE
1403,58ca99f931a345532b684d7e,Women Sexy Halter Cowl Neck Backless Ruched Tank Tops,11,10,10000,0,4.16,1780,975,406,210,94,95,"sexy tank,Tank,Necks,Halter,haltertank,women tank,tank top,ruchedtanktop,solidtank,Women's Fashion,slimtank,backless,cowlnecktank,ruchedtank,sexy,Tops,backlesstank,Women",black,5,72,50,19436,4.109024491,4. Alto(10000),832,Preto,4. Alto Impacto,None,1,TRUE,FALSE,FALSE,0,Standard Delivery,2. Barato,2. Normal,06. P (S),"Regata, Top","Poliéster/Elastano, Algodão/Poliéster, Algodão/Elastano, Algodão",FALSE,CN,price_maior,-9,FALSE
1405,5e97129b6ee2a91a8067702e,2021 Stranger Things season 4 T Shirt Women Upside Down T Shirt Eleven Female Graphic grunge T-shirt femme tee Shirts funny clothing,5.85,43,100,1,3.67,45,21,8,4,4,8,"blouse,Summer,Fashion,Grunge,Shirt,letter print,Funny,short sleeves,Women's Fashion,strangerthing,Print,Women,Clothing,Sleeve,T Shirts,Necks",multicolor,50,45,50,1972,4.340770791,2. Baixo(100),734,Multicor/Estampado,4. Alto Impacto,None,0,FALSE,FALSE,FALSE,1,Standard Delivery,2. Barato,2. Normal,11. Plus Size (3XL),"Blusa, Camisa, Camiseta","Poliéster/Viscose, Algodão/Poliéster, Poliéster, Algodão",FALSE,CN,retail_maior,635,TRUE
1406,5ebf4728ed59bb08322ca81a,Women Summer Elegant Floral Print Sleeveless Deep V Neck Casual Print Jumpsuit Summer Romper Women Jumpsuit,5.69,10,1000,0,3.74,76,30,17,15,7,7,"Summer,Plus Size,Floral print,summerjumpsuit,Rompers,Women,Necks,Casual,Elegant,Women's Fashion,offshoulderjumpsuit,sleevelessjumpsuit,Print,sleeveless,printjumpsuit,women Jumpsuit,Causal,Floral,jumpsuit",yellow,3,20,50,161,4.074534161,3. Médio(1000),748,Laranja/Amarelo,3. Médio Impacto,None,0,FALSE,FALSE,FALSE,0,Standard Delivery,2. Barato,2. Normal,05. P (XS),Macacão,"Algodão/Poliéster, Poliéster/Viscose, Poliéster, Algodão",FALSE,CN,retail_maior,76,FALSE
1407,592fc0ee8f7b083a09f0f64f,New Women Swimwear Bandage Bikini Set Push-up Padded Bra Bathing Suit Swimsuit,5.71,84,20000,0,3.9,4657,2011,1127,849,360,310,"bikini2017,bathing suit,swimsuit model,SwimwearWomen,Plus Size Swimwear,Swimwear,Swimsuit,padded,Bikini,Fashion,swimwearwomen2017,Suits,Women's Fashion,Swimming,bathing suit women,Bras,Women",blue,50,47,50,127966,4.1974587,5. Muito Alto(20000),780,Azul,3. Médio Impacto,Scarcity,0,FALSE,FALSE,FALSE,0,Standard Delivery,2. Barato,2. Normal,09. GG (XL),"Biquíni, Sutiã, Conjunto/Terno, Maiô/Biquíni, Moda Praia","Algodão/Poliéster, Nilon/Elastano, Poliéster/Borracha, Poliéster/Algodão, Algodão",TRUE,CN,retail_maior,1371,FALSE
1408,5cc8351147634f53a6115fcc,Summer Crop Top Women Tank Top Solid Color Sexy Hollow Out Ladies Tops Women‘s’ Clothing Fashion Tops Women T-shirt Casual Ladies Shirt ,9,84,1000,0,4.3,420,255,83,52,15,15,"Summer,Fashion,Hollow-out,short sleeves,tank top,Women's Fashion,tanktopforwomen,Sexy Tshirt,sexy,datetop,Clothing,Casual,Women Fashion,Women,Tank,Shirt,solidcolortop,Tops,Slim Fit,T Shirts,Street,Ladies",black,50,43,50,8404,4.246192289,3. Médio(1000),860,Preto,4. Alto Impacto,Scarcity,0,FALSE,FALSE,FALSE,0,Standard Delivery,2. Barato,2. Normal,07. M,"Camisa, Camiseta, Regata, Top","Algodão/Poliéster, Poliéster/Elastano, Algodão/Elastano, Algodão",TRUE,CN,retail_maior,833,FALSE
1409,5d130908ce76c95e615be75c,Summer Women's Fashion Tie Dye Print Tassel Sleeve T-shirt,12,11,5000,0,3.6,518,216,90,86,43,83,"Summer,Tassels,summer t-shirts,Sleeve,Dyes,Slim Fit,short sleeves,Women's Fashion,Fashion,Tie Dye,topsampblouse,Print,sexy,T Shirts,tiedyeshirt,taeeltshirt",pink,50,43,50,13127,4.123943018,4. Alto(10000),720,Rosa,3. Médio Impacto,None,0,FALSE,FALSE,FALSE,0,Standard Delivery,2. Barato,2. Normal,05. P (XS),"Blusa, Camisa, Camiseta, Top","Poliéster/Viscose, Algodão/Poliéster, Poliéster, Poliéster/Elastano, Algodão/Elastano, Algodão",FALSE,CN,price_maior,-8,FALSE
1410,5947718c4600c76e72246e75,Women Sexy Chest Strap Sling Vest Summer Style Top Soft and Comfotable Fitness Tops Swimwear Push Up Swim Top,5,5,20000,0,4.19,7773,4220,1795,1098,351,309,"sexyandbeautifulstyle,Fitness,Fashion,Summer,Tops,cheststrapvest,charmingdres,tank top,Swimwear,slimvest,Women's Fashion,fitness top,swimsuits for women,Dress,sexy,pushupswimtop,sexysummerdres,Women",black,9,38,50,10269,4.260005843,5. Muito Alto(20000),838,Preto,4. Alto Impacto,None,1,FALSE,TRUE,FALSE,0,Standard Delivery,2. Barato,2. Normal,07. M,"Vestido, Conjunto/Terno, Maiô/Biquíni, Moda Praia, Regata, Top","Algodão/Poliéster, Poliéster/Elastano, Algodão/Elastano, Poliéster/Algodão, Nilon/Elastano, Algodão",FALSE,CN,iguais,0,FALSE
1411,5e426615a4662e4a214c6371,Women Fashion Short Jumpsuit Spaghetti Strap Sleeveless Rompers Summer One Piece Set Casual Summer Outfits,9,8,100,0,4.5,8,6,0,2,0,0,"Summer,Shorts,Women,shortromper,Spaghetti,onepiece,Spaghetti Strap,One-Piece Suits,shortjumpsuit,Women's Fashion,Fashion,Casual,summerjumpsuit,sleeveless,Rompers,women Jumpsuit,playsuit,jumpsuit",armygreen,50,46,50,5988,3.945223781,2. Baixo(100),900,Verde,3. Médio Impacto,None,0,FALSE,FALSE,FALSE,0,Standard Delivery,2. Barato,2. Normal,06. P (S),"Macacão, Shorts, Conjunto/Terno","Algodão/Poliéster, Poliéster/Elastano, Poliéster/Algodão, Algodão",FALSE,CN,price_maior,-11,FALSE
1413,5d4bb45c3ff22e4754d51846, New The New Men's Stitching Design Jogging Sports Cropped Trousers,9,13,5000,1,3.75,1017,431,207,185,78,116,"Summer,harem,Shorts,Casual pants,pants,harem pants,Men's Fashion,Fashion,Men's pants,men's shorts,Sport,Striped,trousers",black,50,36,50,2359,4.058499364,4. Alto(10000),750,Preto,4. Alto Impacto,None,0,FALSE,FALSE,FALSE,1,Standard Delivery,2. Barato,2. Normal,06. P (S),"Calça, Shorts","Algodão/Poliéster, Algodão",FALSE,CN,retail_maior,44,TRUE
1414,5e686ce3e1cc2837f55f4401,Plus Size Fashion Women Summer Casual Tank Tops Loose Beach Blouses Sleeveless Bohemia Printed Cotton Beach T Shirt,7,13,1000,1,3.74,54,25,8,10,4,7,"bohemia,Summer,Plus Size,Loose,tank top,Women's Fashion,Fashion,sleeveless tops,Summer Fashion,Casual,Cotton,blouse,beachtshirt,Tank,Shirt,Tops,boho,women shirt,sleeveless,Women,Beach,printed",pink,50,41,50,36913,3.949421613,3. Médio(1000),748,Rosa,3. Médio Impacto,Scarcity,0,FALSE,FALSE,FALSE,1,Standard Delivery,2. Barato,2. Normal,06. P (S),"Blusa, Camisa, Top, Regata","Algodão/Poliéster, Poliéster/Viscose, Algodão, Poliéster",TRUE,CN,retail_maior,86,TRUE
1415,5e9e714ed8ffeb004ec08270,Women Vintage Vertical Striped Mini Button Cami Spring and Summer Dresses Vest Plus Size XS-8XL,7,6,100,0,3.36,11,4,2,2,0,3,"Mini,slim dress,Vest,Plus Size,Vintage,women dresses,Spring,button,casual dresses,Mini dress,beach dress,Sleeveless dress,Summer,women dress,Dress,summer dresses,Women Vest,Women,Women's Fashion,Striped,casual dress",blue,50,21,50,8989,3.851930137,2. Baixo(100),672,Azul,3. Médio Impacto,None,0,FALSE,FALSE,FALSE,0,Standard Delivery,2. Barato,2. Normal,05. P (XS),"Vestido, Colete","Algodão/Poliéster, Algodão/Viscose, Plástico/Metal, Poliéster/Elastano, Algodão/Elastano, Algodão, Algodão/Denim",FALSE,CN,price_maior,-14,FALSE
1416,5b1a1d72892e9f13ded21644,Women Sexy Pachwork Denim Shorts Lace Trouser,15,13,1000,0,3.88,854,431,156,106,59,102,"lacetrouser,Summer,Short pants,Shorts,mentionhippant,Lace,pants,Vintage,Denim,Slim Fit,summer shorts,jean shorts,Women's Fashion,Plus Size,sexy lace,Denim Shorts,high waisted shorts,sexy,Jeans,Women",blue,50,40,50,11354,3.893693852,3. Médio(1000),776,Azul,3. Médio Impacto,None,0,FALSE,FALSE,FALSE,0,Standard Delivery,2. Barato,2. Normal,06. P (S),"Jeans, Calça, Shorts","Denim, Algodão/Poliéster, Renda, Poliéster/Elastano, Algodão/Elastano, Algodão, Algodão/Denim",FALSE,CN,price_maior,-13,FALSE
1418,5ee3257cb3c7be38e3ec7c74,1 Pcs Swimming Chair/Bed Swimming Pool Seat Inflatable Lazy Bed Lounge Chair Air Mattress Floating Bed/Chair with Net Foldable for Swimming Pool/Beach Water Relaxation,8,7,10,1,4.5,2,1,1,0,0,0,"Beds,Outdoor,inflatablefloatchair,Sports & Outdoors,Home & Living,Inflatable,cushionbed,swimmingpoolseat,Seats,water,hammock,pool,swimmingchair,Swimming,toolsgadget,mattress,Chair,Furniture,Watersports",darkblue,50,33,50,173992,4.326463286,1. Micro(10),900,Azul,3. Médio Impacto,None,0,FALSE,FALSE,FALSE,1,Standard Delivery,2. Barato,2. Normal,16. Outros Itens (Dimensões/Kits/Objetos),Não Especificado,"Nilon/Elastano, Algodão",FALSE,CN,price_maior,-12,TRUE
1419,5b2a113209dce569672cc9f2,ZANZEA Damen Sommer Mode Lose Rundhals Baumwolle Leinen 3/4 Arm Shirt Bluse Hemd Kleid Dress,16,108,10000,1,4.25,1524,905,313,169,63,74,"Fashion,Shirt,women dresses,Long Sleeve,plus size dress,Dress,pulloverdres,Women's Fashion,Midi Dress,maxi dress,kaftandres,plaidchecked",red,50,40,50,90105,4.201298485,4. Alto(10000),850,Vermelho,4. Alto Impacto,Scarcity,1,FALSE,TRUE,FALSE,1,Standard Delivery,2. Barato,2. Normal,08. G (L),"Vestido, Camisa","Algodão/Poliéster, Viscose/Poliéster, Algodão/Viscose, Algodão",TRUE,CN,retail_maior,575,TRUE
1420,5cb934f3a866551356e5f254,Women's Summer Sleeveless T-shirt New fashion Casual Solid O-neck Letter Print Loose Christian Shirts Cotton Tops Graphic Tees,8,42,5000,0,4.47,1038,720,176,75,41,26,"tank top women,christiantshirt,topsamptshirt,cottontee,Shirt,letter print,Women Vest,graphic tee,Tops,summer t-shirts,Christian,T Shirts,Fashion,Summer,sleeveless tops,sleeveless,Print,loose t-shirt,Casual,Cotton",black,50,48,50,5781,4.27486594,4. Alto(10000),894,Preto,4. Alto Impacto,None,1,FALSE,TRUE,FALSE,0,Standard Delivery,2. Barato,2. Normal,07. M,"Camiseta, Camisa, Top, Regata, Colete","Algodão/Poliéster, Algodão, Poliéster",FALSE,CN,retail_maior,425,FALSE
1421,5d10a119f11faf10003b52c9,NEW Women Summer Floral Printed Sleeveless Dress Sling Dress V-neck Backless Dress Plus Size,9,8,5000,1,4.08,1052,572,221,123,46,90,"Sleeveless dress,Plus Size,Summer,Dresses,Dress,slingdre,Floral dress,Women's Fashion,Party Dress,backless,V-neck,bohemian dress,Floral,summer dresses,printed,Women,sleeveless,casual dress",black,50,33,50,16013,4.10884906,4. Alto(10000),816,Preto,4. Alto Impacto,None,0,FALSE,FALSE,FALSE,1,Standard Delivery,2. Barato,2. Normal,06. P (S),Vestido,"Poliéster/Elastano, Algodão/Poliéster, Algodão/Viscose, Poliéster/Viscose, Poliéster, Algodão",FALSE,CN,price_maior,-11,TRUE
1423,5d3127cd4d7c340fd86ad244,XS-5XL Summer Women Round Neck Sleeveless Dress Casual Plus Size Floral Printed Dress Slim Flower Dresses,9,8,5000,0,4.08,1336,725,274,160,73,104,"Summer,floralprinteddres,floralwomendres,Dress,slim,Floral dress,Women's Fashion,Plus Size,womensleevelessdres,printed,Floral,Casual,Women,dressforwomen,Flowers,Necks,casualwomendres,summer dress,summersleeveelessdres,Sleeveless dress,Round neck,dress slim,sleeveless",blue,3,36,50,12933,4.044769195,4. Alto(10000),816,Azul,3. Médio Impacto,None,0,FALSE,FALSE,FALSE,0,Standard Delivery,2. Barato,2. Normal,06. P (S),Vestido,"Algodão/Poliéster, Poliéster/Viscose, Poliéster, Algodão/Viscose, Algodão/Elastano, Algodão",FALSE,CN,price_maior,-11,FALSE
1425,5ccd4623195cfe61a169cafd,20/10pcs Women Ankle Invisible No Show Nonslip Loafer Boat Liner Cotton Socks Comfortable Socks Women Shoes Accessories  (Application Size: 33-43),3.65,4,20000,1,3.93,4215,2184,717,605,271,438,"socksamptight,non-slip,noshowamplinersock,ankleinvisiblesock,thinsock,Socks,Ankle,low cut,Summer Fashion,Women's Fashion,Shoes,clothingampaccessorie,socksamphosiery,Women,Cotton",khaki,50,81,50,4570,4.196498906,5. Muito Alto(20000),786,Tons Neutros,2. Baixo a Médio Impacto,None,0,FALSE,FALSE,FALSE,1,Standard Delivery,2. Barato,2. Normal,16. Outros Itens (Dimensões/Kits/Objetos),Não Especificado,"Algodão/Poliéster, Algodão, Poliéster/Elastano",FALSE,CN,retail_maior,10,TRUE
1427,5a3385c1e26cae0aaa20e029,2018 Summer Women’s New Fashion Whiskey Print Lace Patchwork Spaghetti Strap T-Shirts Casual Sexy Cotton Tops,11,76,1000,0,4.23,474,270,106,57,21,20,"Summer,Fashion,Sexy Top,Tops,topsamptshirt,Off shoulder tops for women,Casual,spaghettistraptshirt,T Shirts,sexy,topsampblouse,Print,Casual Tops,jackdanielsprinttop,Spaghetti,printed shirts,Women Fashion,Cotton",black,50,43,50,33855,3.917353419,3. Médio(1000),846,Preto,4. Alto Impacto,None,0,FALSE,FALSE,FALSE,0,Standard Delivery,2. Barato,2. Normal,07. M,"Blusa, Top, Camisa, Camiseta","Poliéster/Viscose, Algodão/Poliéster, Algodão, Poliéster/Elastano, Poliéster",FALSE,CN,retail_maior,591,FALSE
1428,5e4501d384935740a8a9a4c3,NEW Womens Plus Size Top Summer Deep V-neck Tops Pure Color T-shirt Ladies Fashion Casual Tank Tops Loose Button-up Blouse Lady Sleeveless Shirts Plus Size Top,8,7,1000,1,3.41,64,19,13,16,7,9,"Summer,Plus Size,Deep V-Neck,topsamptshirt,V-neck,Women's Fashion,Fashion,tank top,Loose,topsampblouse,Causal,Ladies Fashion,blouse,fashion women,Tank,Shirt,Tops,T Shirts,Casual,Ladies,sleeveless,Pure Color,sleeveless tops",dustypink,1,36,50,942,3.475583864,3. Médio(1000),682,Rosa,3. Médio Impacto,None,0,FALSE,FALSE,FALSE,1,Standard Delivery,2. Barato,2. Normal,06. P (S),"Blusa, Camisa, Top, Camiseta, Regata","Poliéster/Viscose, Algodão/Poliéster, Poliéster/Elastano, Algodão",FALSE,CN,price_maior,-12,TRUE
1429,5c6a4bbb3abfb51118b000ca,Women Summer Fashion Casual Sexy Off Shoulder Spaghetti Strap Short Sleeve T-shirt Female Ladies Letter Print Cotton T Shirts Tops Tee Plus Size Clothing In Black Blue Grey and Blue,8,9,1000,0,4.22,117,77,14,11,5,10,"Summer,Spaghetti Strap,Cotton T Shirt,letter print,Shirt,topsamptshirt,short sleeves,Ladies,Women's Fashion,Fashion,Casual T-Shirt,Summer Fashion,sexy,Clothing,Casual,T Shirts,European Style,Blues,Plus Size,Shorts,Cotton,Sexy Top,Sleeve,Spaghetti,Tops,Grey,Women,black,Print,women top",purple,50,41,50,23832,4.02043471,3. Médio(1000),844,Roxo,3. Médio Impacto,None,0,FALSE,FALSE,FALSE,0,Standard Delivery,2. Barato,2. Normal,07. M,"Camiseta, Camisa, Shorts, Top","Algodão/Poliéster, Algodão, Poliéster, Poliéster/Elastano",FALSE,CN,retail_maior,12,FALSE
1430,5cc004928e117425a916426b,Summer Casual Womens Short Sleeves Round Neck Flared Sleeves Dresses Solid Color Loose Dresses Short Dresses Plus Size,8,7,5000,1,3.6,983,394,182,172,92,143,"Summer,Plus Size,short dress,Sleeve,Pure Color,Necks,short sleeves,flaresleeve,Round neck,beach dress,Shorts,Casual,summer dresses,Dress,women dress,Women's Fashion,loose dress,casual dress",red,4,139,50,4921,4.131070921,4. Alto(10000),720,Vermelho,4. Alto Impacto,None,0,FALSE,FALSE,FALSE,1,Standard Delivery,2. Barato,2. Normal,05. P (XS),"Vestido, Camiseta, Shorts","Algodão/Poliéster, Algodão/Viscose, Viscose/Algodão, Algodão",FALSE,CN,price_maior,-12,TRUE
1431,5f046ac0980447385a1a28e4,Women's Fashion Summer V Neck Dresses Lace Backless Dress Beach Mini Dresses Sleeveless Spaghetti Strap White Dress Plus Size XS-5XL Robe Femme,12,11,100,1,1,1,0,0,0,0,1,"Mini,Plus Size,partydressesforwomen,Lace,Summer,plus size dress,Dress,casualdressesforwomen,white dress,sundressesforwomen,beach dress,Fashion,summerdressesforwomen,Spaghetti,white,Necks,robefemme,Lace Dress,Women's Fashion,backless,sexydressesforwoman,sleeveless,Robes,Beach",yellow,4,25,50,3,3,2. Baixo(100),200,Laranja/Amarelo,3. Médio Impacto,None,0,FALSE,FALSE,FALSE,1,Standard Delivery,2. Barato,2. Normal,05. P (XS),"Vestido, Robe","Poliéster/Elastano, Algodão/Poliéster, Algodão/Viscose, Renda, Poliéster, Poliéster/Algodão, Algodão",FALSE,CN,price_maior,-8,TRUE
1432,5b42cb780cb47619a7f6bbc2,S-8XL 2018 New Women Summer Casual Shirt Beach Wear Sexy V-neck Off Shoulder Long Vest Tunic Dress with Pockets Sleeveless A-line Loose Beach Wear Ruffles T-Shirt Dresses Cotton Mini Dress Ladies Fashion Solid Color Button Down Knee Length Pleated Plus Size Tank Top Dress,8,7,20000,0,3.92,3080,1542,573,448,212,305,"Summer,Vest,Fashion,Mini,Pleated,tank top,beach dress,Party Dress,Sexy Dress,Casual,Cotton,Shirt,Tops,summer dress,Sleeveless dress,Ladies,sleeveless,Women,Beach,Tunic dress,Plus Size,ruffle,Dress,V-neck,Mini dress,Women's Fashion,pocketdres,sexy,casual dress,tunic,Tank,button,T Shirts,Cotton Dress,knee,Ladies Fashion,loose dress",navyblue,50,20,50,11854,4.094904674,5. Muito Alto(20000),784,Azul,3. Médio Impacto,None,0,FALSE,FALSE,FALSE,0,Standard Delivery,2. Barato,2. Normal,06. P (S),"Vestido, Camisa, Camiseta, Regata, Top, Túnica","Algodão/Poliéster, Algodão/Viscose, Plástico/Metal, Algodão, Viscose/Algodão, Poliéster/Elastano, Poliéster",FALSE,CN,price_maior,-12,FALSE
1433,5e9e876d27f2102a8979c8ee,New Arrival 2020 Women Butterfly 3D Print Sleeveless Shirt Summer Tank Tops Plus Size,6,22,1000,1,4.45,47,32,8,4,2,1,"butterflyprint,butterfly,Plus Size,Tank,Shirt,Summer,Tops,Women's Fashion,tank top,summer tops,Sleeveless Shirt,Fashion,3dprint,combo,Print,sleeveless,countrygirl,Casual,Women Fashion,Women",red,1,41,50,15812,3.855173286,3. Médio(1000),890,Vermelho,4. Alto Impacto,Scarcity,0,FALSE,FALSE,FALSE,1,Standard Delivery,2. Barato,2. Normal,06. P (S),"Camisa, Top, Regata","Poliéster, Algodão/Poliéster, Algodão",TRUE,CN,retail_maior,267,TRUE
1435,5edf1268a464d32423613a5e,Summer Casual Front Knot Cotton Sleeveless Irregular Hem Tank Top,2.69,3,100,0,5,1,1,0,0,0,0,"Summer,Vest,Plus Size,Tank,Tops,V-neck,Fashion,tank top,knot,solid color,sleeveless,Casual,Women Fashion,Cotton",purple,50,43,50,7218,4.247714048,2. Baixo(100),1000,Roxo,3. Médio Impacto,None,0,FALSE,FALSE,FALSE,0,Standard Delivery,2. Barato,2. Normal,05. P (XS),"Regata, Top","Algodão/Poliéster, Algodão",FALSE,CN,retail_maior,12,FALSE
1436,5ebd015540cd2c3a8953cecb,Women's Fashion Summer Clothes Cotton V-neck Short Sleeve Shirt Solid Color Loose Pleated Hem Tops Blouse,1.67,2,100,1,3.59,32,13,6,4,5,4,"blouse,Summer,Shorts,Cotton,Cotton T Shirt,Sleeve,Tops,T Shirts,casual shirt,short sleeves,Women's Fashion,Fashion,V-neck,Tops & T-Shirts,short sleeve shirt,women top,Clothes,summer tops,Pleated,Shirt",orange,2,43,50,185,3.967567568,2. Baixo(100),718,Laranja/Amarelo,3. Médio Impacto,None,1,FALSE,FALSE,TRUE,1,Standard Delivery,2. Barato,2. Normal,04. PP (XXS),"Blusa, Camiseta, Camisa, Shorts, Top","Poliéster/Viscose, Algodão/Poliéster, Algodão",FALSE,US,retail_maior,20,TRUE
1438,5d2d3c9ed5c6b00249163289,Women Summer Casual Solid Color V Neck Sleeveless Sling Dress Chiffon Dress Plus Size,6,11,100,0,3,4,0,2,1,0,1,"Summer,Plus Size,Necks,chiffon,chiffon dress,Dress,summer dress,V Neckdress,beach dress,Mini dress,slingdre,Sleeveless dress,sleeveless,women dress,Women,Women's Fashion,Casual,casual dress",white,50,17,50,5264,4.032864742,2. Baixo(100),600,Branco,1. Baixo Impacto,None,0,FALSE,FALSE,FALSE,0,Standard Delivery,2. Barato,2. Normal,06. P (S),Vestido,"Algodão/Poliéster, Algodão/Viscose, Poliéster, Poliéster/Elastano",FALSE,CN,retail_maior,83,FALSE
1439,5e16bf595457ab0a563485ea,Women's Fashion T-Shirts Let It ~ Bee Printed Casual Round Neck Graphic Tee Cute Short Sleeve T-shirts Summer Top,8,7,5000,1,3.66,581,230,120,107,52,72,"Summer,Tees & T-Shirts,Necks,Sleeve,cute,graphic tee,Tops,summer t-shirts,short sleeves,Round neck,T Shirts,Shorts,Fashion,Tops & T-Shirts,Women's Fashion,Casual,Women Fashion,printed",white,50,32,50,12574,4.002226817,4. Alto(10000),732,Branco,1. Baixo Impacto,Scarcity,0,FALSE,FALSE,FALSE,1,Standard Delivery,2. Barato,2. Normal,06. P (S),"Camisa, Camiseta, Shorts, Top","Algodão/Poliéster, Poliéster, Algodão",TRUE,CN,price_maior,-12,TRUE
1441,5c3845c9b7d2d26e8b409f02,Fashion Women Fitness Underwear Sexy Camisole Padded Tank Tops  Lady Floral Lace Bralette Crop Top,3,17,5000,0,4.17,788,466,149,77,35,61,"breathableunderwear,Fashion,Tank,Lace,Fitness,Tube top,Tops,Underwear,womanbra,padded,floral lace,Women's Fashion,Floral,sexy,Women",blue,50,21,50,4191,4.303984729,4. Alto(10000),834,Azul,3. Médio Impacto,None,0,FALSE,FALSE,FALSE,0,Standard Delivery,2. Barato,2. Normal,00. Não Informado,Top,"Algodão/Poliéster, Poliéster/Viscose, Renda, Poliéster/Borracha, Poliéster/Elastano, Algodão",FALSE,CN,retail_maior,467,FALSE
1442,5ef702023a91ac0176d698e6,Hot Summer Fur Slides Slippers Women Sandal Soft Furry Faux Fox Fur Indoor Outdoor Slippers Chaussons Femme Zapatillas Hausschuhe Damen,3,3,100,1,3.63,8,4,1,1,0,2,"Summer,slideslipper,Sandals,fur,Indoor,Fox,Indoor Slippers,outdoorslipper,Slippers,Women's Fashion,Outdoor,slippers women,furryslipper,Beach slippers,furslide,furslipperswomen,Women",black,3,26,50,1086,4.056169429,2. Baixo(100),726,Preto,4. Alto Impacto,Scarcity,0,FALSE,FALSE,FALSE,1,Standard Delivery,2. Barato,2. Normal,15. Calçados / Numerações,Não Especificado,"Algodão/Poliéster, Algodão",TRUE,CN,iguais,0,TRUE
1444,5e9d3f0bad02980482682c4e,New Fashion Summer Women Casual Dress Round Neck Loose Big Swing Skirt Sleeveless Soild Color Beach dress,1,8,50,0,3.75,4,2,1,0,0,1,"Summer,Fashion,Necks,Skirts,Dress,Loose,Women's Fashion,Round neck,beach dress,sleeveless,Beach,Casual,Women",white,1,39,50,47,4.170212766,2. Baixo(100),750,Branco,1. Baixo Impacto,None,0,FALSE,FALSE,FALSE,0,Standard Delivery,2. Barato,2. Normal,04. PP (XXS),Vestido,"Algodão/Poliéster, Algodão/Viscose, Algodão",FALSE,CN,retail_maior,700,FALSE
1448,5cb8136006879f55b0ff0df0, Plus Size S-5XL Women Summer Tops Casual V-Neck Short Sleeve Shirts Ladies Cotton Loose T Shirt Candy Color Lady Pullovers Blouse,5,5,5000,0,3.76,669,289,136,115,52,77,"Summer,Plus Size,Food,topsamptshirt,short sleeves,V-neck,Women's Fashion,Fashion,Loose,Sleeve,Women Fashion,Cotton,blouse,Shorts,Shirt,candy color,Tops,candy,Pullovers,Casual,Ladies,Women",white,18,48,50,32168,3.884543646,4. Alto(10000),752,Branco,1. Baixo Impacto,Scarcity,0,FALSE,FALSE,FALSE,0,Standard Delivery,2. Barato,2. Normal,06. P (S),"Blusa, Pulôver, Camisa, Camiseta, Shorts, Top","Poliéster/Viscose, Algodão/Poliéster, Algodão",TRUE,CN,iguais,0,FALSE
1449,5ed9e4ba8ab15d0b4b04e50b,Women's Fashion Summer  V Neck Dresses Lace Backless Dress Beach Mini Dresses Sleeveless Spaghetti Strap White Dress Plus Size XS-5XL Robe Femme,11,10,100,1,2.77,26,5,4,4,6,7,"Mini,Plus Size,partydressesforwomen,Lace,Summer,plus size dress,Dress,casualdressesforwomen,white dress,sundressesforwomen,beach dress,Fashion,summerdressesforwomen,Spaghetti,white,Necks,robefemme,Lace Dress,Women's Fashion,backless,sexydressesforwoman,sleeveless,Robes,Beach",pink,3,49,50,99,3.545454545,2. Baixo(100),554,Rosa,3. Médio Impacto,None,0,FALSE,FALSE,FALSE,1,Standard Delivery,2. Barato,2. Normal,05. P (XS),"Vestido, Robe","Poliéster/Elastano, Algodão/Poliéster, Algodão/Viscose, Renda, Poliéster, Poliéster/Algodão, Algodão",FALSE,CN,price_maior,-9,TRUE
1450,5e5ca8e862cb8f75896ae172,New Arrival Women Fashion Sexy Coss Design Sleeveless Solid Color Causal Cotton Tops,2.72,17,1000,1,3.63,116,50,18,17,17,14,"Summer,Fashion,Tops,tank top,Casual,Women's Fashion,Design,sexy,solid color,sleeveless,Women,tops for women,Women Fashion,Cotton",navyblue,3,43,50,37375,4.179424749,3. Médio(1000),726,Azul,3. Médio Impacto,None,0,FALSE,FALSE,FALSE,1,Standard Delivery,2. Barato,2. Normal,05. P (XS),"Regata, Top","Algodão/Poliéster, Algodão, Poliéster/Elastano",FALSE,CN,retail_maior,525,TRUE
1452,5dd8ab8a786d6703c7ec8a69,Summer Women's Fashion New Sleeveless Polka Dot V-neck Strap Mini Backless Casual Top Dresses,3.81,4,1000,0,3.48,101,41,13,18,11,18,"Summer,Fashion,Mini,Tops,Loose,Polkas,V-neck,Women's Fashion,backless,polka dot,Dress,sleeveless,Casual",black,1,37,50,1012,3.983201581,3. Médio(1000),696,Preto,4. Alto Impacto,None,0,FALSE,FALSE,FALSE,0,Standard Delivery,2. Barato,2. Normal,05. P (XS),"Vestido, Top","Poliéster/Elastano, Algodão/Poliéster, Poliéster, Algodão",FALSE,CN,retail_maior,5,FALSE
1453,5eba352573d6765d88b36bdc,Women Fashion Summer Casual Goth Style Short Sleeve Skull Print Dress Plus Size,11,10,100,1,4.14,37,20,7,6,3,1,"Summer,Goth,Plus Size,gothstyle,Sleeve,skullprint,Dress,Loose,short sleeves,gothic,Women's Fashion,Shorts,dressesforladie,skull,print dress,Print,women dress,Fashion,Casual,Women Fashion,Women",red,50,41,50,9703,3.970730702,2. Baixo(100),828,Vermelho,4. Alto Impacto,None,0,FALSE,FALSE,FALSE,1,Standard Delivery,2. Barato,2. Normal,07. M,"Vestido, Camiseta, Shorts","Algodão/Poliéster, Poliéster, Poliéster/Viscose, Algodão",FALSE,CN,price_maior,-9,TRUE
1454,5c60e1b2a74fd43d1ebfe639,Women Polka Dot Decorate Irregular  Elegant Slim Summer Dress ,6,6,100,1,3.99,160,79,39,17,12,13,"Summer,dressforwomen,summer dress,halter dress,women dresses,chiffon dress,polka dot,Spaghetti Strap,Polkas,Elegant,Women's Fashion,Party Dress,boho dress,slim,Dress,Women",coffee,5,38,50,8776,4.153030994,2. Baixo(100),798,Tons Neutros,2. Baixo a Médio Impacto,None,0,FALSE,FALSE,FALSE,1,Standard Delivery,2. Barato,2. Normal,04. PP (XXS),Vestido,"Viscose/Poliéster, Poliéster, Algodão/Poliéster, Poliéster/Elastano, Algodão/Elastano, Algodão/Viscose, Algodão",FALSE,CN,iguais,0,TRUE
1457,5b1e05d0c71f3d17c2e5d4df,Summer Vogue Sexy Lacework Stitching Plus Size Printed Causal Tank Tops 4 Colors Tops Sleeveless T-shirts,8,8,10000,0,4.3,1858,1124,389,200,69,76,"Summer,Plus Size,Tank,Lace,printedtop,Tops,T Shirts,tank top,Women's Fashion,Fashion,printed,topsamptee,sexy,topsampblouse,Casual,sleeveless,vogue",skyblue,50,41,50,19879,3.994718044,4. Alto(10000),860,Azul,3. Médio Impacto,None,1,FALSE,TRUE,FALSE,0,Standard Delivery,2. Barato,2. Normal,06. P (S),"Blusa, Camisa, Camiseta, Regata, Top","Poliéster/Viscose, Algodão/Poliéster, Renda, Poliéster, Poliéster/Elastano, Algodão",FALSE,CN,iguais,0,FALSE
1458,5e40f1f893ca5f428e2471d3,NEW Fashion Spring Women Dress Polka Dot Mini Dress Sleeveless Summer Beach Dresses,8,59,100,0,3.78,45,17,10,11,5,2,"Summer,Fashion,Mini,Spring,polka dot,summer dress,Polkas,short sleeves,Mini dress,Big size,sleeveless,Beach,Casual,Women",green,5,41,50,58154,3.871358806,2. Baixo(100),756,Verde,3. Médio Impacto,None,0,FALSE,FALSE,FALSE,0,Standard Delivery,2. Barato,2. Normal,05. P (XS),"Vestido, Camiseta","Algodão/Poliéster, Poliéster/Elastano, Poliéster, Algodão/Viscose, Algodão",FALSE,CN,retail_maior,638,FALSE
1461,5c21ca1898238d325ed92eca,Women's Fashion Summer Sleeveless Belted Striped Wide Leg Jumpsuit Casual Loose Romper Plus Size,15,13,5000,1,3.73,1072,467,220,163,73,149,"Summer,Plus Size,widelegjumpsuit,jumpsuitsampromper,Rompers,Round neck,Women's Fashion,Fashion,Stripes,jumpsuit,sleeveless,Striped,Wool,women Jumpsuit,Casual,Women",green,50,28,50,24095,3.818634571,4. Alto(10000),746,Verde,3. Médio Impacto,None,0,FALSE,FALSE,FALSE,1,Standard Delivery,2. Barato,2. Normal,06. P (S),"Macacão, Conjunto/Terno","Algodão/Poliéster, Poliéster/Algodão, Algodão",FALSE,CN,price_maior,-13,TRUE
1462,5eaa52ee64c7a230fe403a64,New Vogue Women Summer Sofy Casual   Funny Printed Sleeveless Long T Shirts  Mini Dress  Plus Size,11,10,100,1,4,29,17,2,6,1,3,"vesttop,Mini,sleeveless,Plus Size,Shirt,minidresselvendre,Summer,Dress,printedvest,tank top,Mini dress,Funny,Women's Fashion,sleevelesstshirt,printed,Casual T-Shirt,lotusprinted,vogue,Casual,longshirtsforwomen,Women",black,50,39,50,24564,3.928879661,2. Baixo(100),800,Preto,4. Alto Impacto,None,0,FALSE,FALSE,FALSE,1,Standard Delivery,2. Barato,2. Normal,06. P (S),"Camiseta, Vestido, Camisa, Regata","Algodão/Poliéster, Algodão, Poliéster/Elastano, Poliéster",FALSE,CN,price_maior,-9,TRUE
1463,5edf0766194c971ec3ac4b9e,Womens Casual Sandals Flip Flops Flat Sandals Bling-bling Diamond Slippers Flip Flops Summer Flash Beach Slippers Plus Size 34-43,2.81,3,100,1,3.5,8,2,4,0,0,2,"blingblingdiamond,Flip Flops,Sandals,Jewelry,Womens Shoes,Flats,DIAMOND,Slippers,Women's Fashion,open toe,Summer,Plus Size,Beach,Casual,Sandals & Flip Flops",black,1,35,50,126370,4.146957347,2. Baixo(100),700,Preto,4. Alto Impacto,None,0,FALSE,FALSE,FALSE,1,Standard Delivery,2. Barato,2. Normal,15. Calçados / Numerações,Não Especificado,"Algodão/Poliéster, Algodão",FALSE,CN,retail_maior,7,TRUE
1464,5ad99c58bd784c1ffb100601,Women's T-shirt 90's Letter Print Summer Cotton O-Neck Short Sleeve Funny Plus Size Tops,6,17,5000,0,4.24,1650,969,344,182,72,83,"Summer,Plus Size,unisex clothing,Cotton T Shirt,letter print,Funny,Tops,short sleeves,T Shirts,Shorts,Print,Women's Fashion,Sleeve,Cotton",white,50,44,50,13308,4.155996393,4. Alto(10000),848,Branco,1. Baixo Impacto,None,1,FALSE,TRUE,FALSE,0,Standard Delivery,2. Barato,2. Normal,06. P (S),"Camiseta, Camisa, Shorts, Top","Algodão/Poliéster, Algodão, Poliéster",FALSE,CN,retail_maior,183,FALSE
1465,5d01ea30388e1065461d8806,New Fashion Women's Crop Tops Yes Daddy Letter Print Short Sleeve Slim Fit Short Tops Summer Casual Stretchy T Shirts,5.66,5,1000,0,4.21,217,134,37,17,16,13,"shortshirt,Summer,Fashion,crop top,Elastic,letter print,Shirt,Tops,Slim Fit,short sleeves,Casual,Women's Fashion,Shorts,women t shirt,Sport Tops,Print,slim,Sleeve,T Shirts,summercroptop",black,50,35,50,9857,4.053971797,3. Médio(1000),842,Preto,4. Alto Impacto,Scarcity,1,FALSE,TRUE,FALSE,0,Standard Delivery,2. Barato,2. Normal,10. XG (2XL),"Camisa, Camiseta, Shorts, Top","Algodão/Poliéster, Elastano, Poliéster, Algodão/Elastano, Algodão",TRUE,CN,price_maior,-12,FALSE
1466,5cf608da188cc348c6d66b74,Women Casual Loose Linen Trousers Solid Color Sport Yoga Comfortable Women Pants,6,7,10000,0,3.75,1238,537,264,187,91,159,"Panties,sport pants,skinny pants,Casual pants,pants,yoga pants,Women's Fashion,Long pants,trousersforwomen,trousers,Sports Pants,women trousers,Yoga,Sport,Casual,trouserswomen,Women",black,50,31,50,5993,4.055231103,4. Alto(10000),750,Preto,4. Alto Impacto,Scarcity,0,FALSE,FALSE,FALSE,0,Standard Delivery,2. Barato,2. Normal,05. P (XS),Calça,"Algodão/Poliéster, Algodão, Nilon/Elastano",TRUE,CN,retail_maior,17,FALSE
1467,58df3eb809730e54ddd932ca,Summer Women Sexy White Embroidery Lace Crop Top Plus Size Clubwear Flare Sleeve Clothing,8,84,50000,0,3.6,18463,7530,3351,3057,1736,2789,"white,uniquetop,Plus Size,crop top,Lace,Hollow-out,Summer,lace top,Tops,slashneck,flaresleeve,clubwear,Women's Fashion,Fashion,Embroidery,summer clothes for women,long sleeve shirt,sexy,Clothing,Sleeve,Women",no_color_specified,50,36,50,51369,3.9682688,6. Crítico(>20000),720,Não Informado,0. Não Informado,Scarcity,1,FALSE,FALSE,TRUE,0,Standard Delivery,2. Barato,2. Normal,06. P (S),"Top, Camisa","Algodão/Poliéster, Renda, Renda/Poliéster, Poliéster/Elastano, Algodão",TRUE,CN,retail_maior,950,FALSE
1468,5cef3ca4dd762342f4a4df7a,New Women Fashion Tee Shirt 'Mama Needs Coffee' Mom Life Summer Female Funny Short Sleeve Shirt Casual Cotton Round Neck T-shirt Comfy Tank Top,7,9,10000,1,4.19,1378,801,270,158,66,83,"Summer,Coffee,momshirt,summerfashiontop,topsamptshirt,short sleeves,tank top,Tops,Women's Fashion,Fashion,Tank,Casual,T Shirts,Necks,Funny,Cotton,Shorts,coffeetshirt,Shirt,Sleeve,graphic tee,mamatshirt,comfy,Round neck,Women,T-Shirt womens,women tank top,Short Sleeve T-Shirt,funnytee",green,10,43,50,42919,4.105967054,4. Alto(10000),838,Verde,3. Médio Impacto,Scarcity,0,FALSE,FALSE,FALSE,1,Standard Delivery,2. Barato,2. Normal,06. P (S),"Camisa, Camiseta, Shorts, Regata, Top","Algodão/Poliéster, Algodão",TRUE,CN,retail_maior,29,TRUE
1469,5ec35e48c2112616231ab3f4,Women Fashion Sexy Tie Dye Printed Two Piece Sets Summer Off Shoulder Crop Top + Shorts 2 Piece Set Loose Outfit Suits,14,50,100,1,5,0,0,0,0,0,0,"Summer,Plus Size,crop top,2pieceset,Tops,Shorts,Women's Fashion,twopieceoutfit,off shoulder,printed,Tie Dye,Dyes,sexy,shortsforwomen,Outfits,Fashion,Women Fashion,Women",skyblue,8,43,50,22711,3.872044384,2. Baixo(100),1000,Azul,3. Médio Impacto,None,0,FALSE,FALSE,FALSE,1,Standard Delivery,2. Barato,2. Normal,06. P (S),"Shorts, Top","Algodão/Poliéster, Poliéster/Elastano, Poliéster, Algodão",FALSE,CN,retail_maior,257,TRUE
1470,5ed5f7ccdfed1b4b1ac785c7,Hair Growth Inhibitor Facial Removal Spray Beard Bikini Intimate Legs Body Armpit Painless Facial Stop Hair ,1.84,2,100,1,3.68,38,16,6,8,4,4,"Summer,Shaving & Hair Removal,legs,Bikini,hair,permanent,Sprays,depilatory,facial,armpit,hairgrowthinhibitor",no_color_specified,50,57,50,484,3.991735537,2. Baixo(100),736,Não Informado,0. Não Informado,None,0,FALSE,FALSE,FALSE,1,Standard Delivery,2. Barato,2. Normal,07. M,Biquíni,"Nilon/Elastano, Algodão/Poliéster, Algodão",FALSE,CN,retail_maior,9,TRUE
1471,5c9b2487b14bfa32ed7eb029,Women  Loose Casual Pure Color Plus Size Vest Sleeveless Summer Sleeveless Dress,8,7,1000,0,4.05,152,76,39,18,6,13,"Summer,Vest,Plus Size,Shirt,Pure Color,Loose,Casual,Women's Fashion,Sleeveless dress,sleeveless,Dress,Women",white,50,24,50,466,3.892703863,3. Médio(1000),810,Branco,1. Baixo Impacto,None,0,FALSE,FALSE,FALSE,0,Standard Delivery,2. Barato,2. Normal,05. P (XS),"Vestido, Camisa","Algodão/Poliéster, Algodão/Viscose, Algodão",FALSE,CN,price_maior,-12,FALSE
1472,5b20b718a2a83e2ca6e9ac7e,Women's Summer Short Sleeve Dress Pure Color Dress Tunic Dress for Women,9,8,10000,0,4.03,3024,1491,717,430,178,208,"Summer,short sleeve dress,tunic,Sleeve,theweststyle,sleeve dress,Pure Color,tunicsforwomen,fashiontunicdres,short sleeves,Cotton Dress,Tunic dress,Shorts,Elegant Dress,Dress,summer dresses,Women,Women's Fashion,short skirt,casual dress",white,50,38,50,4295,4.208614668,4. Alto(10000),806,Branco,1. Baixo Impacto,Scarcity,0,FALSE,FALSE,FALSE,0,Standard Delivery,2. Barato,2. Normal,07. M,"Vestido, Camiseta, Shorts, Túnica","Algodão/Poliéster, Algodão/Viscose, Algodão",TRUE,CN,price_maior,-11,FALSE
1473,5caed93ee8567b275e1ca8d8,6 Colors Women Fashion Summer Tank Tops Casual T-shirt Graphic Tee Blouse IN A WORLD WHERE YOU CAN BE ANYTHING BE KIND Letter Print Top Faith T Shirts Summer Short Sleeve T Shirts Spread Kindness Teacher Gift ,7,22,100,0,4.46,52,35,9,5,3,0,"Summer,faithtshirt,letter print,summer t-shirts,short sleeves,T Shirts,Fashion,topsamptshirt,christianshirt,Women Fashion,Women,blouse,Shorts,Tank,Shirt,Sleeve,Tops,Gifts,Casual,kindne,Print,Women's Fashion",grey,50,51,50,2199,4.236471123,2. Baixo(100),892,Cinzento,2. Baixo a Médio Impacto,None,0,FALSE,FALSE,FALSE,0,Standard Delivery,2. Barato,2. Normal,07. M,"Blusa, Camisa, Camiseta, Shorts, Top","Poliéster/Viscose, Algodão/Poliéster, Poliéster, Algodão",FALSE,US,retail_maior,214,FALSE
1474,5ed34320dd296c304cb25970,Women Fashion Boho Color Head Scarf Quick Dry Sport Sweat-absorbent Turban Stretchy Headband Summer Workout Yoga Headband Stretchy Head Scarf Fashion Accessories,5,9,100,1,4.67,6,5,0,1,0,0,"Summer,Head,Head Bands,Yoga,boho,Elastic,Fashion Accessories,sweatabsorbent,turbanheadband,hair,Hair Band,Running,Fashion,Exercise & Fitness,Sport,Women's Fashion,scarf,Women",no_color_specified,50,140,50,2805,4.486631016,2. Baixo(100),934,Não Informado,0. Não Informado,None,0,FALSE,FALSE,FALSE,1,Standard Delivery,2. Barato,2. Normal,16. Outros Itens (Dimensões/Kits/Objetos),Não Especificado,"Elastano, Algodão/Poliéster, Algodão, Nilon/Elastano",FALSE,CN,retail_maior,80,TRUE
1475,5caed595c7c1b5383a04043f,Summer Universal Swimming Luminous Waterproof Smart Phone Seal Strap Diving Protect Case For iPhone/Samsung/Huawei Outdoor Dustproof Touchable Waterproof Pouch Phone Bags,3.72,11,1000,1,4.29,178,104,41,20,7,6,"waterproof bag,beachphonecase,Smartphones,Summer,Pouch,Waterproof,Phone,Bags,Outdoor,case,Seal,waterproofphonebag,Phone Accessories,phonebag,Swimming",black,50,21,50,32318,4.350176372,3. Médio(1000),858,Preto,4. Alto Impacto,None,1,FALSE,TRUE,FALSE,1,Standard Shipping,2. Barato,2. Normal,00. Não Informado,Não Especificado,"Algodão/Poliéster, Nilon/Elastano, Algodão",FALSE,CN,retail_maior,196,TRUE
1476,5b3f3a9205dff81785dba8e6,Women's Fashion Fitness Vest Ladies Solid Tank Top Female Crop Top Sleeveless Waistcoat Summer Women Tops Sexy Sport Running Vests,3.81,59,5000,0,3.74,1444,591,308,275,115,155,"Summer,Vest,Fashion,Waist Coat,Fitness,Tank,Tops,sportvest,tank top,fitnessvest,Running,Ladies,Women's Fashion,Sport,sexy,solid color,crop top,women top,summer tops,sleeveless,Women",winered,50,41,50,139223,3.933581377,4. Alto(10000),748,Vermelho,4. Alto Impacto,None,0,FALSE,FALSE,FALSE,0,Standard Delivery,2. Barato,2. Normal,06. P (S),"Casaco, Top, Regata","Poliéster/Algodão, Algodão/Poliéster, Poliéster/Elastano, Algodão",FALSE,CN,retail_maior,1449,FALSE
1477,5e9189606123795b1d5b60ab,Women's Fashion Summer Casual Loose Butterfly Print Vest Plus Size,4.93,5,1000,1,3.36,83,28,13,17,11,14,"butterfly,Summer,Vest,Plus Size,Tops,Loose,camissole,Round neck,Women's Fashion,Printing,Print,sleeveless,Fashion,Casual,Women Fashion",pink,50,45,50,10600,3.86754717,3. Médio(1000),672,Rosa,3. Médio Impacto,None,0,FALSE,FALSE,FALSE,1,Standard Delivery,2. Barato,2. Normal,06. P (S),"Camisete, Top","Algodão/Poliéster, Poliéster, Algodão",FALSE,CN,retail_maior,1,TRUE
1481,5de0bdcce07f9e75fdfc8da1,Women Summer Casual Loose Sling Dress V-neck Backless Dress Sleeveless Pockets Solid Color Maxi Dress,16,14,5000,1,3.34,687,251,106,108,70,152,"Sleeveless dress,Plus Size,Summer,long dress,Dress,summer dress,Maxi Dresses,Casual,Women's Fashion,Party Dress,Sexy Dress,maxi dress,loose dress,sleeveless",orange,20,26,50,2363,3.853575963,4. Alto(10000),668,Laranja/Amarelo,3. Médio Impacto,None,0,FALSE,FALSE,FALSE,1,Standard Delivery,2. Barato,2. Normal,06. P (S),Vestido,"Algodão/Poliéster, Viscose/Poliéster, Viscose/Algodão, Poliéster, Poliéster/Elastano, Algodão/Viscose, Algodão",FALSE,US,price_maior,-12,TRUE
1483,5d1b00a20d62613f9e7f76f3,S-5XL Summer New Women's Fashion Cotton T-shirt Love Print Short Sleeve T-Shirt Women Casual Graphic Tess Tops 5 Colors,9,8,1000,0,4.07,201,114,36,22,9,20,"Summer,Fashion,Love,Sleeve,graphic tee,tes,Tops,loveprinttshirt,short sleeves,Round neck,Women's Fashion,Shorts,teesamptshirt,women t shirt,Print,Women,women top,Casual,T Shirts,Cotton",black,50,55,50,5819,4.151916137,3. Médio(1000),814,Preto,4. Alto Impacto,None,0,FALSE,FALSE,FALSE,0,Standard Delivery,2. Barato,2. Normal,07. M,"Camisa, Camiseta, Shorts, Top","Algodão/Poliéster, Algodão, Poliéster",FALSE,US,price_maior,-11,FALSE
1484,5ea139e452f5470ac02279e2,"Populor New Summer Freddie Mercury    Print  Woman Men's Black T-shirt Funny T-shirt Harajuku femaletshirt  Freddie Mercury  T-shirt Outdoor,",8,22,100,1,4.6,10,8,1,0,1,0,"shortshirt,Summer,Outdoor,Cotton T Shirt,Funny,femaletshirt,summer t-shirts,freddiemercuryshirt,Harajuku,T Shirts,freddiemercury,girlsshirt,Print,black,Short Sleeve T-Shirt,#fashion #tshirt",white,50,24,50,63,4.238095238,2. Baixo(100),920,Branco,1. Baixo Impacto,None,0,FALSE,FALSE,FALSE,1,Standard Delivery,2. Barato,2. Normal,04. PP (XXS),"Camiseta, Camisa, Shorts","Algodão/Poliéster, Algodão, Poliéster",FALSE,CN,retail_maior,175,TRUE
1485,5cfbdd5f3818e474b87846b7,European and American Fashion Summer Ladies Short-sleeved Cotton Dress,8,11,10000,1,3.82,1715,742,397,274,124,178,"Summer,Fashion,night dress,Dress,short sleeves,Cotton Dress,Women's Fashion,european,Ladies,American,Large Size,Clothing,Pajamas,Cotton",white,50,37,50,4907,4.240676584,4. Alto(10000),764,Branco,1. Baixo Impacto,None,0,FALSE,FALSE,FALSE,1,Standard Delivery,2. Barato,2. Normal,07. M,"Vestido, Pijama, Camiseta","Algodão/Poliéster, Algodão, Algodão/Viscose",FALSE,CN,retail_maior,38,TRUE
1486,5eb24d0fd8da132dfb97ee79,Summer casual Women T-shirts Ulzzang Streetwear kawaii cartoon dinosaur print Tshirt Korean Style Tops Harajuku short sleeve t shirt,5,41,100,1,3.67,6,4,0,0,0,2,"Summer,korea,cute,korean style,short sleeves,Harajuku,Women's Fashion,Fashion,women t shirt,Casual T-Shirt,short sleeve shirt,Casual,Women,Kawaii,Funny,Shorts,Shirt,Sleeve,Tops,T Shirts,Cartoons,Dinosaur,Print,Korean,Printed T Shirts,coupletshirt",black,1,43,50,15348,4.013812875,2. Baixo(100),734,Preto,4. Alto Impacto,None,0,FALSE,FALSE,FALSE,1,Standard Delivery,2. Barato,2. Normal,05. P (XS),"Camiseta, Camisa, Shorts, Top","Algodão/Poliéster, Algodão, Poliéster",FALSE,CN,retail_maior,720,TRUE
1488,5d2fe4d55cdae96941f5a9bd,Plus Size Women Fashion Feather Print Skew Neck Cold Shoulder T-shirt Blouse（only T-shirt）,14,51,1000,0,3.73,445,186,99,63,46,51,"blouse,Summer,Plus Size,featherprint,topsamptshirt,Women's Fashion,Print,T Shirts,Fashion,coldshoulder,skewneck,feather,Women,Casual,Women Fashion,Necks",white,50,43,50,4622,4.014063176,3. Médio(1000),746,Branco,1. Baixo Impacto,None,0,FALSE,FALSE,FALSE,0,Standard Delivery,2. Barato,2. Normal,06. P (S),"Blusa, Camisa, Camiseta, Top","Poliéster/Viscose, Algodão/Poliéster, Poliéster, Algodão",FALSE,CN,retail_maior,264,FALSE
1489,5eccb455d4eb5d46b00be0ed,New Women Summer Fashion Solid Color Shorts Causal Loose Drawstring Short Pants Plus Size,14,14,1,0,5,0,0,0,0,0,0,"Summer,Plus Size,pants,summer shorts,summershortsforwomen,Short pants,womencasualshort,plussizeshortsforwomen,solidcolorshortpant,Women's Fashion,Shorts,Fashion,Women",darkgreen,5,27,50,1134,3.955908289,1. Micro(10),1000,Verde,3. Médio Impacto,None,0,FALSE,FALSE,FALSE,0,Standard Delivery,2. Barato,2. Normal,04. PP (XXS),"Calça, Shorts","Algodão/Poliéster, Algodão",FALSE,CN,iguais,0,FALSE
1491,5bdea74e9eddea3597f1a67d,Plus Size S-5XL New Summer Women's Sleeveless Floral Print Ruffle Tops Ladies Fashion Casual Bandages Camisole Tunic Top Blouse,8,108,10000,0,3.96,1559,786,304,223,109,137,"Summer,Plus Size,ruffle,tunic top,Spaghetti Strap,tank top,Cool T-Shirts,Women's Fashion,Fashion,V-neck,Floral,tunic,Casual,blouse,Floral print,Ladies Fashion,Tops,ruffle crop top,Print,sleeveless,Ladies,tops for women,sleeveless tops",white,50,41,50,5316,4.224604966,4. Alto(10000),792,Branco,1. Baixo Impacto,None,0,FALSE,FALSE,FALSE,0,Standard Delivery,2. Barato,2. Normal,06. P (S),"Blusa, Camiseta, Camisa, Top, Regata, Túnica","Poliéster/Viscose, Algodão/Poliéster, Algodão, Poliéster, Poliéster/Elastano, Algodão/Viscose",FALSE,CN,retail_maior,1250,FALSE
1493,5e8d606bda3e443b5e67bc29,Summer New Fashion V-neck Floral Printed Loose Dress Women's Sleeveless Elegant Maxi Dress,9,8,5000,0,3.47,593,233,97,95,53,115,"Summer,Fashion,Floral,Dresses,Dress,Spaghetti Strap,Women's Fashion,Floral dress,Elegant,beach dress,Plus Size,dressesforwomen,Elegant Dress,V-neck,maxi dress,printed,sleeveless,Women",yellow,50,32,50,1821,3.98132894,4. Alto(10000),694,Laranja/Amarelo,3. Médio Impacto,None,0,FALSE,FALSE,FALSE,0,Standard Shipping,2. Barato,2. Normal,06. P (S),Vestido,"Algodão/Poliéster, Algodão/Viscose, Poliéster/Viscose, Viscose/Poliéster, Poliéster, Poliéster/Elastano, Algodão",FALSE,CN,price_maior,-11,FALSE
1495,5d5a9a582084e238605c2d99,Women's Fashion Summer Casual Striped Bib Idyllic Simple Bib !! Bavoir à rayures décontracté pour femmes !! Damenmode Sommer lässig gestreiftes Lätzchen Idyllisch schlichtes Lätzchen,16,88,100,0,3.67,9,5,1,0,1,2,"Summer,Polyester,Fashion,slack,fit,Simple,Bib,Women's Fashion,Stripes,simplebib,Striped,Casual,pastoralstyle,jumpsuit",black,50,32,50,16726,4.044481645,2. Baixo(100),734,Preto,4. Alto Impacto,None,0,FALSE,FALSE,FALSE,0,Standard Delivery,2. Barato,2. Normal,07. M,Macacão,"Algodão/Poliéster, Algodão",FALSE,CN,retail_maior,450,FALSE
1497,5cb9e5b3f80ccb4a33211329,Women Fashion Plus Size Tops Short Sleeve Loose Solid Color Summer T-Shirt,7,6,10000,0,3.88,2427,1122,520,386,173,226,"Summer,Plus Size,Fashion,Sleeve,Tops,Loose,short sleeves,T Shirts,Shorts,off shoulder,solid color,Women's Fashion,Casual,Women",pink,50,48,50,32168,3.884543646,4. Alto(10000),776,Rosa,3. Médio Impacto,None,0,FALSE,FALSE,FALSE,0,Standard Delivery,2. Barato,2. Normal,06. P (S),"Camisa, Camiseta, Shorts, Top","Algodão/Poliéster, Poliéster/Elastano, Algodão",FALSE,CN,price_maior,-14,FALSE
1498,5aa3592f6bcfa3795cba85b8,Fashion Ocean Wave Silver & Rose Gold Ring Summer Beach Sea Surfer Personality Jewelry,3.66,4,20000,0,4.48,5882,4130,994,409,148,201,"Sterling,Summer,Fashion,Rose Gold Ring,gold,Silver Ring,statementring,ocean,Jewelry,tinyring,wavering,Ring,finger ring,Gold Ring,daintyring,surferring",rosegold,50,49,50,100789,4.462302434,5. Muito Alto(20000),896,Rosa,3. Médio Impacto,None,1,FALSE,TRUE,FALSE,0,Standard Delivery,2. Barato,2. Normal,15. Calçados / Numerações,Não Especificado,"Algodão/Poliéster, Algodão",FALSE,CN,retail_maior,9,FALSE
1500,5c662a56c3b02f4d7fe5fe32,Women Summer Fashion Lace Up Short Pants Casual High Waist Pure Color Crepe Woven Tie Beach Shorts Pocket Cotton Short Pants,6,76,1000,0,3.61,613,234,125,121,47,86,"Summer,Fashion,Lace,pants,fashion pants,summer shorts,Womens shorts,Pocket,women fashion shorts,women shorts,Lace Up,high waisted shorts,shortsforwomen,Casual,Women,Shorts,Waist,Beach,Pure Color,Short pants,Women's Fashion,high waist,summershortpant,Cotton,woven",beige,50,41,50,37956,4.030377279,3. Médio(1000),722,Tons Neutros,2. Baixo a Médio Impacto,None,0,FALSE,FALSE,FALSE,0,Standard Delivery,2. Barato,2. Normal,06. P (S),"Calça, Shorts","Algodão/Poliéster, Algodão, Renda",FALSE,CN,retail_maior,1167,FALSE
1501,5d0b625666b2734958f627dd,New Women Casual Off Shoulder Lace Collar Blouse Butterfly Print T-shirt Plus Size,4.81,5,10000,0,3.84,903,449,140,135,77,102,"blouse,butterfly,Plus Size,autumnblouse,sexytshrit,butterflytshirt,short sleeves,Collar,Women's Fashion,Fashion,coldshoulder,topsamptee,Print,Women,T Shirts,tshirtforwomen,chiffontshirt,Casual,Women Fashion,Lace",purple,3,40,50,45964,3.998651118,4. Alto(10000),768,Roxo,3. Médio Impacto,None,0,FALSE,FALSE,FALSE,0,Standard Delivery,2. Barato,2. Normal,05. P (XS),"Blusa, Camisa, Camiseta, Top","Poliéster/Viscose, Algodão/Poliéster, Poliéster, Renda, Poliéster/Elastano, Algodão",FALSE,CN,retail_maior,4,FALSE
1502,5ea28758278192466d0427dc,New Women's Summer Causal Shorts Drawstring Short Pants Loose Short Pants,8,7,1000,1,3.52,118,46,20,20,13,19,"Summer,Women,Shorts,pants,Loose,Short pants,drawstring,Causal",pink,50,39,50,612,4.109477124,3. Médio(1000),704,Rosa,3. Médio Impacto,None,0,FALSE,FALSE,FALSE,1,Standard Delivery,2. Barato,2. Normal,06. P (S),"Calça, Shorts","Algodão/Poliéster, Algodão",FALSE,CN,price_maior,-12,TRUE
1503,5a618aff64621a6a2122adb6,2018 Summer Women Print Top Fashion Women Casual Army Camo Camouflage Tank Top Sleeveless O-neck Slim T-Shirts Plus Size S-XXXXXL,8,7,20000,1,4.17,3090,1800,575,364,143,208,"Women Vest,Fashion,Summer,topsamptshirt,tank top,Cool T-Shirts,Women's Fashion,sleeveless tops,Sport Tops,slim,summer tops,Women,Tank,Army,T Shirts,camouflage,Casual,t,Print,Casual Tops,o-neck,sleeveless",armygreen,21,41,50,21892,4.146857299,5. Muito Alto(20000),834,Verde,3. Médio Impacto,None,0,FALSE,FALSE,FALSE,1,Standard Delivery,2. Barato,2. Normal,06. P (S),"Top, Camiseta, Camisa, Regata, Colete","Algodão/Poliéster, Algodão, Poliéster, Algodão/Elastano",FALSE,CN,price_maior,-12,TRUE
1504,5ac343da7ddb0617e9b95919,2018 Women Fashion Summer Sleeveless Maxi Halter Dresses Solid Color Halter Maxi Dress with Halter Tie and Pockets,14,12,5000,0,3.94,1863,963,334,250,119,197,"Summer,Fashion,Halter,solid,fashion dress,Dress,Loose,beach dress,long dress,Women's Fashion,women dress,sleeveless,Casual,Women",pink,50,41,50,31916,4.105777666,4. Alto(10000),788,Rosa,3. Médio Impacto,None,0,FALSE,FALSE,FALSE,0,Standard Delivery,2. Barato,2. Normal,06. P (S),Vestido,"Algodão/Poliéster, Algodão/Viscose, Poliéster/Viscose, Viscose/Poliéster, Algodão",FALSE,CN,price_maior,-14,FALSE
1505,5d157312e38c8c047ea116f3,Activewear Yoga Shorts Women Summer Shorts Casual Sports Shorts Gym Workout Waistband Skinny Shorts,4.67,4,10000,1,3.92,2151,1116,357,300,142,236,"Summer,Shorts,Yoga,skinny pants,Bottom,gymshort,Women's Fashion,sexy,Sport,Casual,Women",blue,50,138,50,96838,4.264658502,4. Alto(10000),784,Azul,3. Médio Impacto,Bulk_Purchase,0,FALSE,FALSE,FALSE,1,Standard Delivery,2. Barato,2. Normal,09. GG (XL),"Parte de Baixo, Calça, Shorts","Algodão/Poliéster, Poliéster/Elastano, Algodão, Nilon/Elastano",TRUE,CN,price_maior,-14,TRUE
1506,5e7ed4fb7a1e3137c5ad14ff,Summer Women's Fashion High Waist Breathable Color block Sports Shorts,1.8,2,1000,1,4.2,15,7,4,4,0,0,"Summer,Leggings,Plus Size,sporty,Fitness,Breathable,Women's Fashion,sportshort,yogashort,quickdry,high waist,women shorts,elastic waist,Shorts,Fashion,Women Fashion,Waist",orange,1,41,50,50864,4.079643756,3. Médio(1000),840,Laranja/Amarelo,3. Médio Impacto,None,0,FALSE,FALSE,FALSE,1,Standard Delivery,2. Barato,2. Normal,05. P (XS),Shorts,"Elastano, Algodão/Poliéster, Algodão, Nilon/Elastano",FALSE,CN,retail_maior,11,TRUE
1507,5b4f0dc4dacb4350696cbbe1,S-8XL Women's Summer Casual Shirt Sexy V-neck Strapless Vest Dress Sleeveless A Word Loose Ladies Fashion Solid Color Buckle Pleated Vest Dress,5.9,5,5000,1,3.5,425,158,75,79,46,67,"Summer,Vest,Plus Size,Pleated,tank top,Ladies,Women's Fashion,Fashion,V-neck,sexy,Casual,casual dress,strapless,Shirt,button,Buckles,Cotton Dress,Sleeveless dress,Dress,sleeveless,Ladies Fashion,loose dress",purple,50,58,50,6357,4.25420796,4. Alto(10000),700,Roxo,3. Médio Impacto,Scarcity,0,FALSE,FALSE,FALSE,1,Standard Delivery,2. Barato,2. Normal,04. PP (XXS),"Vestido, Camisa, Regata","Plástico/Metal, Algodão/Poliéster, Algodão/Viscose, Algodão, Viscose/Algodão, Poliéster/Elastano",TRUE,CN,price_maior,-15,TRUE
1508,5d6a0d55976cd02993e43250,50 Pcs Cute Summer Waterproof Stickers Yellow Blue Graffiti Stickers For Laptop Skateboard Luggagetravel Box,5,5,1000,0,4.64,377,293,52,19,6,7,"Blues,Summer,luggagesticker,Bicycle,cute,freshsummer,Laptop,Waterproof,Skateboard,Box,Yellow,Computers,Graffiti,graffitisticker,Tech & Gadgets,Cartoons,skateboardsticker,Stickers",no_color_specified,31,35,50,2904,4.422520661,3. Médio(1000),928,Não Informado,0. Não Informado,None,1,FALSE,TRUE,FALSE,0,Standard Delivery,2. Barato,2. Normal,16. Outros Itens (Dimensões/Kits/Objetos),Não Especificado,"Algodão/Poliéster, Algodão",FALSE,CN,iguais,0,FALSE
1509,58d3459c7379b159c406b360,7 Colors Sleeveless Lace Up O-neck Floral Printed Women's Asymmetric Mini Dress (S-5XL),12,11,20000,0,4.15,5351,2940,1130,712,295,274,"Plus Size,Floral print,Lace,asymmetric,Dress,beach dress,Mini dress,Cotton Dress,Women's Fashion,Lace Up,printed,sleeveless,Floral,sexy,Beach",yellow,50,36,50,30892,4.111647028,5. Muito Alto(20000),830,Laranja/Amarelo,3. Médio Impacto,None,0,FALSE,FALSE,FALSE,0,Standard Delivery,2. Barato,2. Normal,08. G (L),Vestido,"Algodão/Poliéster, Algodão/Viscose, Algodão, Poliéster/Viscose, Renda, Poliéster/Elastano, Poliéster",FALSE,CN,price_maior,-8,FALSE
1510,5ae01ea95e2ae114f138414f,bodycon summer dress off shoulder bodycon dress bodycon wrap dress bodycon cocktail dress bodycon clubwear dress,5,5,20000,0,4.07,7753,4166,1546,1044,438,559,"Summer,clubwear,bodyconsundres,Cocktail,Dress,summer dress,bodyconwrapdres,Cocktail Dress,wrap dress,offshoulderbodycondres,bodyconsummerdres,bodyconromperjumpsuitclub,Women's Fashion",grey,50,32,50,43676,4.283611137,5. Muito Alto(20000),814,Cinzento,2. Baixo a Médio Impacto,None,0,FALSE,FALSE,FALSE,0,Standard Delivery,2. Barato,2. Normal,06. P (S),"Vestido, Macacão","Algodão/Poliéster, Algodão/Viscose, Algodão",FALSE,CN,iguais,0,FALSE
1512,55754db131308d19e9cfcfee,Ethnic Ladies Sleeveless Halter Neck Floral Summer Casual Mini Dress Beach Party,12,76,20000,0,4.17,2477,1312,611,337,88,129,"Mini,Loose,Tops & Blouses,Necks,Halter,Dress,halterneck,Floral dress,Mini dress,Women's Fashion,Party Dress,party,sleeveless,Ladies,sexy,Beach,Casual",floral,50,38,50,151914,4.127921061,5. Muito Alto(20000),834,Multicor/Estampado,4. Alto Impacto,None,0,FALSE,FALSE,FALSE,0,Standard Delivery,2. Barato,2. Normal,08. G (L),"Blusa, Vestido, Top","Algodão/Poliéster, Poliéster/Viscose, Poliéster/Elastano, Poliéster, Algodão",FALSE,CN,retail_maior,533,FALSE
1515,5d22bc01b1f60206f29d77e1,NEW Summer Plus Size Tank Top for Women Spaghetti Strap  Flower Print Sleeveless Casual Top,6,6,10000,1,3.96,661,337,124,98,38,64,"Summer,fashion women,Spaghetti Strap,Tank,Spaghetti,Tops,topsamptshirt,tank top,Print,Women's Fashion,Plus Size,printed,blousesampshirt,sleeveless,Women,Fashion,Casual,Flowers,sleeveless tops",grey,50,35,50,14095,4.08967719,4. Alto(10000),792,Cinzento,2. Baixo a Médio Impacto,None,0,FALSE,FALSE,FALSE,1,Standard Delivery,2. Barato,2. Normal,06. P (S),"Blusa, Camisa, Top, Regata","Poliéster/Viscose, Algodão/Poliéster, Poliéster, Poliéster/Elastano, Algodão",FALSE,CN,iguais,0,TRUE
1516,5e9693535690ff1a49098d4f,NEW Lovely Women's Colorful Lip Print Rouned Neck Short Sleeves T-shirt & Skinny Pants Sets,9,51,5000,0,4.11,283,173,46,18,15,31,"Summer,Plus Size,skinny pants,Colorful,pants,Women Set,Necks,short sleeves,Print,T Shirts,Shorts,lip,summerset,fitnessset,lovely,Sleeve,Women Fashion,Cotton",black,50,43,50,80093,4.00669222,4. Alto(10000),822,Preto,4. Alto Impacto,Scarcity,0,FALSE,FALSE,FALSE,0,Standard Delivery,2. Barato,2. Normal,06. P (S),"Calça, Camisa, Camiseta, Shorts","Algodão, Algodão/Poliéster, Poliéster",TRUE,CN,retail_maior,467,FALSE
1517,56396e7c37b94b100592b93b,Women Plus Size Monokini Gothic Black Skull Beachwear Halter Backless Push up Swimwear One piece Bathing suit,15,13,20000,0,4.34,3845,2458,726,355,134,172,"Goth,Plus Size,Halter,skull,black,women swimsuit,onepiece,One Piece Swimsuits,Swimwear,push up swimwear,Women's Fashion,gothic,beachwear for women,Suits,black skull bikini,backless,sexy monokini,plus size bathing suits,Women",white,50,10,50,18910,4.387414067,5. Muito Alto(20000),868,Branco,1. Baixo Impacto,None,1,FALSE,TRUE,FALSE,0,Standard Delivery,2. Barato,2. Normal,07. M,"Biquíni, Conjunto/Terno, Maiô/Biquíni, Moda Praia","Poliéster/Elastano, Algodão/Poliéster, Nilon/Elastano, Poliéster/Algodão, Algodão",FALSE,CN,price_maior,-13,FALSE
1520,5d2d40ad6044b50685483ae7,Women's Fashion Summer Dress Floral Print Sleeveless Knee Length Dresses Ladies Loose Casual Spaghetti Strap Dress Plus Size,8,7,5000,1,3.99,219,117,42,23,15,22,"Summer,Plus Size,Floral print,Dress,Spaghetti Strap,Print,Women's Fashion,Fashion,summer dress,knee,Floral,sleeveless,Ladies,Spaghetti,Casual",purple,17,23,50,12309,4.045170201,4. Alto(10000),798,Roxo,3. Médio Impacto,None,0,FALSE,FALSE,FALSE,1,Standard Delivery,2. Barato,2. Normal,07. M,Vestido,"Algodão/Poliéster, Poliéster/Viscose, Poliéster, Poliéster/Elastano, Algodão/Viscose, Algodão",FALSE,CN,price_maior,-12,TRUE
1522,5e75a726fd65bb1d871a71cc,"LET IT BE Shirt, Finger Shirt, Colorful Shirt, Lip Shirt, Gift for Women, Graphic Tee Shirt, Summer Fashion Women Short Sleeve Shirt, Plus Size Top",8,11,1000,1,3.84,153,72,30,23,10,18,"Summer,Plus Size,Colorful,print shirt,Plus size top,short sleeves,Women's Fashion,Fashion,women t shirt,Casual T-Shirt,lipshirt,Sleeve,Shirt,fashion women,Shorts,#fashion #tshirt,Gifts,loose shirt,Tops,graphic tee,lip,Women",green,50,43,50,2992,4.260026738,3. Médio(1000),768,Verde,3. Médio Impacto,Scarcity,0,FALSE,FALSE,FALSE,1,Standard Delivery,2. Barato,2. Normal,06. P (S),"Camiseta, Camisa, Shorts, Top","Algodão/Poliéster, Algodão, Algodão/Viscose, Poliéster",TRUE,CN,retail_maior,38,TRUE
1524,5cb84b0ca94960380df13ca7,Women Summer Jumpsuits Summer Casual V Neck Loose Drawstring Waist One Piece Suits Short Sleeve Ladies Short Rompers,8,7,1000,0,3.5,558,204,110,99,49,96,"Summer,Women Rompers,looseblouse,summer shorts,short sleeves,Women's Fashion,jumsuitsforwomen,loosejumpsuit,One-Piece Suits,Necks,onepiece,Shorts,Waist,Sleeve,Pure Color,jumpsuit,Casual,Jumpsuits & Rompers,Ladies,Women,women Jumpsuit,tops for women",blue,4,139,50,8352,4.216954023,3. Médio(1000),700,Azul,3. Médio Impacto,None,0,FALSE,FALSE,FALSE,0,Standard Delivery,2. Barato,2. Normal,05. P (XS),"Blusa, Macacão, Camiseta, Shorts, Conjunto/Terno, Top","Poliéster/Viscose, Algodão/Poliéster, Viscose/Poliéster, Poliéster/Algodão, Algodão",FALSE,CN,price_maior,-12,FALSE
1525,5eb6c6c98dfb8862c52ae331,"Balloon filled children's toys: elastic ball, water ball, bubble ball, balloon filled, durable and soft, inflatable sports interactive balloon",2.69,3,1000,1,3.32,74,30,12,5,6,21,"water,Toy,Elastic,gasballoon,bubble,Durable,bubbleball,Rubber,Outdoor,interaction,Sport,Soft,Children,Inflatable,Balloon",blue,50,127,50,193,3.958549223,3. Médio(1000),664,Azul,3. Médio Impacto,None,0,FALSE,FALSE,FALSE,1,Standard Delivery,2. Barato,2. Normal,16. Outros Itens (Dimensões/Kits/Objetos),Não Especificado,"Elastano, Algodão",FALSE,CN,retail_maior,12,TRUE
1526,5dbcfa073bab3307315950fc,Women Summer Shoes Beach Sandals Rhinestone Crystal Sandals Slip on Flip Flops Rome Style Gladiator Sandals Plus Size 35-43,6,29,5000,0,3.71,615,309,86,60,55,105,"Summer,Flip Flops,Sandals,Women Sandals,Crystal,Beach,summer shoes,Rhinestone,bohemiansandal,sandals for women,Plus Size,slippers women,beachsandal,Beach slippers,Women's Fashion,Women,flat shoe,Shoes",gold,7,42,50,1998,4.069069069,4. Alto(10000),742,Laranja/Amarelo,3. Médio Impacto,None,0,FALSE,FALSE,FALSE,0,Standard Delivery,2. Barato,2. Normal,15. Calçados / Numerações,Não Especificado,"Algodão/Poliéster, Algodão",FALSE,CN,retail_maior,383,FALSE
1528,5ea16697e791c05f2a5d0c6a,Summer Women Crew Neck Short Sleeve Polka Dot Print Loose Oversized Dress(S-5XL),5.83,64,100,1,3.19,52,17,8,9,4,14,"Summer,Shorts,Necks,Sleeve,Swing dress,Dresses,polka dot,Polkas,short sleeves,womens clothes,ladies dress,Crewneck,Print,women dress,Short Sleeved,Women's Fashion,loose dress,Women",yellow,50,9,50,4943,4.118349181,2. Baixo(100),638,Laranja/Amarelo,3. Médio Impacto,None,0,FALSE,FALSE,FALSE,1,Standard Delivery,2. Barato,2. Normal,07. M,"Vestido, Camiseta, Shorts","Algodão/Poliéster, Viscose/Algodão, Poliéster, Algodão",FALSE,CN,retail_maior,998,TRUE
1530,5e9699a819be191f54278a18,New Women Fashion Plus Size Butterfly Print Swing Cami Top Summer V-neck Sleeveless Tops,11,10,1000,1,4.34,101,55,29,14,2,1,"topsforfemale,butterfly,irregualshirt,Plus Size,Tops & Blouses,Summer,Tops,tank top,cami top,Print,Women's Fashion,Fashion,V-neck,sexyblouseforwomen,sleeveless,Women,butterfliesprint,Women Fashion,sleeveless tops",purple,50,40,50,32715,4.165000764,3. Médio(1000),868,Roxo,3. Médio Impacto,None,1,FALSE,TRUE,FALSE,1,Standard Delivery,2. Barato,2. Normal,06. P (S),"Blusa, Camisete, Camisa, Top, Regata","Poliéster/Viscose, Algodão/Poliéster, Poliéster, Poliéster/Elastano, Algodão",FALSE,CN,price_maior,-9,TRUE
1532,5ed703113547ebad907edbc0,Summer Pro Team CUBE Cycling Jersey Short Set MTB Bike Clothing Ropa Ciclismo Bike Wear Men's Clothing Maillot Culotte,27,23,50,1,4.25,12,7,2,2,1,0,"Summer,Fashion,Cycling,pants,Shorts,maillot,Cycling Clothing,ciclismo,Uniforms,short sleeves,Bikes,ropa,Clothing,biking,Jerseys",black & blue,50,26,50,399,3.937343358,2. Baixo(100),850,Multicor/Estampado,3. Médio Impacto,None,0,FALSE,FALSE,FALSE,1,Standard Shipping,3. Médio,2. Normal,05. P (XS),"Calça, Camiseta, Shorts","Algodão/Poliéster, Algodão",FALSE,CN,price_maior,-15,TRUE
1533,5b7d0e51b79c8414c3ef8548,6 Color Plus Size Women's Sexy Lace Patchwork Scalloped Halter Lace Bralette Plus Size Lacy Bra Crop Top Halter Neck Bralettes,4,4,10,1,5,0,0,0,0,0,0,"Plus Size,Fashion,Lace,Halter,Fitness,Workout,tank top,Women's Fashion,Lingerie,sexy lace,halterlacebralette,sexy,strappy,Tops,Bras,Necks",black,50,58,50,6357,4.25420796,1. Micro(10),1000,Preto,4. Alto Impacto,Scarcity,0,FALSE,FALSE,FALSE,1,Standard Delivery,2. Barato,2. Normal,04. PP (XXS),"Sutiã, Regata, Top","Nilon/Elastano, Algodão/Poliéster, Renda, Poliéster/Elastano, Algodão",TRUE,CN,iguais,0,TRUE
1534,5919b96486a1694f4fbcfa12,Two Piece Outfits Totem Print Women Sexy Backless Off Shoulder Boho Crop Tops and Split Long Skirt,16,14,10000,0,3.74,3079,1311,663,461,291,353,"long skirt,crop top,skirtsuit,Tops,Print,Women's Fashion,totemprint,Two piece set,boho,sexyoutfit,twopieceoutfit,backless,cotton crop top,Summer Fashion,sexy,Women,Skirts,splits",multicolor,50,46,50,78616,4.310432991,4. Alto(10000),748,Multicor/Estampado,4. Alto Impacto,Scarcity,0,FALSE,FALSE,FALSE,0,Standard Delivery,2. Barato,2. Normal,06. P (S),Top,"Poliéster/Elastano, Algodão, Algodão/Poliéster, Poliéster",TRUE,CN,price_maior,-12,FALSE
1535,572981a997dc5f5d3c5f0651,Womens Summer Blouse Sexy Floral Shirt Loose Kimono Cardigan Casual Jacket Tops,11,18,20000,1,4.14,5759,3125,1205,838,305,286,"blouse,Summer,Fashion,Tops,kimono,Casual,Jacket,cardigan,Floral,sexy,summer tops",pink,50,46,50,320031,4.218866297,5. Muito Alto(20000),828,Rosa,3. Médio Impacto,Scarcity,0,FALSE,FALSE,FALSE,1,Standard Delivery,2. Barato,2. Normal,06. P (S),"Blusa, Cardigan, Quimono, Top","Poliéster/Viscose, Algodão/Poliéster, Viscose/Poliéster, Poliéster/Elastano, Algodão",TRUE,CN,retail_maior,64,TRUE
1536,59115cdde048527c7195b49f,2017 Women Ladies Summer Dress Sleeveless Casual Sexy Floral Print Beach Dress Fashion Spaghetti Strap Mini Short Dress,8,30,20000,0,3.61,5756,2107,1226,1189,553,681,"Summer,Fashion,Cocktail,Mini,Dress,Mini dress,Ladies,Women's Fashion,Party Dress,Floral,sexy,Spaghetti,Casual,Women,Shorts,Floral print,short dress,summer dress,beach dress,Print,sleeveless,Beach",white,50,42,50,73701,4.105127475,5. Muito Alto(20000),722,Branco,1. Baixo Impacto,None,0,FALSE,FALSE,FALSE,0,Standard Delivery,2. Barato,2. Normal,06. P (S),"Vestido, Shorts","Algodão/Poliéster, Algodão/Viscose, Poliéster/Viscose, Poliéster/Elastano, Poliéster, Algodão",FALSE,CN,retail_maior,275,FALSE
1538,5c3befd857ceb9569c5dbb8d,Plus Size XS-7XL Summer Women Fashion Round Neck Sleeveless Tank Dress Casual Solid Color Pleated Pockets Beach Dress Loose Swing T Shirt Dress Mini Dress,11,12,10000,0,3.96,666,360,100,91,47,68,"Summer,Plus Size,Mini,plus size dress,Dress,Mini dress,beach dress,Party Dress,sleeveless,Casual,casual dress,Tank,Shirt,tankdres,Beach,Necks,Women's Fashion,Round neck,Cotton Dress,Sleeveless dress,women dress,Women,Fashion,loose dress,Pleated",grey,50,23,50,9325,4.122466488,4. Alto(10000),792,Cinzento,2. Baixo a Médio Impacto,None,0,FALSE,FALSE,FALSE,0,Standard Delivery,2. Barato,2. Normal,06. P (S),"Vestido, Camisa","Algodão/Poliéster, Algodão/Viscose, Algodão, Viscose/Algodão, Poliéster/Elastano, Poliéster",FALSE,CN,retail_maior,9,FALSE
1539,5ad96a001c6def05447630a0,Fashion Back Lace Up Flower Print Tops Shorts Off Shoulder Loose Pleated Halter Two Piece Set,9,8,1000,1,3.72,489,204,100,84,44,57,"Shorts,Lace,Halter,Pleated,Loose,Backs,Outfits,Fashion,Lace Up,Flowers,Suits,Print,off shoulder,Tops,Women",white,5,38,50,40245,3.997589763,3. Médio(1000),744,Branco,1. Baixo Impacto,Scarcity,0,FALSE,FALSE,FALSE,1,Standard Delivery,2. Barato,2. Normal,04. PP (XXS),"Shorts, Conjunto/Terno, Top","Algodão/Poliéster, Renda, Poliéster/Elastano, Poliéster, Poliéster/Algodão, Algodão",TRUE,CN,price_maior,-11,TRUE
1540,5cb48928caedb76788c56141,Women Pleated Polka Dot Short Sleeve Dresses Loose Swing Casual Beach Dress,12,11,1000,0,3.94,841,418,166,119,63,75,"Swing dress,fashion women,short sleeve dress,Sleeve,women casual dress,Beach,Pleated,Polkas,short sleeves,Shorts,Casual,beach dress,womens dresses,polka dot dress,polka dot,Dress,women dress,Women,Women's Fashion,loose dress,casual dress",black,50,17,50,5264,4.032864742,3. Médio(1000),788,Preto,4. Alto Impacto,None,0,FALSE,FALSE,FALSE,0,Standard Delivery,2. Barato,2. Normal,06. P (S),"Vestido, Camiseta, Shorts","Algodão/Poliéster, Algodão/Viscose, Viscose/Algodão, Poliéster, Algodão",FALSE,CN,price_maior,-8,FALSE
1542,5e7d7a3e796e353360f42fc7,New Summer Sexy Women Short Sleeve T-shirt Top Sportwear Shorts Pants Tacksuit Outfit Clothes Sets Jumpsuit Summer,7,84,100,1,3.7,46,18,7,13,5,3,"Summer,Shorts,Sleeve,Hollow-out,pants,sportsset,short sleeves,Outfits,T Shirts,Fashion,Clothes,Suits,tacksuit,sexy,jumpsuit,Women's Fashion,Tops,Women",grey,27,38,50,263,3.779467681,2. Baixo(100),740,Cinzento,2. Baixo a Médio Impacto,None,0,FALSE,FALSE,FALSE,1,Standard Delivery,2. Barato,2. Normal,05. P (XS),"Macacão, Calça, Camisa, Camiseta, Shorts, Conjunto/Terno, Top","Algodão/Poliéster, Poliéster/Elastano, Poliéster/Algodão, Algodão",FALSE,CN,retail_maior,1100,TRUE
1543,5ce253c2bffaf674088e8ff3,Sling Dress Women's Lace-up Printed Dress Summer Small Fresh Dress,8,7,1000,0,3.97,200,102,35,35,11,17,"Summer,summer dress,Dresses,Dress,Loose,Mini dress,Women's Fashion,Sleeveless dress,printed,Plus Size,women dress,casual dress",navyblue,50,14,50,5175,3.870917874,3. Médio(1000),794,Azul,3. Médio Impacto,None,0,FALSE,FALSE,FALSE,0,Standard Delivery,2. Barato,2. Normal,06. P (S),Vestido,"Algodão/Poliéster, Algodão/Viscose, Poliéster/Elastano, Poliéster, Algodão",FALSE,CN,price_maior,-12,FALSE
1546,5c6ccaed29eb172d628bb404,"Summer Fashion  Cute "" Dog  Mom "" Letter Printed Tee Tops  Dog Lover Shirt Women Casual Short Sleeve Paw Print Funny Shirt Happy Shirt for Doggie Mama",9,8,5000,0,4.28,1120,698,205,108,47,62,"Summer,Fashion,cute,teeshirthomme,summer t-shirts,doglovershirt,funnyshirt,short sleeves,Women's Fashion,printed,Casual,Women Fashion,Women,Funny,Shorts,Shirt,Sleeve,Pets,Doggie,Tops,Dogs,letterprinted,Round neck,T-Shirt womens,pawprinttshirt,Print",black,50,39,50,24564,3.928879661,4. Alto(10000),856,Preto,4. Alto Impacto,None,1,FALSE,TRUE,FALSE,0,Standard Delivery,2. Barato,2. Normal,06. P (S),"Camisa, Camiseta, Shorts, Top","Algodão/Poliéster, Poliéster, Algodão",FALSE,CN,price_maior,-11,FALSE
1547,5e609362ecbd0cb7bd4314da,Women Summer Elegant Floral Print Sleeveless Deep V Neck Casual Print Jumpsuit Summer Romper Women Jumpsuit,8,7,1000,0,3.4,62,24,11,7,6,14,"Summer,Plus Size,Floral print,summerjumpsuit,Rompers,Women,Necks,Casual,Elegant,Women's Fashion,offshoulderjumpsuit,sleevelessjumpsuit,Print,sleeveless,printjumpsuit,women Jumpsuit,Causal,Floral,jumpsuit",yellow,50,14,50,738,3.829268293,3. Médio(1000),680,Laranja/Amarelo,3. Médio Impacto,None,0,FALSE,FALSE,FALSE,0,Standard Delivery,2. Barato,2. Normal,05. P (XS),Macacão,"Algodão/Poliéster, Poliéster/Viscose, Poliéster, Algodão",FALSE,CN,price_maior,-12,FALSE
1549,5840d0503d6ce66bf4ff84e0,Oversize Women Summer Evening Cocktail Party Beach Long Maxi Dress BOHO,12,87,10000,0,4.11,2404,1324,488,294,122,176,"Summer,Cocktail,sundress,long dress,baggydres,Dress,beach wear,strap,boho,Women's Fashion,Maxis,party,sexy,Beach,Casual,Women",white,15,40,50,90105,4.201298485,4. Alto(10000),822,Branco,1. Baixo Impacto,None,0,FALSE,FALSE,FALSE,0,Standard Delivery,2. Barato,2. Normal,07. M,"Moda Praia, Vestido","Algodão/Poliéster, Nilon/Elastano, Viscose/Poliéster, Poliéster, Poliéster/Elastano, Algodão",FALSE,CN,retail_maior,625,FALSE
1550,5959ed562c2ebe2e03d228f5,Women Spaghetti Strap Peony Flower Short Jumpsuit Summer Beach Playsuit Crop Top Set,13,72,1000,0,3.99,326,161,71,51,17,26,"Summer,Vest,roseprint,Fashion,Spaghetti,Tops,Overalls,Women's Fashion,Jumpsuits & Rompers,Shorts,Flowers,sexy,sleeveless,jumpsuit,Beach,Women",black,50,48,50,1370,4.420437956,3. Médio(1000),798,Preto,4. Alto Impacto,None,0,FALSE,FALSE,FALSE,0,Standard Delivery,2. Barato,2. Normal,06. P (S),"Macacão, Jardineira/Macacão, Shorts, Conjunto/Terno, Top","Algodão/Poliéster, Denim, Poliéster, Poliéster/Elastano, Poliéster/Algodão, Algodão",FALSE,CN,retail_maior,454,FALSE
1551,5c41a80f3db9c507d63e3e52,8 Colors Women's Off The Shoulder Crop Tops Casual Strapless Bra Tank Vests AOM,3,3,5000,0,3.2,1166,334,211,233,131,257,"Vest,Fashion,Yoga,tubecroptop,womenstraplessbra,Tops,strapless,yogavest,Tee,Women's Fashion,Tank,fashion top,Casual,Bras",white,50,32,50,13884,4.222846442,4. Alto(10000),640,Branco,1. Baixo Impacto,None,1,TRUE,FALSE,FALSE,0,Standard Delivery,2. Barato,2. Normal,06. P (S),"Sutiã, Top","Nilon/Elastano, Algodão/Poliéster, Poliéster/Elastano, Algodão",FALSE,CN,iguais,0,FALSE
1553,5cbdc84c85bdb02f695eae8c,Women Loose Casual Pure Color Off Shoulder Summer T-shirts Blouses,5,5,5000,0,3.2,1185,360,190,231,137,267,"blouse,Summer,Pure Color,Loose,beach wear,short sleeves,T Shirts,off shoulder,solid color,Women's Fashion,Casual,Women",green,10,48,50,32168,3.884543646,4. Alto(10000),640,Verde,3. Médio Impacto,None,0,FALSE,FALSE,FALSE,0,Standard Delivery,2. Barato,2. Normal,06. P (S),"Moda Praia, Blusa, Camisa, Camiseta","Algodão/Poliéster, Nilon/Elastano, Poliéster/Viscose, Poliéster/Elastano, Algodão",FALSE,CN,iguais,0,FALSE
1555,5d66eb53d2bde654e2b948de,Plus Size Ladies Short Sleeve Summer Loose Denim Midi Dress Women Jeans Dresses,12,11,5000,0,3.68,781,301,173,148,72,87,"Summer,Lines,Plus Size,Sleeve,Dress,Denim,summer dress,denimjeansdres,short sleeves,casual dresses,Ladies,Women's Fashion,Shorts,minishirtdres,Jeans,mididre,Women",blue,50,139,50,779,3.776636714,4. Alto(10000),736,Azul,3. Médio Impacto,None,0,FALSE,FALSE,FALSE,0,Standard Delivery,2. Barato,2. Normal,07. M,"Vestido, Jeans, Camisa, Camiseta, Shorts","Algodão/Poliéster, Algodão/Viscose, Denim, Algodão",FALSE,CN,price_maior,-8,FALSE
1556,5ec62572edb716031c1256f3,NEW Women's Fashion Summer Casual Loose Short Sleeve Lace T-Shirt Round Neck Plus Size Blouse 10 colors,8,7,50,0,4,8,4,2,1,0,1,"blouse,Summer,Plus Size,Lace,Sleeve,sleeve lace,Necks,short sleeves,Casual,Round neck,Women's Fashion,Shorts,Casual Tops,short sleeve shirt,Fashion,summer tops,T Shirts,Cotton T Shirt",pink,50,36,50,2283,4.127901883,2. Baixo(100),800,Rosa,3. Médio Impacto,None,0,FALSE,FALSE,FALSE,0,Standard Delivery,2. Barato,2. Normal,05. P (XS),"Blusa, Top, Camiseta, Camisa, Shorts","Poliéster/Viscose, Algodão/Poliéster, Algodão, Renda",FALSE,CN,price_maior,-12,FALSE
1557,5cb1abbb53de5b5d80d22e2e,"Summer Beach Safety Shorts Lady Leggings Pants Lace Seamless Fashion Women(3 Colors,S-6XL)",7,6,1000,1,3.98,129,64,21,28,9,7,"undersafetypant,Summer,Underwear,Panties,high waist,boxer shorts,pants,Body Shapers,Leggings,Shorts,Knickers,Boxer,Seamless,Beach,safetypant,Fashion,Lace",white,50,27,50,794,4.277078086,3. Médio(1000),796,Branco,1. Baixo Impacto,None,1,TRUE,FALSE,FALSE,1,Standard Delivery,2. Barato,2. Normal,05. P (XS),"Calça, Shorts","Algodão/Poliéster, Renda, Algodão",FALSE,CN,price_maior,-14,TRUE
1558,56f0dab6277db57b2a18e14e,HODMEXI™ New Fashion Summer Womens Sexy Party Dresses Plus Size Women Casual Dress,9,76,20000,0,3.55,7088,2635,1394,1315,715,1029,"Summer,Plus Size,club dresses,Dress,summer dress,Casual,patydresse,Women's Fashion,Women Clothing,Midi Dress,Women,party,sexy,black dress,plus size dresses,Fashion,green dress,casual dress",green,50,36,50,51369,3.9682688,5. Muito Alto(20000),710,Verde,3. Médio Impacto,None,0,FALSE,FALSE,FALSE,0,Standard Delivery,2. Barato,2. Normal,06. P (S),Vestido,"Algodão/Poliéster, Algodão/Viscose, Poliéster, Poliéster/Elastano, Algodão",FALSE,CN,retail_maior,744,FALSE
1559,5a6ac97e5983516f0f0dbf85,Summer Fashion Women's Jumpsuit Floral Print Sleeveless 5 Colors Romper,13,11,10000,0,4.12,2901,1573,606,399,135,188,"Summer,trousers,Floral print,Fashion,Print,Long pants,Women Clothing,Floral,sleeveless,sexy jumpsuit,Jumpers,Clothing,Rompers,jumpsuit",black,50,36,50,14502,4.147841677,4. Alto(10000),824,Preto,4. Alto Impacto,Scarcity,0,FALSE,FALSE,FALSE,0,Standard Delivery,2. Barato,2. Normal,07. M,"Macacão, Calça","Algodão/Poliéster, Poliéster/Viscose, Poliéster, Poliéster/Elastano, Algodão",TRUE,CN,price_maior,-15,FALSE
1561,5ccea5c767c5606e6f8022b1,Women Summer Shirts Plus V Neck Sleeveless Top Solid Cami Top Double Layer Front Tank Top,7,25,5000,0,3.5,774,258,176,147,81,112,"shirtsforwomen,Summer,Fashion,Tops & Blouses,Shirt,solid,Tops,Chiffon Shirt,tank top,cami top,Necks,Women's Fashion,sleeveless tops,women tank top,Tank,plussizeclothe,summer tops,sleeveless,Women",burgundy,2,27,50,11680,4.192893836,4. Alto(10000),700,Vermelho,4. Alto Impacto,None,0,FALSE,FALSE,FALSE,0,Standard Delivery,2. Barato,2. Normal,06. P (S),"Blusa, Camisete, Camisa, Top, Regata","Poliéster/Viscose, Algodão/Poliéster, Poliéster, Algodão",FALSE,CN,retail_maior,257,FALSE
1562,5e60eee21ed938ec8c3da0af,Plus Size New Summer Women's Fashion V-neck Printing Sleeveless Tunic Tops Vest Tank Tops(XS-7XL),3.87,4,1000,1,3.68,62,28,11,7,7,9,"Summer,Plus Size,tunic,Tops,blousetop,Casual,Women's Fashion,Printing,tank top,sleeveless,V-neck,Tank,Fashion,plusszie",green,1,40,50,265,3.626415094,3. Médio(1000),736,Verde,3. Médio Impacto,Scarcity,0,FALSE,FALSE,FALSE,1,Standard Delivery,2. Barato,2. Normal,05. P (XS),"Blusa, Regata, Top, Túnica","Poliéster/Viscose, Algodão/Poliéster, Poliéster, Algodão, Algodão/Viscose",TRUE,CN,retail_maior,3,TRUE
1564,5da04c1f5949a226113006f1,ZANZEA Women Summer Polka Dot Kaftan Beach Club Party Long Maxi Dress HOT Long Dress ,15,92,100,0,3.51,74,26,15,15,7,11,"Summer,loosedresse,kaftan,long dress,baggydres,Dress,Polkas,robesforwomen,Women's Fashion,34sleevedres,party,roundneckdres,vestido,maxi dress,Beach,polka dot,Women",red,50,38,50,151914,4.127921061,2. Baixo(100),702,Vermelho,4. Alto Impacto,None,0,FALSE,FALSE,FALSE,0,Standard Shipping,2. Barato,2. Normal,08. G (L),"Vestido, Robe","Algodão/Poliéster, Viscose/Poliéster, Poliéster, Poliéster/Algodão, Algodão",FALSE,CN,retail_maior,513,FALSE
1565,5b4ed29514f0765a8a844592,2018 Women fashion Summer Lace Patchwork Tank Tops Casual Sleeveless Tops Vest Blouse (S-5XL) Plus Size,5.91,5,1000,0,3.38,414,156,58,72,45,83,"blouse,Summer,Vest,Fashion,Women Blouse,sleevelessblouse,summer shirt,Loose,tank top,Casual,summerblouse,Women's Fashion,sleeveless tops,women top,casualblouse,Women",White,50,36,50,12134,3.866902917,3. Médio(1000),676,Branco,1. Baixo Impacto,Scarcity,0,FALSE,FALSE,FALSE,0,Standard Delivery,2. Barato,2. Normal,06. P (S),"Blusa, Camisa, Top, Regata","Poliéster/Viscose, Algodão/Poliéster, Algodão",TRUE,CN,price_maior,-15,FALSE
1566,5e8f0165e815903d022a3c7c,New Summer Fashion Trousers Women Leggings Ripped Pants Slim Pants Army Green Tights Pants,3,8,100,1,3.79,57,25,10,13,3,6,"Summer,Leggings,Fashion,high waist,pants,slim,Women's Fashion,trousers,Green,Army,Women",skyblue,1,41,50,4080,3.987990196,2. Baixo(100),758,Azul,3. Médio Impacto,Scarcity,0,FALSE,FALSE,FALSE,1,Standard Delivery,2. Barato,2. Normal,05. P (XS),Calça,"Algodão/Poliéster, Algodão/Elastano, Algodão",TRUE,CN,retail_maior,167,TRUE
1568,5c91a7ae7cfe8e4e64c36d97,Sleeveless Solid Color Women Jumpsuit Ladies Slim Short Bodycon Rompers Women Bodysuit,8,7,20000,1,4.25,3127,1919,580,304,128,196,"bodycon jumpsuits,nightwear,Shorts,slim,Body Suit,shortjumpsuit,Women,vestido,Ladies,sleeveless,sexy,Rompers,Casual,jumpsuit",black,50,44,50,16803,4.15503184,5. Muito Alto(20000),850,Preto,4. Alto Impacto,None,1,FALSE,TRUE,FALSE,1,Standard Delivery,2. Barato,2. Normal,07. M,"Macacão, Shorts, Conjunto/Terno","Algodão/Poliéster, Poliéster/Elastano, Algodão/Elastano, Poliéster/Algodão, Algodão",FALSE,CN,price_maior,-12,TRUE
1569,5d5fadc99febd9356cbc52ee,New Fashion Women Bohemia Dandelion Print Tee Shirt Lady Girl Short Sleeve T-shirt Boho Graphic Tee Casual Yoga Top Plus Size,6,9,10000,1,4.08,1367,722,293,185,77,90,"bohemia,Plus Size,dandelionfloralprinted,short sleeves,yoga top,bohotshirt,Cool T-Shirts,Women's Fashion,Fashion,short sleeve shirt,Casual,Women,Shorts,Yoga,Shirt,Sleeve,graphic tee,Tee Shirt,T Shirts,boho,bohoshirt,Print,Casual Tops,Tops",navyblue,50,41,50,5316,4.224604966,4. Alto(10000),816,Azul,3. Médio Impacto,None,0,FALSE,FALSE,FALSE,1,Standard Delivery,2. Barato,2. Normal,06. P (S),"Top, Camiseta, Camisa, Shorts","Algodão/Poliéster, Algodão, Poliéster/Viscose, Poliéster, Nilon/Elastano",FALSE,CN,retail_maior,50,TRUE
1571,5e74be96034d613d42b52dfe,New Men Siwmwear Beach-Shorts Men Summer Quick-Dry Short Swim-Shorts Beach-Wear Sports,5,19,100,0,3.71,59,24,15,8,3,9,"runningshort,Beach Shorts,beachpant,menbeachshort,Men,sailboatshort,beach swimwear,Men's Fashion,Shorts,Summer,men's shorts,Sport",white,15,11,50,210,3.961904762,2. Baixo(100),742,Branco,1. Baixo Impacto,None,0,FALSE,FALSE,FALSE,0,Standard Delivery,2. Barato,2. Normal,06. P (S),"Shorts, Moda Praia","Algodão/Poliéster, Nilon/Elastano, Algodão",FALSE,CN,retail_maior,280,FALSE
1573,5e857321f53c3d2d8f25e7ed,Fashion Women Yoga Pants Slim Fit Fitness Running Leggings,7,6,100,1,4.07,14,8,3,1,0,2,"Summer,Leggings,slim,Yoga,pants,Slim Fit,Women's Fashion,Running,Fashion,Sport,Fitness,Women",red,50,41,50,7023,4.235939057,2. Baixo(100),814,Vermelho,4. Alto Impacto,None,0,FALSE,FALSE,FALSE,1,Standard Delivery,2. Barato,2. Normal,06. P (S),Calça,"Algodão/Poliéster, Algodão/Elastano, Algodão, Nilon/Elastano",FALSE,CN,price_maior,-14,TRUE